,PseudoTime0,PseudoTime1,PseudoTime2
E86_6_648,6.648,,
E95_2_323,,,2.323
E66_4_646,,,4.646
E71_2_003,,2.003,
E63_1_362,,,1.362
E117_7_61,,7.61,
E70_4_966,4.966,,
E5_5_847,5.847,,
E110_1_602,,1.602,
E122_6_168,,,6.168
E0_0_961,,0.961,
E88_2_723,2.723,,
E71_4_486,,4.486,
E107_0_16,,0.16,
E58_2_643,,,2.643
E93_5_847,5.847,,
E133_2_563,,2.563,
E110_3_765,,3.765,
E49_1_522,1.522,,
E42_3_685,,,3.685
E11_6_088,,6.088,
E22_6_568,,,6.568
E98_6_728,,,6.728
E29_0_801,,,0.801
E129_4_325,,,4.325
E106_1_922,1.922,,
E147_4_245,,,4.245
E47_0_0,,,0.0
E6_4_726,,,4.726
E105_0_961,0.961,,
E13_0_0,,,0.0
E133_6_969,,6.969,
E17_0_08,,0.08,
E70_6_088,6.088,,
E44_5_607,5.607,,
E75_1_762,1.762,,
E31_1_282,,1.282,
E101_4_646,,4.646,
E87_1_682,1.682,,
E56_0_16,,,0.16
E104_7_129,,7.129,
E7_5_687,5.687,,
E139_2_723,,,2.723
E29_7_85,,,7.85
E100_3_685,,3.685,
E106_6_969,6.969,,
E71_1_762,,1.762,
E66_7_77,,,7.77
E96_0_801,0.801,,
E0_0_561,,0.561,
E45_0_721,,0.721,
E76_2_243,2.243,,
E45_5_927,,5.927,
E111_0_0,0.0,,
E110_5_607,,5.607,
E117_5_847,,5.847,
E51_2_804,,2.804,
E75_0_561,0.561,,
E111_3_925,3.925,,
E144_3_364,3.364,,
E1_6_889,,,6.889
E147_3_605,,,3.605
E73_3_845,,3.845,
E113_3_284,,,3.284
E123_0_881,,0.881,
E148_7_129,,7.129,
E85_1_282,,1.282,
E66_2_163,,,2.163
E26_4_726,4.726,,
E110_4_245,,4.245,
E83_4_486,,,4.486
E49_2_964,2.964,,
E65_7_129,7.129,,
E101_7_289,,7.289,
E103_6_088,,6.088,
E130_7_289,,7.289,
E3_1_762,,1.762,
E140_5_607,,,5.607
E58_5_207,,,5.207
E126_0_401,,0.401,
E13_5_687,,,5.687
E147_7_93,,,7.93
E60_7_77,,7.77,
E5_3_845,3.845,,
E124_2_643,2.643,,
E115_0_561,,0.561,
E1_7_529,,,7.529
E95_7_049,,,7.049
E147_0_481,,,0.481
E31_3_124,,3.124,
E126_4_646,,4.646,
E37_6_809,6.809,,
E136_4_085,,,4.085
E12_2_804,2.804,,
E12_2_243,2.243,,
E63_4_406,,,4.406
E104_1_762,,1.762,
E13_0_721,,,0.721
E9_1_121,,1.121,
E3_1_202,,1.202,
E111_7_529,7.529,,
E134_7_77,7.77,,
E31_5_847,,5.847,
E88_4_486,4.486,,
E107_6_488,,6.488,
E103_2_563,,2.563,
E11_2_483,,2.483,
E11_1_041,,1.041,
E86_2_563,2.563,,
E110_0_961,,0.961,
E143_4_245,,,4.245
E10_3_925,,,3.925
E128_4_005,,4.005,
E136_0_32,,,0.32
E46_7_93,,,7.93
E68_7_289,,,7.289
E88_1_202,1.202,,
E20_3_044,,,3.044
E31_6_248,,6.248,
E42_6_088,,,6.088
E134_3_845,3.845,,
E125_1_362,1.362,,
E62_5_287,,5.287,
E62_7_85,,7.85,
E77_7_369,7.369,,
E113_3_364,,,3.364
E13_1_442,,,1.442
E98_3_204,,,3.204
E73_0_721,,0.721,
E139_1_922,,,1.922
E6_6_648,,,6.648
E77_7_85,7.85,,
E17_6_568,,6.568,
E17_1_121,,1.121,
E89_5_447,5.447,,
E126_6_008,,6.008,
E123_1_041,,1.041,
E45_4_646,,4.646,
E46_5_367,,,5.367
E1_7_69,,,7.69
E100_6_088,,6.088,
E106_5_847,5.847,,
E96_7_369,7.369,,
E133_2_323,,2.323,
E110_3_524,,3.524,
E145_6_408,,,6.408
E66_5_287,,,5.287
E18_3_605,3.605,,
E129_2_964,,,2.964
E12_2_003,2.003,,
E21_5_527,5.527,,
E85_1_522,,1.522,
E13_7_69,,,7.69
E16_7_369,7.369,,
E95_7_77,,,7.77
E85_1_682,,1.682,
E76_7_77,7.77,,
E129_3_845,,,3.845
E134_3_204,3.204,,
E15_2_643,,2.643,
E124_4_486,4.486,,
E16_7_61,7.61,,
E121_3_284,,,3.284
E102_4_806,,,4.806
E102_1_602,,,1.602
E5_2_403,2.403,,
E111_7_85,7.85,,
E74_3_605,,3.605,
E6_1_442,,,1.442
E85_7_369,,7.369,
E93_7_69,7.69,,
E67_3_364,,3.364,
E12_2_403,2.403,,
E29_2_964,,,2.964
E117_7_85,,7.85,
E77_5_527,5.527,,
E66_2_723,,,2.723
E40_0_641,0.641,,
E47_4_806,,,4.806
E100_6_728,,6.728,
E35_6_488,,6.488,
E62_1_522,,1.522,
E96_0_16,0.16,,
E14_6_728,,,6.728
E74_5_767,,5.767,
E70_5_287,5.287,,
E78_1_442,,,1.442
E33_7_69,,7.69,
E100_2_243,,2.243,
E101_7_69,,7.69,
E70_0_881,0.881,,
E3_6_328,,6.328,
E0_3_444,,3.444,
E134_4_165,4.165,,
E2_5_687,5.687,,
E33_6_809,,6.809,
E134_1_362,1.362,,
E31_5_687,,5.687,
E87_6_408,6.408,,
E144_4_886,4.886,,
E17_6_488,,6.488,
E31_2_323,,2.323,
E142_0_08,,,0.08
E88_3_685,3.685,,
E18_3_765,3.765,,
E139_3_845,,,3.845
E74_2_884,,2.884,
E99_3_044,,,3.044
E68_6_408,,,6.408
E12_5_046,5.046,,
E87_2_563,2.563,,
E144_3_685,3.685,,
E113_6_488,,,6.488
E143_7_85,,,7.85
E87_4_486,4.486,,
E88_6_809,6.809,,
E14_5_046,,,5.046
E51_7_209,,7.209,
E74_7_85,,7.85,
E58_1_762,,,1.762
E46_1_362,,,1.362
E64_0_401,0.401,,
E49_1_442,1.442,,
E3_2_003,,2.003,
E142_7_369,,,7.369
E66_2_643,,,2.643
E111_1_522,1.522,,
E94_2_723,,2.723,
E79_1_922,1.922,,
E134_2_723,2.723,,
E103_1_522,,1.522,
E13_6_809,,,6.809
E107_2_964,,2.964,
E35_7_449,,7.449,
E113_4_806,,,4.806
E110_7_93,,7.93,
E148_4_085,,4.085,
E18_3_685,3.685,,
E125_4_325,4.325,,
E148_3_685,,3.685,
E53_4_646,,4.646,
E145_1_442,,,1.442
E129_3_605,,,3.605
E78_6_568,,,6.568
E67_3_124,,3.124,
E4_4_886,,,4.886
E7_7_77,7.77,,
E145_1_842,,,1.842
E33_4_245,,4.245,
E28_4_005,,4.005,
E100_7_049,,7.049,
E133_3_444,,3.444,
E44_3_204,3.204,,
E42_7_209,,,7.209
E81_5_046,5.046,,
E33_4_966,,4.966,
E62_3_044,,3.044,
E26_6_728,6.728,,
E56_2_003,,,2.003
E84_0_16,,,0.16
E144_0_721,0.721,,
E113_2_083,,,2.083
E95_0_32,,,0.32
E74_1_282,,1.282,
E111_3_204,3.204,,
E104_6_809,,6.809,
E60_6_408,,6.408,
E126_1_602,,1.602,
E102_7_209,,,7.209
E4_5_527,,,5.527
E26_3_364,3.364,,
E3_2_163,,2.163,
E11_7_449,,7.449,
E107_2_884,,2.884,
E29_6_168,,,6.168
E128_1_442,,1.442,
E143_6_648,,,6.648
E145_0_961,,,0.961
E3_4_806,,4.806,
E113_3_044,,,3.044
E123_6_008,,6.008,
E134_3_685,3.685,,
E56_1_121,,,1.121
E52_0_801,,,0.801
E58_6_088,,,6.088
E31_0_16,,0.16,
E95_4_245,,,4.245
E5_5_607,5.607,,
E140_3_284,,,3.284
E139_6_728,,,6.728
E68_6_248,,,6.248
E83_4_005,,,4.005
E147_1_522,,,1.522
E106_0_16,0.16,,
E35_0_881,,0.881,
E34_4_406,4.406,,
E42_2_163,,,2.163
E145_2_163,,,2.163
E35_1_522,,1.522,
E118_6_088,6.088,,
E42_0_721,,,0.721
E4_0_481,,,0.481
E70_0_721,0.721,,
E2_2_643,2.643,,
E64_6_728,6.728,,
E40_6_088,6.088,,
E95_6_328,,,6.328
E117_0_721,,0.721,
E118_2_723,2.723,,
E111_5_447,5.447,,
E114_4_005,4.005,,
E5_7_209,7.209,,
E86_3_364,3.364,,
E124_1_282,1.282,,
E105_1_922,1.922,,
E71_5_847,,5.847,
E79_6_088,6.088,,
E7_0_0,0.0,,
E94_1_682,,1.682,
E53_2_884,,2.884,
E35_5_207,,5.207,
E107_3_204,,3.204,
E62_0_561,,0.561,
E75_0_0,0.0,,
E12_5_287,5.287,,
E79_1_362,1.362,,
E73_3_524,,3.524,
E28_7_049,,7.049,
E95_3_845,,,3.845
E145_2_003,,,2.003
E45_1_842,,1.842,
E143_6_728,,,6.728
E121_5_447,,,5.447
E136_4_486,,,4.486
E123_1_522,,1.522,
E102_4_726,,,4.726
E140_2_483,,,2.483
E101_3_284,,3.284,
E102_7_61,,,7.61
E42_4_406,,,4.406
E126_5_687,,5.687,
E92_1_362,,,1.362
E133_5_607,,5.607,
E17_5_527,,5.527,
E5_5_126,5.126,,
E93_2_403,2.403,,
E79_3_284,3.284,,
E117_5_126,,5.126,
E102_5_126,,,5.126
E53_7_85,,7.85,
E53_0_961,,0.961,
E60_0_801,,0.801,
E80_3_044,,3.044,
E29_3_685,,,3.685
E3_7_049,,7.049,
E93_0_721,0.721,,
E68_4_486,,,4.486
E66_3_444,,,3.444
E52_6_488,,,6.488
E49_3_765,3.765,,
E46_3_204,,,3.204
E42_2_003,,,2.003
E2_0_961,0.961,,
E26_6_168,6.168,,
E39_2_323,,2.323,
E37_2_884,2.884,,
E83_6_568,,,6.568
E133_7_529,,7.529,
E73_1_522,,1.522,
E96_6_088,6.088,,
E16_0_481,0.481,,
E94_6_728,,6.728,
E85_3_685,,3.685,
E45_3_524,,3.524,
E17_7_449,,7.449,
E10_0_24,,,0.24
E56_0_0,,,0.0
E7_4_566,4.566,,
E142_6_568,,,6.568
E0_0_401,,0.401,
E111_1_842,1.842,,
E17_3_444,,3.444,
E143_0_0,,,0.0
E75_6_728,6.728,,
E35_3_765,,3.765,
E71_4_406,,4.406,
E51_4_325,,4.325,
E143_1_041,,,1.041
E78_2_723,,,2.723
E56_6_248,,,6.248
E52_1_282,,,1.282
E68_2_643,,,2.643
E134_4_566,4.566,,
E148_7_93,,7.93,
E65_6_248,6.248,,
E78_6_088,,,6.088
E125_3_925,3.925,,
E104_6_328,,6.328,
E2_4_966,4.966,,
E28_5_847,,5.847,
E117_0_801,,0.801,
E31_2_884,,2.884,
E103_1_121,,1.121,
E128_0_961,,0.961,
E14_0_401,,,0.401
E84_7_129,,,7.129
E122_1_762,,,1.762
E76_1_362,1.362,,
E74_0_641,,0.641,
E66_6_648,,,6.648
E68_0_961,,,0.961
E98_1_682,,,1.682
E83_2_243,,,2.243
E66_4_165,,,4.165
E60_6_088,,6.088,
E85_6_408,,6.408,
E96_2_163,2.163,,
E113_4_966,,,4.966
E12_5_126,5.126,,
E106_5_527,5.527,,
E111_0_32,0.32,,
E17_5_447,,5.447,
E45_5_687,,5.687,
E11_1_362,,1.362,
E104_4_726,,4.726,
E58_3_284,,,3.284
E54_2_723,2.723,,
E33_7_529,,7.529,
E4_6_568,,,6.568
E63_3_124,,,3.124
E101_2_163,,2.163,
E118_7_049,7.049,,
E83_3_044,,,3.044
E147_7_129,,,7.129
E96_2_884,2.884,,
E56_2_483,,,2.483
E95_7_85,,,7.85
E52_2_163,,,2.163
E20_7_529,,,7.529
E34_6_728,6.728,,
E87_6_168,6.168,,
E121_4_806,,,4.806
E34_6_969,6.969,,
E9_6_088,,6.088,
E56_3_364,,,3.364
E89_1_282,1.282,,
E46_4_966,,,4.966
E103_4_806,,4.806,
E58_1_442,,,1.442
E60_1_682,,1.682,
E58_7_449,,,7.449
E94_7_85,,7.85,
E129_5_046,,,5.046
E114_0_24,0.24,,
E133_3_524,,3.524,
E53_0_0,,0.0,
E65_3_444,3.444,,
E104_5_207,,5.207,
E53_7_449,,7.449,
E14_7_049,,,7.049
E115_4_486,,4.486,
E101_5_126,,5.126,
E45_1_121,,1.121,
E7_3_124,3.124,,
E76_2_884,2.884,,
E133_6_648,,6.648,
E87_4_245,4.245,,
E26_0_32,0.32,,
E106_0_881,0.881,,
E65_4_085,4.085,,
E3_5_847,,5.847,
E93_0_08,0.08,,
E35_6_328,,6.328,
E133_5_207,,5.207,
E100_1_682,,1.682,
E67_2_243,,2.243,
E54_6_889,6.889,,
E103_3_925,,3.925,
E122_5_126,,,5.126
E80_6_248,,6.248,
E130_0_481,,0.481,
E80_1_602,,1.602,
E73_0_24,,0.24,
E100_4_486,,4.486,
E10_4_325,,,4.325
E9_5_767,,5.767,
E105_6_168,6.168,,
E15_3_284,,3.284,
E111_5_927,5.927,,
E67_5_607,,5.607,
E34_2_323,2.323,,
E4_5_847,,,5.847
E86_0_881,0.881,,
E70_5_447,5.447,,
E125_0_24,0.24,,
E53_3_765,,3.765,
E58_3_124,,,3.124
E106_2_483,2.483,,
E77_0_961,0.961,,
E3_1_842,,1.842,
E58_5_367,,,5.367
E104_2_643,,2.643,
E31_0_721,,0.721,
E15_2_163,,2.163,
E136_4_886,,,4.886
E113_3_765,,,3.765
E6_4_325,,,4.325
E115_2_003,,2.003,
E121_6_488,,,6.488
E4_0_881,,,0.881
E126_4_726,,4.726,
E2_7_69,7.69,,
E105_1_762,1.762,,
E68_4_005,,,4.005
E14_1_762,,,1.762
E106_1_202,1.202,,
E18_6_488,6.488,,
E133_6_328,,6.328,
E16_5_287,5.287,,
E107_6_648,,6.648,
E102_7_77,,,7.77
E105_5_767,5.767,,
E46_5_927,,,5.927
E87_3_044,3.044,,
E74_1_682,,1.682,
E92_0_961,,,0.961
E125_3_204,3.204,,
E134_4_806,4.806,,
E29_4_245,,,4.245
E68_5_927,,,5.927
E133_7_129,,7.129,
E94_2_003,,2.003,
E99_0_961,,,0.961
E58_4_005,,,4.005
E115_4_566,,4.566,
E92_7_369,,,7.369
E67_4_726,,4.726,
E31_4_806,,4.806,
E56_3_124,,,3.124
E133_0_881,,0.881,
E17_1_602,,1.602,
E11_2_163,,2.163,
E12_5_607,5.607,,
E122_6_488,,,6.488
E29_1_041,,,1.041
E95_1_522,,,1.522
E126_0_24,,0.24,
E7_6_889,6.889,,
E15_4_886,,4.886,
E84_5_367,,,5.367
E37_6_889,6.889,,
E63_2_884,,,2.884
E87_0_32,0.32,,
E0_0_32,,0.32,
E140_4_165,,,4.165
E80_6_088,,6.088,
E144_2_163,2.163,,
E0_7_529,,7.529,
E6_0_24,,,0.24
E121_2_403,,,2.403
E17_4_005,,4.005,
E124_0_16,0.16,,
E65_7_529,7.529,,
E93_2_804,2.804,,
E106_0_481,0.481,,
E20_1_442,,,1.442
E5_0_08,0.08,,
E0_6_408,,6.408,
E28_7_289,,7.289,
E147_2_563,,,2.563
E84_2_003,,,2.003
E123_0_721,,0.721,
E39_0_801,,0.801,
E87_0_721,0.721,,
E60_2_884,,2.884,
E83_2_003,,,2.003
E148_7_85,,7.85,
E128_6_809,,6.809,
E60_4_806,,4.806,
E121_2_083,,,2.083
E65_0_881,0.881,,
E144_5_367,5.367,,
E111_5_367,5.367,,
E118_6_728,6.728,,
E143_5_367,,,5.367
E76_4_245,4.245,,
E87_7_69,7.69,,
E75_7_129,7.129,,
E134_2_003,2.003,,
E62_2_243,,2.243,
E139_3_605,,,3.605
E49_6_809,6.809,,
E53_4_886,,4.886,
E2_0_561,0.561,,
E105_0_08,0.08,,
E81_3_204,3.204,,
E20_3_925,,,3.925
E28_4_646,,4.646,
E37_3_284,3.284,,
E100_2_884,,2.884,
E60_1_762,,1.762,
E63_6_488,,,6.488
E83_3_605,,,3.605
E85_1_842,,1.842,
E105_7_77,7.77,,
E63_4_806,,,4.806
E70_7_289,7.289,,
E16_7_77,7.77,,
E70_1_121,1.121,,
E70_4_806,4.806,,
E95_0_401,,,0.401
E94_1_522,,1.522,
E7_7_529,7.529,,
E47_0_24,,,0.24
E45_7_77,,7.77,
E35_5_447,,5.447,
E144_5_287,5.287,,
E129_0_801,,,0.801
E89_2_723,2.723,,
E110_1_842,,1.842,
E21_6_168,6.168,,
E64_7_289,7.289,,
E140_6_728,,,6.728
E140_0_08,,,0.08
E133_1_282,,1.282,
E129_3_284,,,3.284
E3_3_845,,3.845,
E16_6_248,6.248,,
E67_5_126,,5.126,
E35_2_804,,2.804,
E52_3_524,,,3.524
E140_2_563,,,2.563
E37_6_008,6.008,,
E143_1_922,,,1.922
E13_7_209,,,7.209
E42_2_964,,,2.964
E64_7_69,7.69,,
E9_0_641,,0.641,
E113_2_243,,,2.243
E64_7_61,7.61,,
E21_0_16,0.16,,
E0_6_728,,6.728,
E42_4_726,,,4.726
E101_5_046,,5.046,
E121_3_685,,,3.685
E101_0_881,,0.881,
E0_1_922,,1.922,
E133_7_85,,7.85,
E111_2_884,2.884,,
E130_7_369,,7.369,
E126_3_044,,3.044,
E85_4_005,,4.005,
E148_2_804,,2.804,
E70_3_044,3.044,,
E143_0_961,,,0.961
E54_5_687,5.687,,
E2_4_325,4.325,,
E45_4_966,,4.966,
E65_3_364,3.364,,
E21_2_083,2.083,,
E106_2_403,2.403,,
E12_0_561,0.561,,
E77_7_209,7.209,,
E103_3_364,,3.364,
E87_5_046,5.046,,
E2_5_607,5.607,,
E65_0_0,0.0,,
E73_4_245,,4.245,
E128_0_721,,0.721,
E98_0_0,,,0.0
E134_1_282,1.282,,
E122_0_0,,,0.0
E110_2_083,,2.083,
E34_3_284,3.284,,
E44_6_488,6.488,,
E22_6_728,,,6.728
E5_6_809,6.809,,
E84_1_202,,,1.202
E3_5_687,,5.687,
E125_6_889,6.889,,
E111_6_248,6.248,,
E51_5_527,,5.527,
E20_1_922,,,1.922
E106_0_561,0.561,,
E6_5_687,,,5.687
E22_0_641,,,0.641
E47_2_323,,,2.323
E13_1_842,,,1.842
E96_0_24,0.24,,
E54_2_323,2.323,,
E26_5_287,5.287,,
E0_4_005,,4.005,
E93_2_323,2.323,,
E142_4_085,,,4.085
E142_3_444,,,3.444
E105_1_842,1.842,,
E87_6_328,6.328,,
E102_7_129,,,7.129
E133_2_403,,2.403,
E3_2_643,,2.643,
E130_3_044,,3.044,
E126_0_32,,0.32,
E96_5_126,5.126,,
E75_5_607,5.607,,
E100_2_003,,2.003,
E29_4_325,,,4.325
E106_2_323,2.323,,
E47_5_207,,,5.207
E28_5_687,,5.687,
E26_7_449,7.449,,
E93_6_648,6.648,,
E22_3_845,,,3.845
E88_4_085,4.085,,
E84_2_563,,,2.563
E9_7_289,,7.289,
E11_1_682,,1.682,
E1_2_243,,,2.243
E52_1_202,,,1.202
E65_6_488,6.488,,
E140_4_566,,,4.566
E74_6_648,,6.648,
E113_5_287,,,5.287
E144_7_209,7.209,,
E13_4_406,,,4.406
E12_5_207,5.207,,
E136_1_202,,,1.202
E128_7_85,,7.85,
E5_5_287,5.287,,
E105_7_289,7.289,,
E18_7_289,7.289,,
E128_5_447,,5.447,
E22_2_403,,,2.403
E87_3_524,3.524,,
E34_3_124,3.124,,
E33_5_767,,5.767,
E9_2_323,,2.323,
E79_0_801,0.801,,
E114_7_69,7.69,,
E65_2_723,2.723,,
E88_4_165,4.165,,
E142_7_049,,,7.049
E18_5_207,5.207,,
E114_3_845,3.845,,
E124_2_243,2.243,,
E75_0_481,0.481,,
E95_2_163,,,2.163
E70_3_925,3.925,,
E121_1_682,,,1.682
E9_3_765,,3.765,
E110_2_964,,2.964,
E125_3_044,3.044,,
E113_4_486,,,4.486
E121_5_126,,,5.126
E92_7_61,,,7.61
E18_1_362,1.362,,
E44_0_881,0.881,,
E89_2_884,2.884,,
E64_7_129,7.129,,
E104_2_323,,2.323,
E107_3_845,,3.845,
E64_4_245,4.245,,
E73_4_486,,4.486,
E35_5_287,,5.287,
E130_3_284,,3.284,
E125_6_248,6.248,,
E102_2_804,,,2.804
E92_2_964,,,2.964
E148_5_126,,5.126,
E136_0_08,,,0.08
E93_0_481,0.481,,
E49_3_605,3.605,,
E114_6_008,6.008,,
E118_6_568,6.568,,
E88_3_284,3.284,,
E88_5_927,5.927,,
E94_3_845,,3.845,
E142_3_204,,,3.204
E53_0_881,,0.881,
E3_3_284,,3.284,
E134_7_529,7.529,,
E143_5_126,,,5.126
E104_0_641,,0.641,
E83_6_408,,,6.408
E103_1_762,,1.762,
E136_0_641,,,0.641
E40_3_044,3.044,,
E136_7_77,,,7.77
E92_5_207,,,5.207
E39_3_204,,3.204,
E42_5_687,,,5.687
E16_0_881,0.881,,
E46_1_602,,,1.602
E1_6_408,,,6.408
E16_4_886,4.886,,
E11_1_602,,1.602,
E56_5_767,,,5.767
E107_5_207,,5.207,
E86_0_08,0.08,,
E74_2_243,,2.243,
E42_7_93,,,7.93
E28_7_449,,7.449,
E28_0_24,,0.24,
E64_0_641,0.641,,
E133_4_726,,4.726,
E45_6_648,,6.648,
E2_7_449,7.449,,
E66_3_284,,,3.284
E7_1_041,1.041,,
E54_5_927,5.927,,
E35_5_927,,5.927,
E121_2_243,,,2.243
E33_4_406,,4.406,
E66_3_364,,,3.364
E121_0_401,,,0.401
E84_4_486,,,4.486
E125_6_328,6.328,,
E44_0_561,0.561,,
E60_3_444,,3.444,
E7_7_69,7.69,,
E92_0_641,,,0.641
E31_1_922,,1.922,
E40_6_648,6.648,,
E45_4_806,,4.806,
E80_1_202,,1.202,
E140_1_362,,,1.362
E28_6_408,,6.408,
E113_1_602,,,1.602
E115_1_121,,1.121,
E66_1_202,,,1.202
E148_5_767,,5.767,
E12_0_08,0.08,,
E136_7_529,,,7.529
E107_0_0,,0.0,
E92_6_008,,,6.008
E122_7_369,,,7.369
E125_3_765,3.765,,
E139_3_044,,,3.044
E85_4_966,,4.966,
E9_0_961,,0.961,
E15_6_168,,6.168,
E87_4_806,4.806,,
E29_6_328,,,6.328
E1_6_969,,,6.969
E45_4_325,,4.325,
E79_6_008,6.008,,
E99_5_447,,,5.447
E96_4_806,4.806,,
E3_5_207,,5.207,
E99_6_088,,,6.088
E26_7_61,7.61,,
E58_0_961,,,0.961
E101_2_003,,2.003,
E78_1_282,,,1.282
E71_6_088,,6.088,
E123_2_083,,2.083,
E1_4_406,,,4.406
E40_0_0,0.0,,
E147_6_969,,,6.969
E145_0_481,,,0.481
E113_7_049,,,7.049
E78_1_522,,,1.522
E54_2_083,2.083,,
E98_6_568,,,6.568
E114_7_209,7.209,,
E51_2_083,,2.083,
E46_1_682,,,1.682
E101_7_93,,7.93,
E58_2_884,,,2.884
E133_0_481,,0.481,
E66_2_884,,,2.884
E139_7_209,,,7.209
E125_6_648,6.648,,
E67_2_884,,2.884,
E17_4_486,,4.486,
E44_5_287,5.287,,
E31_6_889,,6.889,
E6_5_046,,,5.046
E123_6_728,,6.728,
E83_5_367,,,5.367
E84_3_444,,,3.444
E67_1_842,,1.842,
E100_6_809,,6.809,
E14_7_129,,,7.129
E35_0_721,,0.721,
E126_6_328,,6.328,
E115_4_646,,4.646,
E96_3_044,3.044,,
E6_6_408,,,6.408
E126_7_209,,7.209,
E5_2_083,2.083,,
E7_6_328,6.328,,
E75_0_801,0.801,,
E68_7_61,,,7.61
E28_4_886,,4.886,
E40_4_165,4.165,,
E67_0_961,,0.961,
E20_4_406,,,4.406
E77_2_323,2.323,,
E9_6_248,,6.248,
E124_1_362,1.362,,
E106_7_209,7.209,,
E20_5_607,,,5.607
E18_4_886,4.886,,
E129_6_088,,,6.088
E123_0_08,,0.08,
E31_5_367,,5.367,
E113_7_129,,,7.129
E16_1_362,1.362,,
E10_7_049,,,7.049
E128_6_648,,6.648,
E34_6_488,6.488,,
E110_7_209,,7.209,
E144_3_845,3.845,,
E73_4_806,,4.806,
E66_6_488,,,6.488
E95_1_362,,,1.362
E94_0_08,,0.08,
E73_1_602,,1.602,
E76_5_046,5.046,,
E96_4_165,4.165,,
E47_7_85,,,7.85
E89_0_961,0.961,,
E106_3_524,3.524,,
E9_5_527,,5.527,
E5_2_723,2.723,,
E80_4_966,,4.966,
E78_7_049,,,7.049
E18_6_168,6.168,,
E115_3_364,,3.364,
E56_7_049,,,7.049
E80_6_648,,6.648,
E83_5_527,,,5.527
E123_4_085,,4.085,
E89_3_124,3.124,,
E94_4_245,,4.245,
E144_2_563,2.563,,
E101_3_845,,3.845,
E6_7_129,,,7.129
E99_4_165,,,4.165
E104_2_563,,2.563,
E42_6_008,,,6.008
E88_2_563,2.563,,
E53_3_044,,3.044,
E29_7_289,,,7.289
E93_6_488,6.488,,
E31_1_362,,1.362,
E14_5_527,,,5.527
E133_4_966,,4.966,
E115_5_367,,5.367,
E49_5_367,5.367,,
E74_4_646,,4.646,
E5_3_204,3.204,,
E133_6_088,,6.088,
E140_0_961,,,0.961
E28_7_369,,7.369,
E17_1_682,,1.682,
E49_7_529,7.529,,
E142_6_088,,,6.088
E4_6_889,,,6.889
E96_4_005,4.005,,
E103_3_845,,3.845,
E148_3_605,,3.605,
E11_6_648,,6.648,
E102_7_93,,,7.93
E39_2_804,,2.804,
E21_6_088,6.088,,
E7_1_682,1.682,,
E0_1_682,,1.682,
E89_1_762,1.762,,
E52_4_245,,,4.245
E99_2_804,,,2.804
E33_7_61,,7.61,
E101_6_408,,6.408,
E20_1_121,,,1.121
E76_1_682,1.682,,
E6_1_282,,,1.282
E88_2_243,2.243,,
E62_2_323,,2.323,
E101_0_16,,0.16,
E106_5_367,5.367,,
E49_0_24,0.24,,
E140_7_85,,,7.85
E87_5_847,5.847,,
E21_4_726,4.726,,
E86_7_61,7.61,,
E40_0_881,0.881,,
E66_7_369,,,7.369
E93_0_801,0.801,,
E62_1_682,,1.682,
E139_1_842,,,1.842
E105_6_488,6.488,,
E83_2_403,,,2.403
E87_2_804,2.804,,
E114_1_762,1.762,,
E31_2_643,,2.643,
E35_1_842,,1.842,
E1_6_728,,,6.728
E12_7_369,7.369,,
E76_7_69,7.69,,
E121_1_762,,,1.762
E100_6_168,,6.168,
E31_7_61,,7.61,
E107_5_046,,5.046,
E114_6_969,6.969,,
E89_4_566,4.566,,
E133_1_522,,1.522,
E101_3_605,,3.605,
E104_2_163,,2.163,
E99_5_126,,,5.126
E106_2_083,2.083,,
E60_1_041,,1.041,
E60_2_243,,2.243,
E122_1_442,,,1.442
E10_0_641,,,0.641
E21_1_602,1.602,,
E6_6_488,,,6.488
E15_3_124,,3.124,
E145_6_168,,,6.168
E107_4_806,,4.806,
E85_5_207,,5.207,
E26_6_568,6.568,,
E37_7_209,7.209,,
E76_3_364,3.364,,
E129_4_726,,,4.726
E15_6_408,,6.408,
E1_2_163,,,2.163
E77_2_003,2.003,,
E13_2_804,,,2.804
E78_7_449,,,7.449
E113_7_209,,,7.209
E139_3_204,,,3.204
E83_0_08,,,0.08
E63_6_168,,,6.168
E62_7_61,,7.61,
E143_0_481,,,0.481
E145_3_524,,,3.524
E14_2_403,,,2.403
E18_1_682,1.682,,
E66_5_126,,,5.126
E49_0_961,0.961,,
E106_5_687,5.687,,
E39_2_483,,2.483,
E0_2_884,,2.884,
E7_3_524,3.524,,
E34_6_168,6.168,,
E114_0_32,0.32,,
E52_6_408,,,6.408
E12_1_842,1.842,,
E37_7_369,7.369,,
E78_5_767,,,5.767
E68_1_041,,,1.041
E63_0_32,,,0.32
E98_0_561,,,0.561
E40_6_809,6.809,,
E101_1_362,,1.362,
E129_6_248,,,6.248
E130_3_605,,3.605,
E114_1_442,1.442,,
E34_7_529,7.529,,
E12_3_925,3.925,,
E6_7_049,,,7.049
E13_4_566,,,4.566
E16_4_245,4.245,,
E123_1_362,,1.362,
E62_6_728,,6.728,
E9_6_328,,6.328,
E143_6_889,,,6.889
E39_2_964,,2.964,
E49_4_085,4.085,,
E53_1_362,,1.362,
E134_7_129,7.129,,
E66_4_966,,,4.966
E92_2_323,,,2.323
E124_3_284,3.284,,
E96_4_406,4.406,,
E10_6_488,,,6.488
E42_0_961,,,0.961
E71_1_202,,1.202,
E58_1_202,,,1.202
E0_1_282,,1.282,
E126_0_801,,0.801,
E104_3_925,,3.925,
E143_2_163,,,2.163
E107_0_561,,0.561,
E22_3_204,,,3.204
E18_6_969,6.969,,
E104_5_367,,5.367,
E124_2_884,2.884,,
E124_0_32,0.32,,
E65_0_08,0.08,,
E85_0_16,,0.16,
E79_4_886,4.886,,
E47_2_804,,,2.804
E2_5_447,5.447,,
E115_5_767,,5.767,
E14_6_809,,,6.809
E101_0_0,,0.0,
E122_4_726,,,4.726
E89_2_563,2.563,,
E7_5_367,5.367,,
E145_3_765,,,3.765
E33_5_367,,5.367,
E54_7_449,7.449,,
E31_2_723,,2.723,
E104_7_61,,7.61,
E75_5_687,5.687,,
E118_3_364,3.364,,
E118_7_69,7.69,,
E98_4_325,,,4.325
E58_6_648,,,6.648
E99_4_325,,,4.325
E54_1_602,1.602,,
E139_0_721,,,0.721
E77_4_085,4.085,,
E94_2_243,,2.243,
E45_2_243,,2.243,
E103_7_85,,7.85,
E98_5_927,,,5.927
E83_5_847,,,5.847
E123_5_126,,5.126,
E21_4_806,4.806,,
E14_2_643,,,2.643
E118_3_044,3.044,,
E67_5_527,,5.527,
E33_6_408,,6.408,
E9_6_969,,6.969,
E86_0_0,0.0,,
E31_0_0,,0.0,
E67_0_481,,0.481,
E87_1_362,1.362,,
E3_6_889,,6.889,
E47_3_685,,,3.685
E66_4_886,,,4.886
E64_0_08,0.08,,
E21_0_401,0.401,,
E139_1_602,,,1.602
E46_7_449,,,7.449
E145_5_287,,,5.287
E47_6_408,,,6.408
E54_4_325,4.325,,
E12_3_605,3.605,,
E139_0_16,,,0.16
E65_5_607,5.607,,
E51_6_168,,6.168,
E105_1_362,1.362,,
E94_1_922,,1.922,
E106_0_24,0.24,,
E4_5_687,,,5.687
E51_7_529,,7.529,
E103_2_163,,2.163,
E101_3_925,,3.925,
E86_6_969,6.969,,
E98_1_602,,,1.602
E33_0_24,,0.24,
E26_2_723,2.723,,
E143_5_687,,,5.687
E99_5_207,,,5.207
E87_3_124,3.124,,
E139_3_364,,,3.364
E124_3_204,3.204,,
E62_0_641,,0.641,
E143_4_886,,,4.886
E28_4_085,,4.085,
E114_3_765,3.765,,
E71_1_602,,1.602,
E80_3_925,,3.925,
E133_6_488,,6.488,
E107_5_527,,5.527,
E100_2_723,,2.723,
E145_4_406,,,4.406
E29_2_403,,,2.403
E20_6_728,,,6.728
E39_4_886,,4.886,
E2_2_804,2.804,,
E129_5_367,,,5.367
E52_1_762,,,1.762
E118_7_529,7.529,,
E34_7_049,7.049,,
E73_5_767,,5.767,
E115_0_0,,0.0,
E26_0_16,0.16,,
E75_7_289,7.289,,
E117_0_0,,0.0,
E14_0_641,,,0.641
E139_3_284,,,3.284
E105_2_884,2.884,,
E130_3_124,,3.124,
E52_4_646,,,4.646
E17_5_207,,5.207,
E74_3_524,,3.524,
E37_0_561,0.561,,
E144_6_408,6.408,,
E111_4_806,4.806,,
E35_1_362,,1.362,
E46_2_003,,,2.003
E76_7_369,7.369,,
E118_4_806,4.806,,
E5_7_77,7.77,,
E71_1_121,,1.121,
E0_2_723,,2.723,
E17_7_77,,7.77,
E104_6_969,,6.969,
E79_7_69,7.69,,
E33_7_209,,7.209,
E35_4_085,,4.085,
E13_0_08,,,0.08
E74_3_444,,3.444,
E58_7_049,,,7.049
E34_3_524,3.524,,
E78_3_044,,,3.044
E78_0_641,,,0.641
E10_5_927,,,5.927
E147_6_488,,,6.488
E95_1_682,,,1.682
E28_1_121,,1.121,
E123_4_806,,4.806,
E62_1_041,,1.041,
E123_5_927,,5.927,
E122_3_444,,,3.444
E85_1_121,,1.121,
E45_3_044,,3.044,
E20_7_61,,,7.61
E12_7_449,7.449,,
E130_1_202,,1.202,
E7_4_406,4.406,,
E125_2_323,2.323,,
E53_5_447,,5.447,
E114_7_289,7.289,,
E110_5_927,,5.927,
E124_7_61,7.61,,
E111_3_044,3.044,,
E16_1_602,1.602,,
E58_3_605,,,3.605
E53_0_721,,0.721,
E28_4_486,,4.486,
E139_3_524,,,3.524
E47_7_129,,,7.129
E17_0_32,,0.32,
E79_6_648,6.648,,
E56_7_369,,,7.369
E10_1_202,,,1.202
E92_7_049,,,7.049
E148_5_527,,5.527,
E133_3_925,,3.925,
E101_1_682,,1.682,
E101_3_524,,3.524,
E33_0_401,,0.401,
E62_1_202,,1.202,
E1_2_643,,,2.643
E118_6_809,6.809,,
E74_2_483,,2.483,
E65_6_168,6.168,,
E136_4_005,,,4.005
E47_0_08,,,0.08
E86_2_323,2.323,,
E18_7_049,7.049,,
E87_4_966,4.966,,
E44_2_403,2.403,,
E113_4_406,,,4.406
E101_1_922,,1.922,
E51_3_605,,3.605,
E15_0_0,,0.0,
E143_2_483,,,2.483
E117_4_085,,4.085,
E114_0_881,0.881,,
E133_2_243,,2.243,
E52_6_328,,,6.328
E64_2_163,2.163,,
E6_2_964,,,2.964
E66_3_925,,,3.925
E6_3_364,,,3.364
E29_1_842,,,1.842
E148_6_408,,6.408,
E56_5_527,,,5.527
E2_1_282,1.282,,
E42_4_566,,,4.566
E110_6_568,,6.568,
E22_6_488,,,6.488
E140_0_401,,,0.401
E103_0_401,,0.401,
E142_1_842,,,1.842
E114_6_168,6.168,,
E42_2_403,,,2.403
E105_5_367,5.367,,
E134_1_522,1.522,,
E3_7_69,,7.69,
E121_7_93,,,7.93
E7_2_323,2.323,,
E133_3_204,,3.204,
E53_7_049,,7.049,
E115_5_607,,5.607,
E20_7_85,,,7.85
E88_1_282,1.282,,
E71_1_922,,1.922,
E107_6_809,,6.809,
E139_1_282,,,1.282
E125_2_163,2.163,,
E66_1_522,,,1.522
E11_1_842,,1.842,
E145_6_809,,,6.809
E67_1_202,,1.202,
E145_4_325,,,4.325
E65_3_845,3.845,,
E81_0_16,0.16,,
E128_3_204,,3.204,
E102_5_607,,,5.607
E98_3_284,,,3.284
E92_0_881,,,0.881
E3_5_287,,5.287,
E35_6_408,,6.408,
E22_1_362,,,1.362
E54_3_284,3.284,,
E11_5_527,,5.527,
E28_2_723,,2.723,
E13_7_529,,,7.529
E35_1_041,,1.041,
E71_1_522,,1.522,
E52_0_32,,,0.32
E107_3_044,,3.044,
E76_5_927,5.927,,
E136_6_648,,,6.648
E126_3_364,,3.364,
E144_7_049,7.049,,
E17_6_408,,6.408,
E56_2_403,,,2.403
E33_1_922,,1.922,
E148_2_563,,2.563,
E37_2_483,2.483,,
E104_5_527,,5.527,
E52_3_044,,,3.044
E5_4_005,4.005,,
E70_6_969,6.969,,
E64_1_041,1.041,,
E28_2_163,,2.163,
E77_2_083,2.083,,
E45_7_93,,7.93,
E56_7_85,,,7.85
E63_2_723,,,2.723
E115_7_69,,7.69,
E70_4_886,4.886,,
E139_5_287,,,5.287
E11_6_889,,6.889,
E46_6_488,,,6.488
E42_0_561,,,0.561
E33_0_881,,0.881,
E79_0_24,0.24,,
E142_4_966,,,4.966
E89_2_403,2.403,,
E78_6_248,,,6.248
E63_7_61,,,7.61
E139_1_442,,,1.442
E66_7_69,,,7.69
E126_1_041,,1.041,
E76_3_765,3.765,,
E7_3_284,3.284,,
E1_0_32,,,0.32
E18_1_922,1.922,,
E87_7_85,7.85,,
E6_7_69,,,7.69
E85_4_085,,4.085,
E111_3_685,3.685,,
E10_1_522,,,1.522
E26_1_602,1.602,,
E86_6_568,6.568,,
E46_0_961,,,0.961
E13_7_369,,,7.369
E147_6_248,,,6.248
E5_3_044,3.044,,
E4_1_121,,,1.121
E93_2_003,2.003,,
E47_4_245,,,4.245
E21_5_207,5.207,,
E75_7_69,7.69,,
E9_6_168,,6.168,
E56_2_643,,,2.643
E95_7_93,,,7.93
E100_0_08,,0.08,
E44_4_325,4.325,,
E49_6_728,6.728,,
E118_6_328,6.328,,
E118_0_721,0.721,,
E136_3_925,,,3.925
E73_5_046,,5.046,
E81_4_646,4.646,,
E34_2_563,2.563,,
E79_2_563,2.563,,
E92_3_925,,,3.925
E45_2_323,,2.323,
E35_2_083,,2.083,
E79_6_568,6.568,,
E12_1_121,1.121,,
E86_5_207,5.207,,
E11_5_287,,5.287,
E104_5_607,,5.607,
E145_7_289,,,7.289
E2_1_121,1.121,,
E145_0_0,,,0.0
E73_1_202,,1.202,
E22_5_607,,,5.607
E26_3_444,3.444,,
E100_7_449,,7.449,
E110_0_721,,0.721,
E85_7_289,,7.289,
E122_6_568,,,6.568
E80_7_449,,7.449,
E65_6_809,6.809,,
E84_3_044,,,3.044
E145_0_801,,,0.801
E53_5_367,,5.367,
E142_0_24,,,0.24
E140_5_207,,,5.207
E9_5_126,,5.126,
E145_4_486,,,4.486
E117_5_367,,5.367,
E100_7_369,,7.369,
E35_7_69,,7.69,
E110_6_488,,6.488,
E143_4_085,,,4.085
E148_3_284,,3.284,
E37_3_925,3.925,,
E35_4_406,,4.406,
E10_1_922,,,1.922
E85_5_847,,5.847,
E75_6_889,6.889,,
E124_5_046,5.046,,
E130_2_643,,2.643,
E58_3_685,,,3.685
E73_6_008,,6.008,
E107_1_121,,1.121,
E13_2_323,,,2.323
E93_1_922,1.922,,
E113_2_804,,,2.804
E136_6_969,,,6.969
E34_4_566,4.566,,
E1_3_685,,,3.685
E64_7_77,7.77,,
E12_3_765,3.765,,
E107_3_124,,3.124,
E145_7_209,,,7.209
E147_0_801,,,0.801
E104_7_85,,7.85,
E113_6_969,,,6.969
E12_1_922,1.922,,
E122_3_765,,,3.765
E106_7_77,7.77,,
E114_3_204,3.204,,
E111_4_486,4.486,,
E63_0_561,,,0.561
E113_1_202,,,1.202
E31_3_925,,3.925,
E46_0_24,,,0.24
E129_1_041,,,1.041
E18_2_964,2.964,,
E33_5_927,,5.927,
E85_5_046,,5.046,
E60_4_165,,4.165,
E98_2_243,,,2.243
E0_6_248,,6.248,
E143_6_328,,,6.328
E40_2_563,2.563,,
E86_7_93,7.93,,
E143_4_726,,,4.726
E71_4_325,,4.325,
E74_6_168,,6.168,
E65_5_046,5.046,,
E39_7_049,,7.049,
E148_2_723,,2.723,
E123_1_762,,1.762,
E15_7_049,,7.049,
E11_1_282,,1.282,
E45_5_767,,5.767,
E145_2_723,,,2.723
E89_2_083,2.083,,
E95_6_728,,,6.728
E74_6_408,,6.408,
E54_4_486,4.486,,
E34_0_801,0.801,,
E71_3_925,,3.925,
E78_5_207,,,5.207
E99_3_845,,,3.845
E21_0_561,0.561,,
E33_2_403,,2.403,
E130_3_204,,3.204,
E96_3_284,3.284,,
E58_0_481,,,0.481
E101_2_804,,2.804,
E63_5_367,,,5.367
E117_2_884,,2.884,
E83_5_126,,,5.126
E93_6_408,6.408,,
E34_1_602,1.602,,
E78_6_969,,,6.969
E142_6_728,,,6.728
E13_1_522,,,1.522
E105_0_0,0.0,,
E67_5_687,,5.687,
E77_2_163,2.163,,
E134_6_648,6.648,,
E11_0_481,,0.481,
E56_1_282,,,1.282
E99_0_881,,,0.881
E103_3_044,,3.044,
E45_1_202,,1.202,
E54_3_845,3.845,,
E45_3_444,,3.444,
E145_7_93,,,7.93
E58_0_08,,,0.08
E33_2_483,,2.483,
E99_2_643,,,2.643
E125_4_165,4.165,,
E81_7_77,7.77,,
E121_1_282,,,1.282
E124_2_083,2.083,,
E37_0_721,0.721,,
E148_2_964,,2.964,
E148_5_927,,5.927,
E147_4_325,,,4.325
E96_5_046,5.046,,
E81_0_561,0.561,,
E88_7_049,7.049,,
E96_1_362,1.362,,
E79_1_522,1.522,,
E40_1_282,1.282,,
E74_5_847,,5.847,
E0_5_927,,5.927,
E130_0_401,,0.401,
E31_3_284,,3.284,
E67_3_845,,3.845,
E9_2_964,,2.964,
E96_2_483,2.483,,
E71_2_723,,2.723,
E4_4_806,,,4.806
E76_7_289,7.289,,
E13_3_524,,,3.524
E54_2_964,2.964,,
E13_3_605,,,3.605
E75_3_765,3.765,,
E58_4_966,,,4.966
E63_4_966,,,4.966
E107_3_444,,3.444,
E35_4_005,,4.005,
E62_1_442,,1.442,
E62_4_085,,4.085,
E22_6_408,,,6.408
E0_6_168,,6.168,
E45_3_765,,3.765,
E89_3_364,3.364,,
E86_3_284,3.284,,
E16_1_202,1.202,,
E33_2_643,,2.643,
E40_2_083,2.083,,
E6_5_447,,,5.447
E73_4_005,,4.005,
E28_4_726,,4.726,
E47_2_483,,,2.483
E29_0_08,,,0.08
E121_0_561,,,0.561
E94_0_481,,0.481,
E102_4_886,,,4.886
E10_1_041,,,1.041
E139_4_406,,,4.406
E21_7_209,7.209,,
E123_7_369,,7.369,
E122_2_643,,,2.643
E11_2_083,,2.083,
E101_2_643,,2.643,
E64_6_328,6.328,,
E6_4_486,,,4.486
E28_4_806,,4.806,
E58_3_444,,,3.444
E49_1_842,1.842,,
E51_2_403,,2.403,
E115_5_046,,5.046,
E126_3_284,,3.284,
E1_0_561,,,0.561
E115_6_648,,6.648,
E103_3_444,,3.444,
E12_4_566,4.566,,
E53_3_845,,3.845,
E4_2_403,,,2.403
E104_5_046,,5.046,
E40_7_049,7.049,,
E80_4_165,,4.165,
E110_7_289,,7.289,
E78_0_721,,,0.721
E65_1_362,1.362,,
E64_1_282,1.282,,
E125_5_527,5.527,,
E75_6_008,6.008,,
E99_6_969,,,6.969
E7_6_568,6.568,,
E85_5_126,,5.126,
E99_6_728,,,6.728
E98_5_287,,,5.287
E6_4_886,,,4.886
E106_5_287,5.287,,
E62_1_602,,1.602,
E37_4_566,4.566,,
E102_1_041,,,1.041
E15_3_845,,3.845,
E130_3_444,,3.444,
E60_5_607,,5.607,
E40_3_685,3.685,,
E100_3_444,,3.444,
E11_7_69,,7.69,
E18_5_927,5.927,,
E54_5_287,5.287,,
E20_4_085,,,4.085
E124_5_126,5.126,,
E104_1_442,,1.442,
E148_6_248,,6.248,
E111_5_607,5.607,,
E9_7_93,,7.93,
E33_5_607,,5.607,
E139_2_964,,,2.964
E80_6_408,,6.408,
E26_4_806,4.806,,
E111_3_845,3.845,,
E103_1_282,,1.282,
E79_4_005,4.005,,
E79_4_325,4.325,,
E1_1_602,,,1.602
E128_1_041,,1.041,
E45_6_328,,6.328,
E89_3_044,3.044,,
E73_3_925,,3.925,
E115_3_765,,3.765,
E113_3_444,,,3.444
E145_2_964,,,2.964
E107_0_481,,0.481,
E64_4_966,4.966,,
E124_3_044,3.044,,
E67_0_641,,0.641,
E44_7_209,7.209,,
E133_5_126,,5.126,
E142_3_124,,,3.124
E75_3_524,3.524,,
E99_7_529,,,7.529
E44_4_566,4.566,,
E111_6_088,6.088,,
E62_4_005,,4.005,
E106_5_927,5.927,,
E136_4_245,,,4.245
E42_0_481,,,0.481
E139_5_207,,,5.207
E53_4_966,,4.966,
E124_1_842,1.842,,
E111_5_207,5.207,,
E39_7_289,,7.289,
E46_7_77,,,7.77
E28_7_129,,7.129,
E134_6_809,6.809,,
E37_4_406,4.406,,
E148_6_168,,6.168,
E4_4_165,,,4.165
E9_1_282,,1.282,
E63_2_003,,,2.003
E133_0_32,,0.32,
E7_5_927,5.927,,
E139_2_003,,,2.003
E145_6_889,,,6.889
E9_6_008,,6.008,
E1_0_881,,,0.881
E10_2_964,,,2.964
E54_0_0,0.0,,
E102_5_367,,,5.367
E11_2_403,,2.403,
E9_5_367,,5.367,
E18_5_367,5.367,,
E18_5_527,5.527,,
E81_5_287,5.287,,
E83_0_561,,,0.561
E17_7_529,,7.529,
E70_7_93,7.93,,
E2_7_289,7.289,,
E9_2_163,,2.163,
E76_3_124,3.124,,
E125_2_884,2.884,,
E2_4_245,4.245,,
E136_6_889,,,6.889
E58_7_529,,,7.529
E10_6_648,,,6.648
E122_7_61,,,7.61
E9_6_568,,6.568,
E128_2_163,,2.163,
E89_5_607,5.607,,
E52_4_806,,,4.806
E79_0_561,0.561,,
E92_4_806,,,4.806
E11_5_126,,5.126,
E35_1_121,,1.121,
E2_5_287,5.287,,
E51_1_522,,1.522,
E100_3_765,,3.765,
E13_2_884,,,2.884
E10_3_204,,,3.204
E71_7_69,,7.69,
E102_1_442,,,1.442
E102_0_481,,,0.481
E20_3_364,,,3.364
E140_5_927,,,5.927
E130_2_003,,2.003,
E35_2_243,,2.243,
E102_6_648,,,6.648
E105_6_728,6.728,,
E13_6_008,,,6.008
E143_4_566,,,4.566
E76_5_847,5.847,,
E26_7_529,7.529,,
E0_0_24,,0.24,
E102_2_243,,,2.243
E51_5_767,,5.767,
E107_4_406,,4.406,
E102_5_527,,,5.527
E58_6_328,,,6.328
E122_4_486,,,4.486
E142_2_964,,,2.964
E144_2_483,2.483,,
E88_5_287,5.287,,
E17_0_0,,0.0,
E40_0_481,0.481,,
E93_7_049,7.049,,
E123_7_85,,7.85,
E66_6_568,,,6.568
E26_0_561,0.561,,
E117_3_765,,3.765,
E12_2_884,2.884,,
E26_5_767,5.767,,
E73_2_643,,2.643,
E123_4_646,,4.646,
E7_6_969,6.969,,
E123_3_765,,3.765,
E106_2_804,2.804,,
E99_2_563,,,2.563
E51_1_442,,1.442,
E129_5_607,,,5.607
E11_0_561,,0.561,
E129_1_202,,,1.202
E64_1_682,1.682,,
E1_5_927,,,5.927
E110_5_046,,5.046,
E34_1_362,1.362,,
E84_3_925,,,3.925
E67_1_602,,1.602,
E20_5_126,,,5.126
E21_3_925,3.925,,
E114_0_561,0.561,,
E54_7_049,7.049,,
E74_0_481,,0.481,
E142_2_403,,,2.403
E79_6_408,6.408,,
E139_5_046,,,5.046
E92_5_687,,,5.687
E114_4_165,4.165,,
E105_3_124,3.124,,
E122_6_088,,,6.088
E142_6_008,,,6.008
E15_7_449,,7.449,
E49_0_561,0.561,,
E29_7_69,,,7.69
E80_3_124,,3.124,
E87_7_289,7.289,,
E21_7_449,7.449,,
E147_3_124,,,3.124
E79_5_046,5.046,,
E98_4_406,,,4.406
E89_4_245,4.245,,
E144_0_481,0.481,,
E100_1_202,,1.202,
E2_0_481,0.481,,
E63_5_927,,,5.927
E6_5_207,,,5.207
E5_6_969,6.969,,
E66_6_008,,,6.008
E99_2_964,,,2.964
E65_5_126,5.126,,
E98_0_32,,,0.32
E84_0_721,,,0.721
E6_6_248,,,6.248
E142_6_969,,,6.969
E136_6_008,,,6.008
E11_0_0,,0.0,
E115_6_008,,6.008,
E115_6_168,,6.168,
E89_1_442,1.442,,
E125_6_568,6.568,,
E17_7_129,,7.129,
E139_4_486,,,4.486
E94_3_364,,3.364,
E46_1_522,,,1.522
E145_6_648,,,6.648
E11_1_522,,1.522,
E89_4_806,4.806,,
E46_6_728,,,6.728
E134_5_927,5.927,,
E85_7_69,,7.69,
E147_7_85,,,7.85
E125_2_243,2.243,,
E73_4_085,,4.085,
E124_3_765,3.765,,
E14_2_804,,,2.804
E88_5_527,5.527,,
E40_1_121,1.121,,
E78_3_124,,,3.124
E2_6_568,6.568,,
E110_7_129,,7.129,
E39_0_0,,0.0,
E96_0_881,0.881,,
E14_4_165,,,4.165
E10_6_008,,,6.008
E94_2_163,,2.163,
E17_0_641,,0.641,
E67_2_723,,2.723,
E12_0_401,0.401,,
E81_2_723,2.723,,
E49_2_563,2.563,,
E56_4_085,,,4.085
E107_4_886,,4.886,
E98_3_765,,,3.765
E114_0_481,0.481,,
E60_3_685,,3.685,
E73_6_328,,6.328,
E56_5_126,,,5.126
E40_1_202,1.202,,
E86_6_168,6.168,,
E105_5_287,5.287,,
E39_5_527,,5.527,
E96_4_966,4.966,,
E52_4_005,,,4.005
E130_4_966,,4.966,
E103_4_005,,4.005,
E139_4_085,,,4.085
E39_1_202,,1.202,
E98_0_881,,,0.881
E47_7_529,,,7.529
E10_2_083,,,2.083
E7_2_964,2.964,,
E1_4_806,,,4.806
E133_0_0,,0.0,
E70_0_32,0.32,,
E73_7_289,,7.289,
E65_4_566,4.566,,
E33_7_85,,7.85,
E64_6_488,6.488,,
E98_7_85,,,7.85
E92_4_726,,,4.726
E52_7_85,,,7.85
E68_4_966,,,4.966
E15_1_362,,1.362,
E70_3_605,3.605,,
E76_1_121,1.121,,
E126_3_124,,3.124,
E76_6_008,6.008,,
E104_0_401,,0.401,
E5_0_801,0.801,,
E85_2_723,,2.723,
E144_3_524,3.524,,
E117_4_165,,4.165,
E86_5_527,5.527,,
E100_2_563,,2.563,
E139_5_126,,,5.126
E4_4_406,,,4.406
E71_6_969,,6.969,
E88_5_367,5.367,,
E9_2_723,,2.723,
E13_5_607,,,5.607
E125_1_682,1.682,,
E10_6_728,,,6.728
E18_7_129,7.129,,
E100_7_529,,7.529,
E39_5_847,,5.847,
E35_4_566,,4.566,
E140_7_289,,,7.289
E74_4_486,,4.486,
E133_0_801,,0.801,
E128_7_289,,7.289,
E10_3_765,,,3.765
E125_2_003,2.003,,
E105_7_129,7.129,,
E49_6_088,6.088,,
E142_4_486,,,4.486
E117_6_088,,6.088,
E29_5_927,,,5.927
E110_1_202,,1.202,
E78_3_765,,,3.765
E10_5_046,,,5.046
E15_4_005,,4.005,
E110_6_088,,6.088,
E65_1_522,1.522,,
E45_0_961,,0.961,
E123_1_442,,1.442,
E142_5_447,,,5.447
E34_6_408,6.408,,
E64_2_804,2.804,,
E143_7_77,,,7.77
E140_0_641,,,0.641
E136_2_243,,,2.243
E113_0_481,,,0.481
E7_2_804,2.804,,
E52_2_323,,,2.323
E101_5_207,,5.207,
E77_6_889,6.889,,
E139_3_685,,,3.685
E45_7_289,,7.289,
E101_4_085,,4.085,
E53_6_168,,6.168,
E18_2_483,2.483,,
E94_2_964,,2.964,
E88_2_804,2.804,,
E54_4_646,4.646,,
E58_2_243,,,2.243
E102_0_881,,,0.881
E147_3_284,,,3.284
E107_3_364,,3.364,
E133_6_168,,6.168,
E37_3_685,3.685,,
E2_4_566,4.566,,
E60_3_765,,3.765,
E99_0_24,,,0.24
E84_4_646,,,4.646
E139_7_93,,,7.93
E44_4_406,4.406,,
E118_0_24,0.24,,
E20_2_243,,,2.243
E42_7_85,,,7.85
E117_3_845,,3.845,
E92_1_442,,,1.442
E117_0_401,,0.401,
E80_6_328,,6.328,
E78_4_406,,,4.406
E114_3_444,3.444,,
E114_3_364,3.364,,
E51_7_369,,7.369,
E80_5_607,,5.607,
E125_7_93,7.93,,
E70_7_61,7.61,,
E3_7_77,,7.77,
E1_4_325,,,4.325
E94_0_24,,0.24,
E20_7_289,,,7.289
E56_1_041,,,1.041
E147_2_083,,,2.083
E1_4_085,,,4.085
E99_5_927,,,5.927
E80_5_207,,5.207,
E22_0_0,,,0.0
E147_6_088,,,6.088
E105_2_723,2.723,,
E77_5_046,5.046,,
E89_2_964,2.964,,
E111_0_561,0.561,,
E81_1_922,1.922,,
E46_7_209,,,7.209
E130_2_083,,2.083,
E111_5_126,5.126,,
E40_3_124,3.124,,
E81_0_721,0.721,,
E49_3_364,3.364,,
E15_6_568,,6.568,
E76_5_207,5.207,,
E106_6_809,6.809,,
E145_1_121,,,1.121
E7_1_602,1.602,,
E94_0_721,,0.721,
E134_2_643,2.643,,
E123_3_605,,3.605,
E118_3_845,3.845,,
E67_5_287,,5.287,
E80_4_085,,4.085,
E106_4_646,4.646,,
E63_6_008,,,6.008
E0_7_289,,7.289,
E56_4_806,,,4.806
E29_3_925,,,3.925
E74_5_687,,5.687,
E118_4_406,4.406,,
E28_2_563,,2.563,
E63_4_325,,,4.325
E107_7_529,,7.529,
E134_5_767,5.767,,
E133_0_08,,0.08,
E18_7_529,7.529,,
E18_3_044,3.044,,
E85_4_165,,4.165,
E18_2_163,2.163,,
E100_3_925,,3.925,
E130_0_881,,0.881,
E44_7_61,7.61,,
E87_0_961,0.961,,
E95_6_648,,,6.648
E56_0_801,,,0.801
E16_7_529,7.529,,
E0_2_403,,2.403,
E92_5_447,,,5.447
E130_7_85,,7.85,
E113_6_168,,,6.168
E80_2_643,,2.643,
E64_5_207,5.207,,
E0_0_881,,0.881,
E52_0_961,,,0.961
E54_3_444,3.444,,
E134_3_124,3.124,,
E28_6_889,,6.889,
E65_2_643,2.643,,
E12_0_801,0.801,,
E126_2_243,,2.243,
E94_4_646,,4.646,
E21_2_723,2.723,,
E84_7_209,,,7.209
E39_0_401,,0.401,
E136_1_282,,,1.282
E64_4_566,4.566,,
E21_5_847,5.847,,
E49_1_041,1.041,,
E49_3_845,3.845,,
E148_3_845,,3.845,
E115_5_687,,5.687,
E145_3_284,,,3.284
E84_1_442,,,1.442
E86_0_401,0.401,,
E18_0_24,0.24,,
E37_4_325,4.325,,
E136_2_083,,,2.083
E42_6_809,,,6.809
E99_1_522,,,1.522
E9_2_563,,2.563,
E11_2_643,,2.643,
E70_1_202,1.202,,
E10_5_447,,,5.447
E81_3_284,3.284,,
E65_1_282,1.282,,
E45_2_403,,2.403,
E15_4_566,,4.566,
E75_2_643,2.643,,
E4_5_927,,,5.927
E58_4_886,,,4.886
E34_4_085,4.085,,
E103_5_767,,5.767,
E28_3_605,,3.605,
E21_3_444,3.444,,
E4_3_765,,,3.765
E106_4_005,4.005,,
E58_2_083,,,2.083
E37_7_69,7.69,,
E21_7_289,7.289,,
E46_4_245,,,4.245
E46_4_005,,,4.005
E78_4_566,,,4.566
E92_6_728,,,6.728
E88_0_801,0.801,,
E14_4_406,,,4.406
E81_6_408,6.408,,
E94_0_561,,0.561,
E121_5_687,,,5.687
E13_0_401,,,0.401
E74_1_041,,1.041,
E63_6_889,,,6.889
E102_7_289,,,7.289
E66_1_842,,,1.842
E148_1_842,,1.842,
E118_0_881,0.881,,
E60_5_847,,5.847,
E140_7_209,,,7.209
E145_1_602,,,1.602
E121_7_77,,,7.77
E129_7_93,,,7.93
E14_2_563,,,2.563
E110_7_77,,7.77,
E31_2_083,,2.083,
E76_5_767,5.767,,
E129_7_85,,,7.85
E9_7_209,,7.209,
E86_6_408,6.408,,
E37_1_362,1.362,,
E62_0_401,,0.401,
E96_5_527,5.527,,
E74_3_685,,3.685,
E136_0_801,,,0.801
E107_4_005,,4.005,
E11_5_207,,5.207,
E103_4_886,,4.886,
E64_3_685,3.685,,
E34_4_726,4.726,,
E94_2_483,,2.483,
E83_4_646,,,4.646
E67_3_605,,3.605,
E51_6_969,,6.969,
E17_6_889,,6.889,
E129_5_687,,,5.687
E40_2_163,2.163,,
E52_0_401,,,0.401
E14_0_0,,,0.0
E51_3_925,,3.925,
E148_4_005,,4.005,
E17_5_687,,5.687,
E101_4_966,,4.966,
E86_4_726,4.726,,
E102_4_165,,,4.165
E20_2_323,,,2.323
E6_7_289,,,7.289
E29_0_0,,,0.0
E74_1_842,,1.842,
E66_7_85,,,7.85
E80_6_008,,6.008,
E47_5_447,,,5.447
E73_3_044,,3.044,
E22_6_648,,,6.648
E110_5_367,,5.367,
E21_1_362,1.362,,
E95_4_325,,,4.325
E0_6_088,,6.088,
E96_3_204,3.204,,
E124_6_408,6.408,,
E60_4_966,,4.966,
E53_6_969,,6.969,
E3_2_483,,2.483,
E5_4_646,4.646,,
E49_7_129,7.129,,
E39_7_77,,7.77,
E39_0_641,,0.641,
E40_2_323,2.323,,
E66_5_767,,,5.767
E7_7_61,7.61,,
E13_7_049,,,7.049
E88_2_003,2.003,,
E148_3_925,,3.925,
E54_3_204,3.204,,
E58_5_767,,,5.767
E115_4_085,,4.085,
E143_0_08,,,0.08
E42_7_529,,,7.529
E142_6_408,,,6.408
E128_3_284,,3.284,
E143_2_323,,,2.323
E70_2_243,2.243,,
E22_2_964,,,2.964
E115_2_804,,2.804,
E49_5_447,5.447,,
E54_0_481,0.481,,
E1_0_801,,,0.801
E67_2_643,,2.643,
E92_6_889,,,6.889
E103_2_884,,2.884,
E133_3_364,,3.364,
E148_5_046,,5.046,
E88_3_204,3.204,,
E16_0_0,0.0,,
E93_4_005,4.005,,
E81_2_403,2.403,,
E139_2_643,,,2.643
E85_2_884,,2.884,
E122_4_406,,,4.406
E47_3_845,,,3.845
E45_2_163,,2.163,
E84_4_085,,,4.085
E126_6_408,,6.408,
E111_2_003,2.003,,
E115_5_527,,5.527,
E77_3_204,3.204,,
E102_4_406,,,4.406
E130_3_364,,3.364,
E136_5_927,,,5.927
E73_1_842,,1.842,
E67_2_003,,2.003,
E64_7_209,7.209,,
E76_2_083,2.083,,
E20_3_444,,,3.444
E128_5_046,,5.046,
E66_2_804,,,2.804
E26_3_044,3.044,,
E134_6_889,6.889,,
E16_5_207,5.207,,
E66_1_121,,,1.121
E7_6_488,6.488,,
E123_7_61,,7.61,
E147_5_527,,,5.527
E65_7_69,7.69,,
E133_6_889,,6.889,
E88_3_364,3.364,,
E3_4_245,,4.245,
E49_2_643,2.643,,
E92_3_765,,,3.765
E142_3_605,,,3.605
E0_7_369,,7.369,
E121_7_049,,,7.049
E11_5_367,,5.367,
E110_2_643,,2.643,
E11_7_93,,7.93,
E105_4_726,4.726,,
E16_7_69,7.69,,
E136_7_369,,,7.369
E29_2_483,,,2.483
E129_3_925,,,3.925
E29_2_643,,,2.643
E136_2_403,,,2.403
E67_1_442,,1.442,
E83_1_202,,,1.202
E83_4_806,,,4.806
E144_7_61,7.61,,
E2_6_168,6.168,,
E0_0_0,,0.0,
E39_0_561,,0.561,
E42_0_641,,,0.641
E103_1_682,,1.682,
E106_6_488,6.488,,
E20_6_008,,,6.008
E9_5_447,,5.447,
E83_0_16,,,0.16
E81_5_367,5.367,,
E20_2_083,,,2.083
E5_7_69,7.69,,
E129_2_403,,,2.403
E80_0_16,,0.16,
E99_6_648,,,6.648
E145_5_607,,,5.607
E60_1_282,,1.282,
E54_5_207,5.207,,
E45_1_762,,1.762,
E118_2_243,2.243,,
E2_4_886,4.886,,
E11_3_124,,3.124,
E126_3_204,,3.204,
E7_5_607,5.607,,
E18_6_008,6.008,,
E28_7_77,,7.77,
E4_2_804,,,2.804
E105_7_209,7.209,,
E96_6_008,6.008,,
E52_5_847,,,5.847
E105_0_16,0.16,,
E73_6_248,,6.248,
E0_1_041,,1.041,
E101_0_401,,0.401,
E139_0_801,,,0.801
E106_4_085,4.085,,
E84_5_207,,,5.207
E89_3_925,3.925,,
E88_5_847,5.847,,
E18_6_648,6.648,,
E142_1_202,,,1.202
E85_7_61,,7.61,
E136_5_607,,,5.607
E136_4_806,,,4.806
E95_5_046,,,5.046
E121_2_163,,,2.163
E47_6_809,,,6.809
E125_7_529,7.529,,
E53_3_605,,3.605,
E29_6_969,,,6.969
E70_6_488,6.488,,
E144_4_486,4.486,,
E44_6_408,6.408,,
E31_4_566,,4.566,
E22_2_643,,,2.643
E101_0_721,,0.721,
E73_4_886,,4.886,
E73_7_93,,7.93,
E45_0_881,,0.881,
E121_3_204,,,3.204
E107_3_284,,3.284,
E54_0_721,0.721,,
E115_5_126,,5.126,
E110_1_922,,1.922,
E96_7_209,7.209,,
E15_6_969,,6.969,
E44_6_648,6.648,,
E17_4_886,,4.886,
E51_2_884,,2.884,
E34_5_046,5.046,,
E22_7_77,,,7.77
E44_1_922,1.922,,
E81_4_245,4.245,,
E115_6_728,,6.728,
E68_0_08,,,0.08
E92_3_524,,,3.524
E128_7_61,,7.61,
E144_1_842,1.842,,
E134_3_044,3.044,,
E33_0_481,,0.481,
E45_0_481,,0.481,
E16_7_209,7.209,,
E111_4_886,4.886,,
E140_0_24,,,0.24
E122_5_847,,,5.847
E99_4_566,,,4.566
E117_6_648,,6.648,
E130_5_607,,5.607,
E12_3_524,3.524,,
E96_1_121,1.121,,
E15_3_044,,3.044,
E17_2_723,,2.723,
E58_1_282,,,1.282
E47_6_728,,,6.728
E104_0_721,,0.721,
E140_5_447,,,5.447
E77_4_325,4.325,,
E81_2_643,2.643,,
E73_3_765,,3.765,
E42_4_806,,,4.806
E105_3_605,3.605,,
E71_2_804,,2.804,
E128_1_922,,1.922,
E63_0_961,,,0.961
E46_5_607,,,5.607
E12_2_563,2.563,,
E70_3_364,3.364,,
E60_5_927,,5.927,
E5_3_685,3.685,,
E6_0_961,,,0.961
E114_1_682,1.682,,
E22_7_449,,,7.449
E42_6_328,,,6.328
E84_1_762,,,1.762
E56_3_444,,,3.444
E14_5_207,,,5.207
E40_2_403,2.403,,
E145_2_804,,,2.804
E6_2_163,,,2.163
E37_5_847,5.847,,
E6_7_61,,,7.61
E118_1_362,1.362,,
E35_7_529,,7.529,
E79_3_685,3.685,,
E80_2_483,,2.483,
E78_5_607,,,5.607
E21_6_728,6.728,,
E5_1_121,1.121,,
E89_3_524,3.524,,
E111_4_646,4.646,,
E62_0_721,,0.721,
E56_1_362,,,1.362
E49_5_687,5.687,,
E62_6_248,,6.248,
E126_1_522,,1.522,
E2_0_401,0.401,,
E136_0_0,,,0.0
E75_1_842,1.842,,
E107_2_723,,2.723,
E51_4_486,,4.486,
E28_1_202,,1.202,
E73_0_881,,0.881,
E46_1_442,,,1.442
E34_7_449,7.449,,
E140_1_762,,,1.762
E76_6_168,6.168,,
E64_4_165,4.165,,
E20_0_401,,,0.401
E118_4_566,4.566,,
E125_0_08,0.08,,
E96_7_289,7.289,,
E129_5_847,,,5.847
E143_3_605,,,3.605
E126_5_447,,5.447,
E40_4_406,4.406,,
E142_1_362,,,1.362
E124_3_524,3.524,,
E122_7_69,,,7.69
E118_4_005,4.005,,
E75_5_287,5.287,,
E31_3_845,,3.845,
E95_7_209,,,7.209
E101_1_842,,1.842,
E122_0_16,,,0.16
E117_6_728,,6.728,
E104_1_602,,1.602,
E118_4_486,4.486,,
E121_4_486,,,4.486
E74_7_049,,7.049,
E103_6_488,,6.488,
E148_4_726,,4.726,
E6_6_969,,,6.969
E103_0_16,,0.16,
E140_4_085,,,4.085
E107_1_442,,1.442,
E47_2_403,,,2.403
E68_5_207,,,5.207
E71_2_323,,2.323,
E105_7_69,7.69,,
E45_7_61,,7.61,
E101_1_522,,1.522,
E54_7_209,7.209,,
E78_4_886,,,4.886
E76_5_447,5.447,,
E88_2_403,2.403,,
E129_3_204,,,3.204
E73_5_207,,5.207,
E54_0_561,0.561,,
E115_7_289,,7.289,
E15_1_202,,1.202,
E130_6_488,,6.488,
E111_3_284,3.284,,
E47_2_083,,,2.083
E147_0_401,,,0.401
E83_4_325,,,4.325
E35_3_845,,3.845,
E45_4_726,,4.726,
E126_4_005,,4.005,
E128_0_0,,0.0,
E4_5_447,,,5.447
E53_6_568,,6.568,
E102_6_809,,,6.809
E94_0_641,,0.641,
E100_6_969,,6.969,
E89_2_003,2.003,,
E99_1_041,,,1.041
E54_5_126,5.126,,
E16_1_842,1.842,,
E33_0_801,,0.801,
E0_5_847,,5.847,
E64_1_202,1.202,,
E68_2_884,,,2.884
E126_5_767,,5.767,
E54_1_282,1.282,,
E148_7_209,,7.209,
E4_5_367,,,5.367
E34_7_69,7.69,,
E124_2_323,2.323,,
E115_2_884,,2.884,
E34_1_202,1.202,,
E0_2_243,,2.243,
E11_0_721,,0.721,
E96_1_282,1.282,,
E56_6_088,,,6.088
E100_1_922,,1.922,
E123_5_527,,5.527,
E101_6_168,,6.168,
E34_3_364,3.364,,
E13_2_083,,,2.083
E9_4_806,,4.806,
E18_0_0,0.0,,
E114_2_804,2.804,,
E88_3_124,3.124,,
E9_0_401,,0.401,
E14_5_447,,,5.447
E143_6_168,,,6.168
E76_1_602,1.602,,
E107_6_408,,6.408,
E98_7_369,,,7.369
E67_1_922,,1.922,
E121_1_602,,,1.602
E62_5_367,,5.367,
E56_2_563,,,2.563
E142_5_287,,,5.287
E26_0_881,0.881,,
E76_4_005,4.005,,
E96_0_0,0.0,,
E122_1_602,,,1.602
E78_5_527,,,5.527
E65_1_442,1.442,,
E2_7_77,7.77,,
E101_3_765,,3.765,
E7_2_884,2.884,,
E96_4_325,4.325,,
E56_4_886,,,4.886
E14_7_369,,,7.369
E68_5_367,,,5.367
E81_1_522,1.522,,
E125_6_488,6.488,,
E46_0_721,,,0.721
E102_2_323,,,2.323
E148_2_163,,2.163,
E81_6_008,6.008,,
E5_1_842,1.842,,
E85_3_765,,3.765,
E16_2_323,2.323,,
E58_6_809,,,6.809
E6_0_881,,,0.881
E147_5_847,,,5.847
E142_6_889,,,6.889
E126_5_287,,5.287,
E111_0_24,0.24,,
E21_1_682,1.682,,
E115_2_723,,2.723,
E86_5_447,5.447,,
E49_4_726,4.726,,
E100_6_648,,6.648,
E134_0_401,0.401,,
E53_5_126,,5.126,
E114_4_245,4.245,,
E20_0_801,,,0.801
E124_6_168,6.168,,
E70_7_77,7.77,,
E15_3_685,,3.685,
E70_1_682,1.682,,
E16_3_605,3.605,,
E31_4_165,,4.165,
E134_4_325,4.325,,
E145_0_32,,,0.32
E67_0_32,,0.32,
E74_4_806,,4.806,
E34_2_403,2.403,,
E81_7_449,7.449,,
E7_5_847,5.847,,
E104_4_886,,4.886,
E84_5_527,,,5.527
E63_7_129,,,7.129
E129_7_369,,,7.369
E60_6_008,,6.008,
E110_4_886,,4.886,
E78_0_32,,,0.32
E70_5_527,5.527,,
E92_1_762,,,1.762
E54_5_767,5.767,,
E101_7_77,,7.77,
E85_4_886,,4.886,
E6_2_884,,,2.884
E80_0_08,,0.08,
E115_7_449,,7.449,
E51_4_886,,4.886,
E133_7_449,,7.449,
E136_3_765,,,3.765
E31_5_207,,5.207,
E96_1_842,1.842,,
E142_6_328,,,6.328
E16_6_008,6.008,,
E33_6_488,,6.488,
E20_3_524,,,3.524
E12_1_682,1.682,,
E147_6_008,,,6.008
E1_3_765,,,3.765
E144_1_522,1.522,,
E54_2_884,2.884,,
E94_1_121,,1.121,
E58_0_16,,,0.16
E76_2_003,2.003,,
E124_7_369,7.369,,
E79_3_364,3.364,,
E37_3_124,3.124,,
E93_7_93,7.93,,
E44_0_641,0.641,,
E68_6_568,,,6.568
E145_4_646,,,4.646
E18_2_323,2.323,,
E93_7_61,7.61,,
E62_6_568,,6.568,
E46_6_408,,,6.408
E96_0_641,0.641,,
E44_0_801,0.801,,
E21_4_085,4.085,,
E128_1_522,,1.522,
E14_3_044,,,3.044
E40_4_886,4.886,,
E20_4_005,,,4.005
E87_5_207,5.207,,
E76_1_842,1.842,,
E93_2_563,2.563,,
E94_0_16,,0.16,
E107_5_447,,5.447,
E29_1_682,,,1.682
E52_2_563,,,2.563
E6_3_605,,,3.605
E85_2_163,,2.163,
E9_7_85,,7.85,
E52_7_209,,,7.209
E60_7_85,,7.85,
E70_5_046,5.046,,
E77_0_641,0.641,,
E124_5_447,5.447,,
E17_6_648,,6.648,
E79_3_524,3.524,,
E121_7_209,,,7.209
E29_7_129,,,7.129
E125_1_602,1.602,,
E129_6_969,,,6.969
E52_0_641,,,0.641
E44_2_804,2.804,,
E1_4_566,,,4.566
E117_5_527,,5.527,
E44_1_682,1.682,,
E103_6_008,,6.008,
E67_1_362,,1.362,
E128_7_69,,7.69,
E60_1_842,,1.842,
E7_0_481,0.481,,
E52_1_121,,,1.121
E142_7_61,,,7.61
E140_1_041,,,1.041
E62_4_806,,4.806,
E58_4_325,,,4.325
E14_0_16,,,0.16
E53_4_245,,4.245,
E76_0_721,0.721,,
E22_3_284,,,3.284
E53_4_165,,4.165,
E47_4_966,,,4.966
E114_3_044,3.044,,
E78_2_563,,,2.563
E93_6_889,6.889,,
E68_5_046,,,5.046
E11_1_442,,1.442,
E118_1_922,1.922,,
E29_6_008,,,6.008
E114_7_049,7.049,,
E103_1_202,,1.202,
E126_0_721,,0.721,
E75_5_126,5.126,,
E130_6_408,,6.408,
E53_4_486,,4.486,
E85_3_605,,3.605,
E66_4_406,,,4.406
E89_2_323,2.323,,
E17_0_561,,0.561,
E18_7_69,7.69,,
E113_1_282,,,1.282
E147_6_168,,,6.168
E83_0_881,,,0.881
E37_2_563,2.563,,
E44_0_24,0.24,,
E95_3_444,,,3.444
E122_0_881,,,0.881
E7_6_168,6.168,,
E7_1_522,1.522,,
E106_7_289,7.289,,
E118_3_765,3.765,,
E73_0_16,,0.16,
E143_3_685,,,3.685
E22_4_806,,,4.806
E117_4_566,,4.566,
E103_7_529,,7.529,
E144_7_289,7.289,,
E75_4_726,4.726,,
E65_2_483,2.483,,
E10_1_682,,,1.682
E44_2_723,2.723,,
E102_5_767,,,5.767
E4_3_685,,,3.685
E54_2_243,2.243,,
E100_2_403,,2.403,
E144_2_243,2.243,,
E52_3_204,,,3.204
E76_0_0,0.0,,
E44_3_685,3.685,,
E111_3_524,3.524,,
E14_0_881,,,0.881
E144_3_444,3.444,,
E63_1_041,,,1.041
E144_4_966,4.966,,
E7_0_32,0.32,,
E104_1_121,,1.121,
E31_6_969,,6.969,
E66_0_881,,,0.881
E110_4_486,,4.486,
E121_7_289,,,7.289
E31_1_602,,1.602,
E134_1_682,1.682,,
E111_2_243,2.243,,
E85_4_245,,4.245,
E125_6_008,6.008,,
E31_3_765,,3.765,
E1_5_287,,,5.287
E107_2_563,,2.563,
E114_3_524,3.524,,
E134_2_403,2.403,,
E40_0_24,0.24,,
E81_4_486,4.486,,
E103_0_32,,0.32,
E115_2_083,,2.083,
E86_1_202,1.202,,
E4_1_282,,,1.282
E99_1_682,,,1.682
E103_0_641,,0.641,
E18_4_646,4.646,,
E21_0_801,0.801,,
E28_6_088,,6.088,
E129_4_406,,,4.406
E6_2_003,,,2.003
E107_6_969,,6.969,
E3_4_966,,4.966,
E145_4_886,,,4.886
E67_1_682,,1.682,
E111_6_008,6.008,,
E98_2_563,,,2.563
E37_7_049,7.049,,
E142_7_529,,,7.529
E113_4_726,,,4.726
E10_1_442,,,1.442
E22_1_522,,,1.522
E129_0_561,,,0.561
E15_1_522,,1.522,
E118_7_129,7.129,,
E140_4_245,,,4.245
E44_3_284,3.284,,
E66_5_447,,,5.447
E29_5_527,,,5.527
E147_7_289,,,7.289
E89_4_325,4.325,,
E65_5_767,5.767,,
E44_3_044,3.044,,
E11_0_641,,0.641,
E85_3_524,,3.524,
E2_6_088,6.088,,
E139_0_961,,,0.961
E106_1_842,1.842,,
E45_5_607,,5.607,
E93_3_845,3.845,,
E128_3_124,,3.124,
E133_6_248,,6.248,
E2_3_364,3.364,,
E21_4_646,4.646,,
E144_3_605,3.605,,
E99_1_282,,,1.282
E136_7_449,,,7.449
E113_0_881,,,0.881
E110_6_728,,6.728,
E68_3_444,,,3.444
E100_1_442,,1.442,
E10_6_568,,,6.568
E64_1_442,1.442,,
E105_1_682,1.682,,
E100_5_287,,5.287,
E79_1_762,1.762,,
E93_0_32,0.32,,
E103_6_809,,6.809,
E142_1_282,,,1.282
E87_4_886,4.886,,
E9_4_245,,4.245,
E53_7_77,,7.77,
E101_2_964,,2.964,
E139_6_248,,,6.248
E64_5_767,5.767,,
E47_2_723,,,2.723
E33_1_842,,1.842,
E3_6_969,,6.969,
E6_3_204,,,3.204
E143_5_927,,,5.927
E96_1_522,1.522,,
E11_4_806,,4.806,
E101_7_529,,7.529,
E35_7_049,,7.049,
E136_0_961,,,0.961
E40_4_005,4.005,,
E84_3_284,,,3.284
E145_2_323,,,2.323
E95_6_168,,,6.168
E143_7_209,,,7.209
E75_4_085,4.085,,
E78_1_121,,,1.121
E3_7_449,,7.449,
E34_2_884,2.884,,
E47_0_961,,,0.961
E56_1_522,,,1.522
E64_3_925,3.925,,
E96_2_723,2.723,,
E16_2_483,2.483,,
E88_4_406,4.406,,
E125_4_486,4.486,,
E74_5_126,,5.126,
E103_6_969,,6.969,
E87_3_284,3.284,,
E12_1_282,1.282,,
E99_2_003,,,2.003
E93_4_726,4.726,,
E42_3_605,,,3.605
E2_5_927,5.927,,
E80_2_163,,2.163,
E78_1_202,,,1.202
E118_4_085,4.085,,
E53_3_444,,3.444,
E71_0_641,,0.641,
E75_4_165,4.165,,
E92_4_486,,,4.486
E124_1_522,1.522,,
E77_4_806,4.806,,
E70_2_163,2.163,,
E100_6_248,,6.248,
E39_1_522,,1.522,
E85_2_483,,2.483,
E54_1_922,1.922,,
E105_5_126,5.126,,
E28_6_969,,6.969,
E148_2_243,,2.243,
E80_6_889,,6.889,
E1_5_847,,,5.847
E45_2_723,,2.723,
E34_1_762,1.762,,
E134_6_568,6.568,,
E2_1_762,1.762,,
E49_5_847,5.847,,
E139_1_202,,,1.202
E118_0_401,0.401,,
E21_7_69,7.69,,
E101_4_566,,4.566,
E45_7_69,,7.69,
E125_3_605,3.605,,
E133_0_961,,0.961,
E20_7_449,,,7.449
E89_6_969,6.969,,
E29_5_447,,,5.447
E10_2_243,,,2.243
E96_6_488,6.488,,
E96_4_726,4.726,,
E1_5_687,,,5.687
E117_0_961,,0.961,
E49_0_16,0.16,,
E12_0_961,0.961,,
E28_3_044,,3.044,
E80_6_168,,6.168,
E130_6_248,,6.248,
E33_4_005,,4.005,
E67_0_801,,0.801,
E1_6_328,,,6.328
E113_0_32,,,0.32
E6_6_168,,,6.168
E9_4_566,,4.566,
E58_1_121,,,1.121
E9_4_966,,4.966,
E42_7_049,,,7.049
E121_6_328,,,6.328
E52_5_287,,,5.287
E89_1_842,1.842,,
E106_3_364,3.364,,
E16_0_401,0.401,,
E139_6_648,,,6.648
E98_3_925,,,3.925
E100_3_524,,3.524,
E104_5_927,,5.927,
E40_1_041,1.041,,
E39_7_449,,7.449,
E68_5_687,,,5.687
E133_7_049,,7.049,
E115_6_568,,6.568,
E21_4_165,4.165,,
E93_3_444,3.444,,
E54_1_041,1.041,,
E89_0_641,0.641,,
E56_2_243,,,2.243
E85_0_0,,0.0,
E136_2_563,,,2.563
E78_1_602,,,1.602
E105_2_003,2.003,,
E29_1_522,,,1.522
E88_3_524,3.524,,
E10_2_003,,,2.003
E4_1_041,,,1.041
E0_0_641,,0.641,
E79_5_207,5.207,,
E87_2_483,2.483,,
E102_7_369,,,7.369
E33_3_845,,3.845,
E94_5_287,,5.287,
E56_0_881,,,0.881
E62_5_126,,5.126,
E5_2_964,2.964,,
E7_3_685,3.685,,
E53_4_566,,4.566,
E3_0_721,,0.721,
E124_0_561,0.561,,
E118_4_245,4.245,,
E58_6_248,,,6.248
E81_7_129,7.129,,
E40_6_168,6.168,,
E62_7_129,,7.129,
E104_1_682,,1.682,
E107_1_522,,1.522,
E74_5_447,,5.447,
E76_6_969,6.969,,
E125_4_886,4.886,,
E74_5_046,,5.046,
E125_2_403,2.403,,
E88_2_483,2.483,,
E129_2_563,,,2.563
E65_4_646,4.646,,
E77_4_886,4.886,,
E11_1_762,,1.762,
E1_0_401,,,0.401
E95_0_16,,,0.16
E126_7_69,,7.69,
E58_4_726,,,4.726
E6_4_806,,,4.806
E129_1_442,,,1.442
E75_6_648,6.648,,
E3_5_126,,5.126,
E130_2_323,,2.323,
E40_4_325,4.325,,
E123_2_403,,2.403,
E86_3_605,3.605,,
E31_7_289,,7.289,
E123_2_163,,2.163,
E14_3_444,,,3.444
E42_0_16,,,0.16
E31_4_005,,4.005,
E143_0_16,,,0.16
E74_2_083,,2.083,
E76_0_801,0.801,,
E58_4_486,,,4.486
E134_4_085,4.085,,
E13_2_403,,,2.403
E63_0_16,,,0.16
E44_6_889,6.889,,
E133_6_809,,6.809,
E14_2_163,,,2.163
E74_2_403,,2.403,
E110_3_925,,3.925,
E71_3_845,,3.845,
E56_7_69,,,7.69
E117_4_806,,4.806,
E103_4_486,,4.486,
E101_7_129,,7.129,
E89_3_845,3.845,,
E16_5_447,5.447,,
E78_7_93,,,7.93
E60_6_488,,6.488,
E79_6_809,6.809,,
E60_6_568,,6.568,
E134_1_041,1.041,,
E35_0_641,,0.641,
E104_3_284,,3.284,
E93_3_044,3.044,,
E29_3_524,,,3.524
E102_0_641,,,0.641
E142_2_163,,,2.163
E129_6_568,,,6.568
E94_4_325,,4.325,
E39_1_602,,1.602,
E118_7_85,7.85,,
E117_1_282,,1.282,
E110_4_406,,4.406,
E77_3_685,3.685,,
E128_2_723,,2.723,
E81_5_927,5.927,,
E54_5_447,5.447,,
E21_3_685,3.685,,
E56_0_961,,,0.961
E63_6_728,,,6.728
E7_4_165,4.165,,
E0_3_364,,3.364,
E46_6_809,,,6.809
E110_5_207,,5.207,
E103_2_003,,2.003,
E136_7_85,,,7.85
E84_3_524,,,3.524
E13_1_602,,,1.602
E130_0_32,,0.32,
E89_7_209,7.209,,
E102_3_124,,,3.124
E74_1_762,,1.762,
E101_0_08,,0.08,
E83_2_964,,,2.964
E35_3_605,,3.605,
E102_5_847,,,5.847
E20_1_602,,,1.602
E85_3_124,,3.124,
E75_2_723,2.723,,
E22_4_566,,,4.566
E1_6_008,,,6.008
E2_0_16,0.16,,
E66_0_16,,,0.16
E125_1_121,1.121,,
E39_1_922,,1.922,
E10_6_969,,,6.969
E142_1_522,,,1.522
E75_0_24,0.24,,
E133_6_568,,6.568,
E2_1_522,1.522,,
E5_7_449,7.449,,
E65_1_762,1.762,,
E10_4_566,,,4.566
E113_5_046,,,5.046
E75_1_121,1.121,,
E96_6_648,6.648,,
E37_6_488,6.488,,
E68_3_124,,,3.124
E20_2_884,,,2.884
E46_1_762,,,1.762
E102_2_964,,,2.964
E56_2_083,,,2.083
E31_2_003,,2.003,
E66_2_083,,,2.083
E102_7_449,,,7.449
E99_4_646,,,4.646
E53_1_602,,1.602,
E4_1_762,,,1.762
E117_3_364,,3.364,
E45_7_369,,7.369,
E76_7_85,7.85,,
E125_7_449,7.449,,
E46_3_685,,,3.685
E80_5_687,,5.687,
E81_1_362,1.362,,
E73_5_287,,5.287,
E21_5_287,5.287,,
E129_1_121,,,1.121
E114_6_408,6.408,,
E15_7_209,,7.209,
E17_2_964,,2.964,
E40_2_243,2.243,,
E100_5_687,,5.687,
E102_3_524,,,3.524
E20_2_163,,,2.163
E51_7_93,,7.93,
E94_5_367,,5.367,
E35_5_767,,5.767,
E115_7_61,,7.61,
E66_6_809,,,6.809
E111_4_726,4.726,,
E0_2_643,,2.643,
E5_5_046,5.046,,
E2_1_842,1.842,,
E49_6_008,6.008,,
E22_0_801,,,0.801
E94_3_044,,3.044,
E75_1_202,1.202,,
E39_6_728,,6.728,
E105_4_085,4.085,,
E79_7_129,7.129,,
E77_7_61,7.61,,
E46_3_444,,,3.444
E83_0_0,,,0.0
E124_1_682,1.682,,
E126_4_966,,4.966,
E77_7_93,7.93,,
E87_3_204,3.204,,
E11_4_325,,4.325,
E125_4_245,4.245,,
E143_5_847,,,5.847
E40_5_046,5.046,,
E3_3_124,,3.124,
E105_4_646,4.646,,
E15_3_925,,3.925,
E118_5_527,5.527,,
E2_0_801,0.801,,
E12_2_723,2.723,,
E130_4_806,,4.806,
E144_5_607,5.607,,
E14_5_847,,,5.847
E101_4_245,,4.245,
E39_1_682,,1.682,
E96_0_401,0.401,,
E1_5_126,,,5.126
E40_7_209,7.209,,
E74_6_889,,6.889,
E9_6_889,,6.889,
E121_3_605,,,3.605
E74_7_77,,7.77,
E68_0_24,,,0.24
E40_0_32,0.32,,
E68_7_69,,,7.69
E29_5_287,,,5.287
E10_1_362,,,1.362
E114_6_568,6.568,,
E86_2_243,2.243,,
E101_5_607,,5.607,
E15_1_442,,1.442,
E136_2_163,,,2.163
E0_1_442,,1.442,
E105_2_163,2.163,,
E95_7_369,,,7.369
E52_2_804,,,2.804
E34_7_61,7.61,,
E75_3_044,3.044,,
E53_2_723,,2.723,
E5_4_165,4.165,,
E111_0_401,0.401,,
E124_6_809,6.809,,
E70_6_648,6.648,,
E14_4_085,,,4.085
E22_5_927,,,5.927
E18_1_522,1.522,,
E110_4_165,,4.165,
E68_5_447,,,5.447
E74_6_969,,6.969,
E40_6_889,6.889,,
E12_7_93,7.93,,
E95_3_524,,,3.524
E37_1_282,1.282,,
E124_1_602,1.602,,
E18_4_966,4.966,,
E125_5_607,5.607,,
E99_2_163,,,2.163
E104_6_648,,6.648,
E66_1_442,,,1.442
E4_6_488,,,6.488
E105_1_522,1.522,,
E86_3_524,3.524,,
E85_2_083,,2.083,
E148_4_646,,4.646,
E52_2_723,,,2.723
E37_5_046,5.046,,
E1_1_762,,,1.762
E2_6_809,6.809,,
E67_2_163,,2.163,
E46_3_845,,,3.845
E39_6_328,,6.328,
E45_2_964,,2.964,
E73_6_809,,6.809,
E142_1_682,,,1.682
E58_5_046,,,5.046
E102_1_121,,,1.121
E14_4_005,,,4.005
E33_5_447,,5.447,
E60_7_369,,7.369,
E20_3_685,,,3.685
E66_6_328,,,6.328
E31_4_646,,4.646,
E34_3_204,3.204,,
E81_5_847,5.847,,
E102_2_403,,,2.403
E20_7_77,,,7.77
E104_2_884,,2.884,
E5_3_524,3.524,,
E0_4_165,,4.165,
E98_3_845,,,3.845
E121_6_568,,,6.568
E134_2_163,2.163,,
E124_6_969,6.969,,
E89_7_61,7.61,,
E65_6_969,6.969,,
E93_4_325,4.325,,
E9_4_646,,4.646,
E47_7_289,,,7.289
E118_5_687,5.687,,
E60_2_563,,2.563,
E147_1_602,,,1.602
E143_0_881,,,0.881
E124_5_287,5.287,,
E121_4_646,,,4.646
E20_0_481,,,0.481
E128_5_767,,5.767,
E115_3_444,,3.444,
E136_1_442,,,1.442
E63_4_886,,,4.886
E54_6_328,6.328,,
E86_7_289,7.289,,
E29_1_202,,,1.202
E105_0_881,0.881,,
E20_6_168,,,6.168
E5_0_961,0.961,,
E18_7_369,7.369,,
E34_1_282,1.282,,
E139_6_008,,,6.008
E9_1_041,,1.041,
E7_0_08,0.08,,
E145_3_204,,,3.204
E31_6_568,,6.568,
E117_0_641,,0.641,
E130_2_884,,2.884,
E76_1_041,1.041,,
E31_7_209,,7.209,
E92_4_325,,,4.325
E56_0_08,,,0.08
E78_1_762,,,1.762
E28_4_406,,4.406,
E111_5_847,5.847,,
E52_6_168,,,6.168
E93_7_209,7.209,,
E11_0_32,,0.32,
E125_6_809,6.809,,
E130_5_287,,5.287,
E77_1_602,1.602,,
E4_2_964,,,2.964
E144_7_129,7.129,,
E79_2_964,2.964,,
E39_4_165,,4.165,
E80_3_605,,3.605,
E87_7_77,7.77,,
E6_1_362,,,1.362
E44_6_248,6.248,,
E3_6_648,,6.648,
E117_2_003,,2.003,
E49_1_282,1.282,,
E22_1_282,,,1.282
E128_1_842,,1.842,
E148_0_561,,0.561,
E12_4_085,4.085,,
E7_5_126,5.126,,
E56_4_165,,,4.165
E5_6_248,6.248,,
E133_7_93,,7.93,
E104_3_124,,3.124,
E85_7_209,,7.209,
E22_7_61,,,7.61
E126_2_723,,2.723,
E17_4_726,,4.726,
E11_6_168,,6.168,
E107_5_126,,5.126,
E29_2_323,,,2.323
E111_0_08,0.08,,
E123_6_889,,6.889,
E53_2_483,,2.483,
E98_4_646,,,4.646
E51_0_24,,0.24,
E73_7_61,,7.61,
E58_3_925,,,3.925
E95_0_08,,,0.08
E98_4_966,,,4.966
E28_3_765,,3.765,
E77_0_0,0.0,,
E42_2_483,,,2.483
E28_6_248,,6.248,
E126_6_728,,6.728,
E77_6_408,6.408,,
E118_4_165,4.165,,
E84_3_364,,,3.364
E123_3_124,,3.124,
E78_3_204,,,3.204
E37_4_165,4.165,,
E88_6_568,6.568,,
E18_2_083,2.083,,
E39_6_488,,6.488,
E88_7_129,7.129,,
E56_6_408,,,6.408
E98_1_282,,,1.282
E34_1_442,1.442,,
E80_7_77,,7.77,
E95_0_721,,,0.721
E31_4_085,,4.085,
E139_2_483,,,2.483
E77_0_24,0.24,,
E76_5_607,5.607,,
E52_4_085,,,4.085
E49_2_723,2.723,,
E47_0_32,,,0.32
E114_3_925,3.925,,
E18_4_165,4.165,,
E7_4_806,4.806,,
E77_5_687,5.687,,
E100_1_522,,1.522,
E145_5_847,,,5.847
E12_7_049,7.049,,
E126_5_607,,5.607,
E7_4_966,4.966,,
E14_4_886,,,4.886
E134_0_561,0.561,,
E106_3_605,3.605,,
E7_1_121,1.121,,
E98_3_605,,,3.605
E68_5_607,,,5.607
E53_6_488,,6.488,
E21_2_563,2.563,,
E12_6_328,6.328,,
E89_7_049,7.049,,
E46_4_646,,,4.646
E103_1_602,,1.602,
E142_6_648,,,6.648
E20_6_088,,,6.088
E128_2_563,,2.563,
E85_4_566,,4.566,
E54_6_809,6.809,,
E71_7_529,,7.529,
E102_2_723,,,2.723
E18_6_809,6.809,,
E133_2_804,,2.804,
E92_5_767,,,5.767
E99_5_287,,,5.287
E103_6_728,,6.728,
E130_1_602,,1.602,
E64_2_643,2.643,,
E49_0_08,0.08,,
E99_6_568,,,6.568
E34_5_687,5.687,,
E110_1_041,,1.041,
E7_1_442,1.442,,
E66_3_044,,,3.044
E11_5_687,,5.687,
E145_4_005,,,4.005
E44_6_088,6.088,,
E101_4_165,,4.165,
E46_4_886,,,4.886
E93_4_886,4.886,,
E117_4_325,,4.325,
E93_2_483,2.483,,
E11_3_524,,3.524,
E4_5_046,,,5.046
E104_4_005,,4.005,
E56_4_966,,,4.966
E44_7_93,7.93,,
E66_0_561,,,0.561
E51_5_367,,5.367,
E78_6_889,,,6.889
E47_5_367,,,5.367
E98_4_726,,,4.726
E84_5_767,,,5.767
E68_0_561,,,0.561
E75_2_083,2.083,,
E0_0_16,,0.16,
E28_0_0,,0.0,
E54_4_245,4.245,,
E102_6_969,,,6.969
E125_5_927,5.927,,
E4_2_083,,,2.083
E87_0_641,0.641,,
E140_6_328,,,6.328
E49_7_69,7.69,,
E45_3_204,,3.204,
E86_3_204,3.204,,
E96_0_32,0.32,,
E95_2_083,,,2.083
E113_0_801,,,0.801
E78_1_041,,,1.041
E104_0_481,,0.481,
E85_0_32,,0.32,
E20_5_527,,,5.527
E128_6_488,,6.488,
E0_2_083,,2.083,
E111_5_046,5.046,,
E94_1_602,,1.602,
E44_5_126,5.126,,
E88_5_607,5.607,,
E114_6_488,6.488,,
E95_3_925,,,3.925
E39_2_243,,2.243,
E64_6_969,6.969,,
E71_0_561,,0.561,
E68_2_163,,,2.163
E113_2_964,,,2.964
E37_5_367,5.367,,
E80_0_24,,0.24,
E51_0_881,,0.881,
E122_1_121,,,1.121
E20_5_367,,,5.367
E40_3_444,3.444,,
E71_5_447,,5.447,
E13_3_044,,,3.044
E102_4_085,,,4.085
E26_4_325,4.325,,
E34_4_005,4.005,,
E93_1_522,1.522,,
E58_2_163,,,2.163
E133_7_77,,7.77,
E63_3_524,,,3.524
E126_3_524,,3.524,
E136_2_723,,,2.723
E10_5_527,,,5.527
E62_3_605,,3.605,
E49_3_925,3.925,,
E96_5_847,5.847,,
E13_5_046,,,5.046
E93_1_202,1.202,,
E65_2_163,2.163,,
E21_1_442,1.442,,
E115_0_961,,0.961,
E73_7_049,,7.049,
E66_7_61,,,7.61
E46_5_447,,,5.447
E26_0_401,0.401,,
E67_3_044,,3.044,
E124_3_124,3.124,,
E20_3_204,,,3.204
E34_3_444,3.444,,
E67_2_804,,2.804,
E49_5_767,5.767,,
E110_1_362,,1.362,
E29_3_364,,,3.364
E33_4_566,,4.566,
E147_5_927,,,5.927
E3_6_568,,6.568,
E145_5_687,,,5.687
E121_5_607,,,5.607
E34_1_522,1.522,,
E113_1_842,,,1.842
E64_3_524,3.524,,
E103_7_129,,7.129,
E139_0_32,,,0.32
E113_4_886,,,4.886
E20_5_927,,,5.927
E4_2_323,,,2.323
E93_7_85,7.85,,
E136_1_121,,,1.121
E39_2_643,,2.643,
E130_1_041,,1.041,
E63_2_243,,,2.243
E83_5_447,,,5.447
E60_0_961,,0.961,
E73_6_088,,6.088,
E80_5_367,,5.367,
E15_2_083,,2.083,
E42_4_886,,,4.886
E65_1_922,1.922,,
E77_5_207,5.207,,
E99_0_481,,,0.481
E52_0_16,,,0.16
E85_0_401,,0.401,
E6_5_126,,,5.126
E130_2_483,,2.483,
E95_0_24,,,0.24
E71_3_204,,3.204,
E144_2_804,2.804,,
E16_0_801,0.801,,
E20_3_284,,,3.284
E147_2_323,,,2.323
E88_1_121,1.121,,
E63_2_964,,,2.964
E124_3_364,3.364,,
E140_7_529,,,7.529
E99_4_005,,,4.005
E105_1_602,1.602,,
E64_2_723,2.723,,
E147_7_449,,,7.449
E74_5_527,,5.527,
E110_2_563,,2.563,
E5_0_32,0.32,,
E93_1_442,1.442,,
E125_0_481,0.481,,
E105_5_687,5.687,,
E128_2_403,,2.403,
E22_1_041,,,1.041
E148_7_289,,7.289,
E88_7_529,7.529,,
E143_1_762,,,1.762
E103_6_568,,6.568,
E113_5_207,,,5.207
E53_0_561,,0.561,
E111_6_488,6.488,,
E71_3_605,,3.605,
E12_7_85,7.85,,
E62_6_408,,6.408,
E79_5_847,5.847,,
E134_4_486,4.486,,
E33_2_003,,2.003,
E75_1_922,1.922,,
E20_2_643,,,2.643
E67_3_765,,3.765,
E18_7_209,7.209,,
E21_4_566,4.566,,
E17_7_93,,7.93,
E80_2_403,,2.403,
E113_0_401,,,0.401
E102_7_69,,,7.69
E16_7_93,7.93,,
E100_6_488,,6.488,
E107_1_202,,1.202,
E107_2_643,,2.643,
E121_5_927,,,5.927
E102_0_32,,,0.32
E143_2_403,,,2.403
E123_5_207,,5.207,
E124_5_767,5.767,,
E128_2_804,,2.804,
E6_3_124,,,3.124
E115_1_602,,1.602,
E21_2_804,2.804,,
E104_3_845,,3.845,
E46_2_563,,,2.563
E77_1_842,1.842,,
E21_5_126,5.126,,
E88_6_728,6.728,,
E58_0_24,,,0.24
E92_2_243,,,2.243
E86_4_966,4.966,,
E1_2_723,,,2.723
E74_4_165,,4.165,
E107_0_961,,0.961,
E26_7_69,7.69,,
E92_4_085,,,4.085
E3_1_522,,1.522,
E5_5_927,5.927,,
E83_6_969,,,6.969
E67_3_925,,3.925,
E104_7_69,,7.69,
E39_0_721,,0.721,
E15_4_325,,4.325,
E53_0_08,,0.08,
E35_6_008,,6.008,
E71_7_449,,7.449,
E37_1_442,1.442,,
E83_0_961,,,0.961
E125_3_284,3.284,,
E93_4_486,4.486,,
E106_3_124,3.124,,
E73_2_163,,2.163,
E28_1_282,,1.282,
E51_3_364,,3.364,
E54_5_527,5.527,,
E86_1_922,1.922,,
E113_2_884,,,2.884
E53_2_323,,2.323,
E29_4_726,,,4.726
E83_3_124,,,3.124
E98_5_607,,,5.607
E13_6_248,,,6.248
E87_6_008,6.008,,
E22_0_401,,,0.401
E100_3_364,,3.364,
E7_5_207,5.207,,
E124_7_289,7.289,,
E31_3_044,,3.044,
E96_0_561,0.561,,
E123_1_682,,1.682,
E13_3_685,,,3.685
E98_6_488,,,6.488
E98_6_328,,,6.328
E110_0_16,,0.16,
E113_6_088,,,6.088
E123_7_529,,7.529,
E100_1_602,,1.602,
E95_3_685,,,3.685
E54_0_16,0.16,,
E58_6_008,,,6.008
E47_4_486,,,4.486
E22_3_925,,,3.925
E117_6_809,,6.809,
E79_7_369,7.369,,
E51_7_449,,7.449,
E143_0_721,,,0.721
E140_2_403,,,2.403
E143_0_401,,,0.401
E99_2_403,,,2.403
E88_1_442,1.442,,
E7_4_085,4.085,,
E62_6_008,,6.008,
E122_2_323,,,2.323
E106_7_449,7.449,,
E51_2_243,,2.243,
E29_4_005,,,4.005
E33_4_886,,4.886,
E144_3_124,3.124,,
E105_2_563,2.563,,
E84_6_248,,,6.248
E84_7_529,,,7.529
E54_6_168,6.168,,
E143_5_287,,,5.287
E10_4_406,,,4.406
E147_6_728,,,6.728
E47_1_762,,,1.762
E66_5_847,,,5.847
E98_7_049,,,7.049
E140_2_243,,,2.243
E117_5_207,,5.207,
E110_0_801,,0.801,
E134_1_202,1.202,,
E21_1_522,1.522,,
E9_4_726,,4.726,
E66_7_209,,,7.209
E89_6_248,6.248,,
E9_1_202,,1.202,
E74_6_088,,6.088,
E104_2_003,,2.003,
E54_0_801,0.801,,
E84_4_325,,,4.325
E142_5_367,,,5.367
E86_3_765,3.765,,
E11_2_323,,2.323,
E147_5_367,,,5.367
E102_4_966,,,4.966
E18_0_561,0.561,,
E100_4_886,,4.886,
E129_5_207,,,5.207
E5_7_049,7.049,,
E35_3_364,,3.364,
E63_3_925,,,3.925
E4_3_444,,,3.444
E111_6_809,6.809,,
E45_3_364,,3.364,
E54_6_648,6.648,,
E65_4_165,4.165,,
E42_3_044,,,3.044
E64_0_881,0.881,,
E42_7_61,,,7.61
E11_4_966,,4.966,
E102_7_049,,,7.049
E92_4_165,,,4.165
E64_5_687,5.687,,
E18_7_449,7.449,,
E2_6_648,6.648,,
E7_4_646,4.646,,
E56_2_884,,,2.884
E122_4_886,,,4.886
E35_3_204,,3.204,
E42_4_245,,,4.245
E103_5_126,,5.126,
E39_2_163,,2.163,
E123_2_884,,2.884,
E40_3_524,3.524,,
E16_7_85,7.85,,
E18_4_085,4.085,,
E74_4_085,,4.085,
E4_2_163,,,2.163
E42_0_0,,,0.0
E29_3_765,,,3.765
E95_7_529,,,7.529
E1_6_248,,,6.248
E126_0_481,,0.481,
E28_1_041,,1.041,
E47_1_362,,,1.362
E139_7_61,,,7.61
E54_2_403,2.403,,
E21_7_77,7.77,,
E129_4_886,,,4.886
E140_5_126,,,5.126
E81_2_003,2.003,,
E79_7_209,7.209,,
E89_2_643,2.643,,
E114_1_522,1.522,,
E118_5_367,5.367,,
E102_4_566,,,4.566
E95_0_961,,,0.961
E10_1_762,,,1.762
E16_2_804,2.804,,
E123_4_245,,4.245,
E35_6_809,,6.809,
E128_7_449,,7.449,
E104_5_847,,5.847,
E93_3_204,3.204,,
E11_2_003,,2.003,
E80_0_881,,0.881,
E140_2_163,,,2.163
E144_0_961,0.961,,
E140_2_003,,,2.003
E121_4_566,,,4.566
E71_0_881,,0.881,
E129_1_602,,,1.602
E110_3_284,,3.284,
E144_1_121,1.121,,
E87_2_723,2.723,,
E34_5_847,5.847,,
E88_2_884,2.884,,
E93_5_046,5.046,,
E35_2_723,,2.723,
E129_6_809,,,6.809
E145_2_083,,,2.083
E5_0_721,0.721,,
E96_4_566,4.566,,
E16_2_403,2.403,,
E122_2_723,,,2.723
E34_5_126,5.126,,
E85_7_85,,7.85,
E31_1_041,,1.041,
E94_5_447,,5.447,
E148_1_202,,1.202,
E124_6_248,6.248,,
E133_1_842,,1.842,
E121_4_005,,,4.005
E63_1_282,,,1.282
E70_1_041,1.041,,
E11_7_369,,7.369,
E118_1_842,1.842,,
E98_4_886,,,4.886
E54_7_529,7.529,,
E71_1_842,,1.842,
E106_7_93,7.93,,
E60_7_449,,7.449,
E54_6_728,6.728,,
E134_6_488,6.488,,
E147_0_16,,,0.16
E42_7_289,,,7.289
E16_6_088,6.088,,
E20_6_328,,,6.328
E22_5_126,,,5.126
E111_1_202,1.202,,
E142_2_003,,,2.003
E140_4_005,,,4.005
E98_7_129,,,7.129
E117_3_685,,3.685,
E66_5_046,,,5.046
E142_2_643,,,2.643
E129_5_927,,,5.927
E84_5_687,,,5.687
E101_3_685,,3.685,
E147_3_524,,,3.524
E81_6_328,6.328,,
E126_7_449,,7.449,
E107_6_728,,6.728,
E101_1_202,,1.202,
E56_3_524,,,3.524
E118_4_886,4.886,,
E125_1_922,1.922,,
E113_1_682,,,1.682
E113_4_566,,,4.566
E11_7_049,,7.049,
E1_5_046,,,5.046
E139_5_687,,,5.687
E68_6_488,,,6.488
E13_5_207,,,5.207
E58_5_287,,,5.287
E130_1_442,,1.442,
E113_7_85,,,7.85
E40_4_806,4.806,,
E29_0_881,,,0.881
E6_4_406,,,4.406
E139_5_447,,,5.447
E18_7_61,7.61,,
E118_3_284,3.284,,
E53_4_005,,4.005,
E142_0_561,,,0.561
E147_1_362,,,1.362
E128_2_964,,2.964,
E96_6_728,6.728,,
E105_5_927,5.927,,
E85_6_488,,6.488,
E0_2_163,,2.163,
E124_7_449,7.449,,
E142_7_93,,,7.93
E21_0_641,0.641,,
E147_4_085,,,4.085
E62_1_762,,1.762,
E77_7_449,7.449,,
E87_7_61,7.61,,
E122_4_245,,,4.245
E85_6_168,,6.168,
E75_1_602,1.602,,
E18_4_325,4.325,,
E42_4_085,,,4.085
E17_6_728,,6.728,
E93_5_126,5.126,,
E110_2_723,,2.723,
E47_3_765,,,3.765
E84_4_966,,,4.966
E7_2_163,2.163,,
E47_0_641,,,0.641
E84_6_168,,,6.168
E136_0_561,,,0.561
E71_3_364,,3.364,
E76_4_325,4.325,,
E20_3_765,,,3.765
E99_5_607,,,5.607
E139_4_646,,,4.646
E114_7_93,7.93,,
E148_4_566,,4.566,
E63_7_93,,,7.93
E83_4_406,,,4.406
E121_7_69,,,7.69
E10_3_605,,,3.605
E78_0_16,,,0.16
E133_7_69,,7.69,
E63_4_486,,,4.486
E124_2_563,2.563,,
E67_6_568,,6.568,
E17_7_289,,7.289,
E64_2_964,2.964,,
E96_3_124,3.124,,
E105_4_325,4.325,,
E42_0_32,,,0.32
E136_5_767,,,5.767
E115_6_088,,6.088,
E62_0_481,,0.481,
E9_7_61,,7.61,
E88_0_08,0.08,,
E142_0_16,,,0.16
E2_7_93,7.93,,
E47_6_568,,,6.568
E51_5_287,,5.287,
E64_3_765,3.765,,
E94_7_449,,7.449,
E122_1_682,,,1.682
E78_3_444,,,3.444
E111_6_889,6.889,,
E34_4_245,4.245,,
E107_3_685,,3.685,
E16_6_728,6.728,,
E7_5_447,5.447,,
E87_1_602,1.602,,
E60_2_083,,2.083,
E123_3_204,,3.204,
E63_7_69,,,7.69
E134_7_369,7.369,,
E145_7_049,,,7.049
E114_1_282,1.282,,
E73_1_682,,1.682,
E34_4_325,4.325,,
E42_2_804,,,2.804
E115_7_529,,7.529,
E125_1_522,1.522,,
E124_2_163,2.163,,
E6_6_809,,,6.809
E22_1_121,,,1.121
E3_3_044,,3.044,
E117_1_522,,1.522,
E7_5_046,5.046,,
E15_4_646,,4.646,
E144_2_964,2.964,,
E51_5_687,,5.687,
E83_3_364,,,3.364
E75_5_527,5.527,,
E83_3_685,,,3.685
E145_2_403,,,2.403
E93_5_687,5.687,,
E117_7_69,,7.69,
E76_4_566,4.566,,
E68_2_003,,,2.003
E75_6_328,6.328,,
E92_3_845,,,3.845
E130_4_085,,4.085,
E70_1_842,1.842,,
E37_7_61,7.61,,
E123_2_483,,2.483,
E114_4_406,4.406,,
E123_4_726,,4.726,
E22_0_32,,,0.32
E142_5_046,,,5.046
E148_6_889,,6.889,
E139_7_129,,,7.129
E37_3_524,3.524,,
E88_7_449,7.449,,
E56_3_044,,,3.044
E65_5_847,5.847,,
E105_1_041,1.041,,
E52_5_927,,,5.927
E60_7_289,,7.289,
E4_7_449,,,7.449
E40_2_723,2.723,,
E37_6_568,6.568,,
E88_7_61,7.61,,
E98_2_163,,,2.163
E122_0_401,,,0.401
E60_3_605,,3.605,
E68_4_566,,,4.566
E13_0_641,,,0.641
E81_6_889,6.889,,
E3_5_767,,5.767,
E2_7_61,7.61,,
E0_7_93,,7.93,
E88_2_163,2.163,,
E122_7_129,,,7.129
E68_1_682,,,1.682
E85_1_602,,1.602,
E115_1_282,,1.282,
E7_4_726,4.726,,
E103_0_24,,0.24,
E78_7_85,,,7.85
E35_1_282,,1.282,
E44_7_289,7.289,,
E121_4_085,,,4.085
E67_7_129,,7.129,
E68_3_364,,,3.364
E143_5_767,,,5.767
E4_0_801,,,0.801
E122_2_083,,,2.083
E34_7_85,7.85,,
E39_1_041,,1.041,
E39_6_408,,6.408,
E110_0_401,,0.401,
E121_1_442,,,1.442
E46_6_168,,,6.168
E53_5_287,,5.287,
E95_4_486,,,4.486
E99_4_726,,,4.726
E51_4_806,,4.806,
E11_5_927,,5.927,
E76_2_643,2.643,,
E33_1_602,,1.602,
E117_7_129,,7.129,
E71_3_765,,3.765,
E101_0_32,,0.32,
E126_7_129,,7.129,
E60_6_728,,6.728,
E94_7_69,,7.69,
E49_4_005,4.005,,
E64_0_0,0.0,,
E100_4_325,,4.325,
E28_0_641,,0.641,
E94_1_202,,1.202,
E104_3_364,,3.364,
E44_7_85,7.85,,
E49_6_889,6.889,,
E140_4_966,,,4.966
E33_0_721,,0.721,
E105_2_403,2.403,,
E142_0_0,,,0.0
E129_3_524,,,3.524
E39_1_282,,1.282,
E100_6_568,,6.568,
E84_0_641,,,0.641
E31_3_685,,3.685,
E81_0_801,0.801,,
E118_4_646,4.646,,
E46_6_248,,,6.248
E37_2_083,2.083,,
E128_4_886,,4.886,
E142_2_483,,,2.483
E47_6_969,,,6.969
E134_5_527,5.527,,
E60_0_561,,0.561,
E124_1_762,1.762,,
E1_0_16,,,0.16
E10_7_61,,,7.61
E94_0_961,,0.961,
E121_5_287,,,5.287
E28_7_61,,7.61,
E35_5_607,,5.607,
E70_2_483,2.483,,
E92_5_287,,,5.287
E147_6_328,,,6.328
E65_2_884,2.884,,
E92_3_204,,,3.204
E10_4_886,,,4.886
E66_2_003,,,2.003
E122_0_08,,,0.08
E71_4_646,,4.646,
E3_6_488,,6.488,
E4_1_202,,,1.202
E133_7_209,,7.209,
E114_2_964,2.964,,
E134_6_168,6.168,,
E125_7_209,7.209,,
E3_0_881,,0.881,
E44_0_0,0.0,,
E63_5_607,,,5.607
E29_7_209,,,7.209
E126_7_77,,7.77,
E68_2_403,,,2.403
E140_4_726,,,4.726
E80_0_641,,0.641,
E35_6_248,,6.248,
E47_6_889,,,6.889
E122_5_207,,,5.207
E34_0_32,0.32,,
E15_5_046,,5.046,
E13_1_682,,,1.682
E10_0_16,,,0.16
E4_4_486,,,4.486
E117_0_32,,0.32,
E79_0_881,0.881,,
E17_4_646,,4.646,
E21_6_408,6.408,,
E15_0_16,,0.16,
E133_0_16,,0.16,
E88_3_925,3.925,,
E12_7_289,7.289,,
E39_4_646,,4.646,
E2_6_969,6.969,,
E106_4_566,4.566,,
E134_0_16,0.16,,
E76_7_129,7.129,,
E45_5_287,,5.287,
E33_1_041,,1.041,
E86_4_165,4.165,,
E147_3_444,,,3.444
E103_7_93,,7.93,
E81_2_163,2.163,,
E1_0_961,,,0.961
E17_7_369,,7.369,
E9_1_842,,1.842,
E68_2_083,,,2.083
E14_0_721,,,0.721
E15_6_889,,6.889,
E129_5_287,,,5.287
E67_3_524,,3.524,
E88_0_641,0.641,,
E16_3_124,3.124,,
E47_0_561,,,0.561
E51_6_728,,6.728,
E85_2_403,,2.403,
E22_0_561,,,0.561
E70_0_801,0.801,,
E66_2_563,,,2.563
E47_5_687,,,5.687
E11_6_008,,6.008,
E130_5_207,,5.207,
E3_4_566,,4.566,
E51_5_447,,5.447,
E94_1_842,,1.842,
E122_4_646,,,4.646
E85_0_481,,0.481,
E53_5_207,,5.207,
E145_0_561,,,0.561
E58_1_362,,,1.362
E51_2_964,,2.964,
E63_4_726,,,4.726
E22_4_005,,,4.005
E45_6_728,,6.728,
E1_2_804,,,2.804
E139_0_24,,,0.24
E98_6_648,,,6.648
E125_2_804,2.804,,
E136_5_847,,,5.847
E13_1_121,,,1.121
E54_4_726,4.726,,
E63_3_444,,,3.444
E142_2_884,,,2.884
E123_2_003,,2.003,
E68_2_964,,,2.964
E67_4_245,,4.245,
E1_2_003,,,2.003
E145_4_726,,,4.726
E80_7_209,,7.209,
E14_1_842,,,1.842
E115_1_041,,1.041,
E95_6_408,,,6.408
E44_3_124,3.124,,
E20_0_16,,,0.16
E34_2_964,2.964,,
E16_1_682,1.682,,
E60_7_69,,7.69,
E33_1_762,,1.762,
E81_6_648,6.648,,
E70_0_16,0.16,,
E51_3_124,,3.124,
E3_0_401,,0.401,
E4_0_08,,,0.08
E106_6_728,6.728,,
E122_0_721,,,0.721
E68_6_008,,,6.008
E34_7_369,7.369,,
E129_0_721,,,0.721
E68_6_728,,,6.728
E1_0_08,,,0.08
E62_3_845,,3.845,
E77_6_488,6.488,,
E56_1_602,,,1.602
E83_5_207,,,5.207
E145_0_24,,,0.24
E76_6_568,6.568,,
E77_1_202,1.202,,
E46_1_202,,,1.202
E29_6_408,,,6.408
E124_1_442,1.442,,
E18_0_32,0.32,,
E125_7_77,7.77,,
E15_6_248,,6.248,
E56_6_648,,,6.648
E106_1_041,1.041,,
E123_0_0,,0.0,
E64_1_602,1.602,,
E103_7_61,,7.61,
E18_7_85,7.85,,
E60_5_126,,5.126,
E21_4_486,4.486,,
E68_7_85,,,7.85
E134_5_126,5.126,,
E73_3_204,,3.204,
E2_2_323,2.323,,
E28_2_483,,2.483,
E18_0_401,0.401,,
E122_7_049,,,7.049
E124_6_568,6.568,,
E54_6_568,6.568,,
E20_4_806,,,4.806
E114_5_046,5.046,,
E104_6_889,,6.889,
E86_5_767,5.767,,
E100_5_447,,5.447,
E10_3_284,,,3.284
E142_2_323,,,2.323
E22_7_129,,,7.129
E128_5_927,,5.927,
E80_7_049,,7.049,
E29_6_728,,,6.728
E63_7_209,,,7.209
E98_7_77,,,7.77
E94_1_362,,1.362,
E65_6_568,6.568,,
E147_5_287,,,5.287
E84_1_041,,,1.041
E148_3_524,,3.524,
E100_2_323,,2.323,
E58_6_488,,,6.488
E100_5_527,,5.527,
E11_4_005,,4.005,
E106_0_801,0.801,,
E115_2_643,,2.643,
E115_6_408,,6.408,
E20_7_129,,,7.129
E104_6_488,,6.488,
E39_4_245,,4.245,
E22_7_049,,,7.049
E136_5_527,,,5.527
E124_7_529,7.529,,
E1_4_646,,,4.646
E124_7_77,7.77,,
E148_0_16,,0.16,
E0_0_08,,0.08,
E20_5_767,,,5.767
E15_0_481,,0.481,
E62_3_364,,3.364,
E34_0_24,0.24,,
E20_7_049,,,7.049
E28_2_323,,2.323,
E84_5_447,,,5.447
E0_7_449,,7.449,
E42_0_24,,,0.24
E46_6_328,,,6.328
E83_7_69,,,7.69
E67_4_005,,4.005,
E65_5_687,5.687,,
E4_0_24,,,0.24
E47_6_008,,,6.008
E70_2_643,2.643,,
E3_4_886,,4.886,
E118_3_605,3.605,,
E121_4_966,,,4.966
E1_4_486,,,4.486
E99_6_408,,,6.408
E44_4_165,4.165,,
E34_6_889,6.889,,
E93_1_121,1.121,,
E5_1_522,1.522,,
E13_2_163,,,2.163
E77_2_483,2.483,,
E101_3_204,,3.204,
E85_6_969,,6.969,
E39_2_884,,2.884,
E105_0_801,0.801,,
E105_0_561,0.561,,
E87_5_927,5.927,,
E37_5_207,5.207,,
E15_7_61,,7.61,
E115_3_124,,3.124,
E12_6_889,6.889,,
E63_0_08,,,0.08
E60_5_367,,5.367,
E9_2_403,,2.403,
E103_5_367,,5.367,
E17_1_041,,1.041,
E145_2_884,,,2.884
E21_0_24,0.24,,
E0_5_447,,5.447,
E128_1_682,,1.682,
E142_2_804,,,2.804
E52_7_289,,,7.289
E99_3_685,,,3.685
E104_7_289,,7.289,
E56_7_289,,,7.289
E9_3_605,,3.605,
E96_4_886,4.886,,
E79_5_767,5.767,,
E26_4_966,4.966,,
E83_7_129,,,7.129
E22_3_444,,,3.444
E140_6_248,,,6.248
E106_1_602,1.602,,
E129_2_643,,,2.643
E130_6_568,,6.568,
E60_5_687,,5.687,
E124_0_801,0.801,,
E107_7_209,,7.209,
E26_1_041,1.041,,
E62_4_486,,4.486,
E96_5_687,5.687,,
E65_0_961,0.961,,
E3_1_602,,1.602,
E115_6_969,,6.969,
E84_1_842,,,1.842
E89_1_522,1.522,,
E31_1_121,,1.121,
E13_3_845,,,3.845
E37_0_641,0.641,,
E60_4_486,,4.486,
E110_0_08,,0.08,
E93_2_163,2.163,,
E1_0_481,,,0.481
E58_1_842,,,1.842
E0_6_809,,6.809,
E95_0_561,,,0.561
E21_2_403,2.403,,
E4_5_607,,,5.607
E42_5_447,,,5.447
E29_6_248,,,6.248
E125_6_408,6.408,,
E128_5_207,,5.207,
E14_6_168,,,6.168
E11_7_85,,7.85,
E124_4_245,4.245,,
E68_6_168,,,6.168
E78_4_005,,,4.005
E28_7_69,,7.69,
E81_1_602,1.602,,
E42_2_563,,,2.563
E142_4_165,,,4.165
E106_2_163,2.163,,
E113_5_607,,,5.607
E65_4_005,4.005,,
E2_3_925,3.925,,
E1_3_845,,,3.845
E122_6_648,,,6.648
E35_7_61,,7.61,
E67_7_289,,7.289,
E53_6_328,,6.328,
E37_0_481,0.481,,
E56_4_566,,,4.566
E2_5_207,5.207,,
E95_6_248,,,6.248
E75_0_401,0.401,,
E143_0_24,,,0.24
E75_3_204,3.204,,
E126_3_605,,3.605,
E98_0_801,,,0.801
E92_4_646,,,4.646
E40_2_964,2.964,,
E12_5_927,5.927,,
E140_0_481,,,0.481
E44_0_16,0.16,,
E147_4_646,,,4.646
E22_3_765,,,3.765
E5_2_563,2.563,,
E103_0_561,,0.561,
E86_1_602,1.602,,
E83_1_762,,,1.762
E123_1_202,,1.202,
E101_5_287,,5.287,
E122_3_605,,,3.605
E133_1_202,,1.202,
E122_3_044,,,3.044
E70_5_607,5.607,,
E40_0_721,0.721,,
E4_0_16,,,0.16
E21_7_369,7.369,,
E52_1_362,,,1.362
E85_6_088,,6.088,
E136_7_289,,,7.289
E96_3_845,3.845,,
E21_2_163,2.163,,
E7_7_85,7.85,,
E10_4_005,,,4.005
E98_1_442,,,1.442
E6_5_847,,,5.847
E80_0_801,,0.801,
E126_0_641,,0.641,
E67_6_008,,6.008,
E126_5_367,,5.367,
E33_3_284,,3.284,
E104_0_561,,0.561,
E79_6_248,6.248,,
E29_0_961,,,0.961
E44_4_646,4.646,,
E28_1_522,,1.522,
E17_2_483,,2.483,
E26_3_765,3.765,,
E0_4_486,,4.486,
E77_4_406,4.406,,
E44_0_401,0.401,,
E39_5_687,,5.687,
E62_6_488,,6.488,
E122_5_527,,,5.527
E94_7_93,,7.93,
E105_7_61,7.61,,
E2_5_126,5.126,,
E77_0_561,0.561,,
E51_5_046,,5.046,
E14_3_204,,,3.204
E130_4_646,,4.646,
E33_2_563,,2.563,
E0_7_129,,7.129,
E3_4_005,,4.005,
E144_3_284,3.284,,
E20_3_124,,,3.124
E110_1_282,,1.282,
E56_3_685,,,3.685
E33_6_648,,6.648,
E110_3_845,,3.845,
E26_2_964,2.964,,
E65_4_886,4.886,,
E49_1_362,1.362,,
E29_3_444,,,3.444
E26_3_204,3.204,,
E20_2_964,,,2.964
E99_7_129,,,7.129
E92_4_406,,,4.406
E89_4_165,4.165,,
E104_7_529,,7.529,
E78_4_165,,,4.165
E122_6_969,,,6.969
E147_5_207,,,5.207
E114_7_85,7.85,,
E95_1_282,,,1.282
E46_0_481,,,0.481
E96_1_202,1.202,,
E0_1_362,,1.362,
E29_4_566,,,4.566
E148_1_762,,1.762,
E67_0_401,,0.401,
E121_5_767,,,5.767
E68_4_325,,,4.325
E58_7_61,,,7.61
E110_5_687,,5.687,
E100_5_607,,5.607,
E13_2_483,,,2.483
E103_7_77,,7.77,
E110_4_005,,4.005,
E13_5_447,,,5.447
E18_1_041,1.041,,
E117_1_922,,1.922,
E114_7_61,7.61,,
E40_4_726,4.726,,
E99_7_77,,,7.77
E13_5_847,,,5.847
E21_6_648,6.648,,
E11_3_845,,3.845,
E45_7_209,,7.209,
E20_0_08,,,0.08
E14_6_408,,,6.408
E84_4_886,,,4.886
E128_2_884,,2.884,
E95_5_767,,,5.767
E96_3_685,3.685,,
E7_0_24,0.24,,
E7_2_563,2.563,,
E46_3_925,,,3.925
E81_5_126,5.126,,
E49_1_762,1.762,,
E4_6_408,,,6.408
E9_0_08,,0.08,
E73_4_165,,4.165,
E80_7_369,,7.369,
E28_0_801,,0.801,
E5_0_401,0.401,,
E42_5_607,,,5.607
E26_0_961,0.961,,
E114_1_842,1.842,,
E10_3_124,,,3.124
E113_3_845,,,3.845
E14_5_927,,,5.927
E13_2_643,,,2.643
E83_3_845,,,3.845
E100_2_483,,2.483,
E122_4_325,,,4.325
E56_1_842,,,1.842
E58_4_085,,,4.085
E136_4_726,,,4.726
E144_4_726,4.726,,
E18_5_126,5.126,,
E26_5_447,5.447,,
E20_7_209,,,7.209
E26_4_886,4.886,,
E68_6_088,,,6.088
E92_2_804,,,2.804
E33_3_204,,3.204,
E7_3_044,3.044,,
E85_4_646,,4.646,
E81_2_323,2.323,,
E87_4_566,4.566,,
E93_1_762,1.762,,
E1_2_964,,,2.964
E145_5_447,,,5.447
E79_5_927,5.927,,
E40_3_284,3.284,,
E3_2_804,,2.804,
E147_3_044,,,3.044
E115_5_847,,5.847,
E68_3_925,,,3.925
E13_1_041,,,1.041
E140_3_765,,,3.765
E123_3_444,,3.444,
E125_4_406,4.406,,
E71_2_563,,2.563,
E60_5_447,,5.447,
E63_1_682,,,1.682
E145_1_202,,,1.202
E125_5_847,5.847,,
E11_2_243,,2.243,
E60_4_886,,4.886,
E35_4_886,,4.886,
E47_7_369,,,7.369
E126_2_884,,2.884,
E16_6_328,6.328,,
E64_6_568,6.568,,
E44_6_168,6.168,,
E89_5_287,5.287,,
E126_5_527,,5.527,
E140_3_444,,,3.444
E111_7_61,7.61,,
E67_2_563,,2.563,
E58_2_723,,,2.723
E86_6_488,6.488,,
E98_1_922,,,1.922
E98_0_961,,,0.961
E4_2_643,,,2.643
E20_2_563,,,2.563
E29_1_922,,,1.922
E49_0_881,0.881,,
E128_0_481,,0.481,
E101_1_762,,1.762,
E6_6_088,,,6.088
E93_6_008,6.008,,
E33_1_362,,1.362,
E70_0_401,0.401,,
E66_5_367,,,5.367
E1_3_524,,,3.524
E101_0_641,,0.641,
E34_5_927,5.927,,
E76_0_961,0.961,,
E122_6_408,,,6.408
E35_7_209,,7.209,
E31_7_449,,7.449,
E145_4_085,,,4.085
E95_1_842,,,1.842
E17_7_69,,7.69,
E64_5_927,5.927,,
E148_5_207,,5.207,
E79_1_602,1.602,,
E47_4_005,,,4.005
E144_5_126,5.126,,
E100_6_328,,6.328,
E45_6_168,,6.168,
E40_5_447,5.447,,
E121_1_041,,,1.041
E10_0_401,,,0.401
E145_1_922,,,1.922
E76_6_408,6.408,,
E102_3_044,,,3.044
E40_5_287,5.287,,
E70_1_922,1.922,,
E95_5_527,,,5.527
E62_5_046,,5.046,
E89_3_605,3.605,,
E31_1_522,,1.522,
E52_6_008,,,6.008
E126_4_406,,4.406,
E47_3_925,,,3.925
E68_7_529,,,7.529
E144_2_403,2.403,,
E123_6_328,,6.328,
E18_5_687,5.687,,
E17_1_282,,1.282,
E34_1_682,1.682,,
E74_5_607,,5.607,
E143_1_202,,,1.202
E123_7_77,,7.77,
E87_1_121,1.121,,
E0_2_483,,2.483,
E98_2_323,,,2.323
E66_3_845,,,3.845
E9_2_083,,2.083,
E105_7_85,7.85,,
E86_4_406,4.406,,
E63_6_568,,,6.568
E140_0_16,,,0.16
E39_3_124,,3.124,
E66_7_289,,,7.289
E98_7_61,,,7.61
E117_1_121,,1.121,
E21_0_961,0.961,,
E105_6_568,6.568,,
E106_6_008,6.008,,
E98_2_804,,,2.804
E74_5_927,,5.927,
E1_4_886,,,4.886
E115_3_204,,3.204,
E79_2_884,2.884,,
E122_1_202,,,1.202
E12_4_406,4.406,,
E11_3_685,,3.685,
E51_3_685,,3.685,
E67_3_204,,3.204,
E0_4_406,,4.406,
E83_5_046,,,5.046
E102_6_088,,,6.088
E122_5_447,,,5.447
E76_0_16,0.16,,
E9_2_643,,2.643,
E133_5_927,,5.927,
E147_7_369,,,7.369
E5_0_881,0.881,,
E44_3_364,3.364,,
E63_3_765,,,3.765
E145_6_728,,,6.728
E143_5_046,,,5.046
E54_1_762,1.762,,
E71_2_483,,2.483,
E115_0_801,,0.801,
E117_2_163,,2.163,
E3_2_723,,2.723,
E5_2_643,2.643,,
E40_7_369,7.369,,
E126_4_886,,4.886,
E70_7_209,7.209,,
E95_6_809,,,6.809
E122_1_041,,,1.041
E37_5_447,5.447,,
E13_6_648,,,6.648
E33_7_049,,7.049,
E89_4_085,4.085,,
E9_0_0,,0.0,
E17_3_685,,3.685,
E100_1_842,,1.842,
E105_2_243,2.243,,
E147_5_126,,,5.126
E22_4_726,,,4.726
E18_4_486,4.486,,
E96_6_969,6.969,,
E84_2_403,,,2.403
E100_0_401,,0.401,
E126_7_369,,7.369,
E75_1_282,1.282,,
E100_7_93,,7.93,
E56_4_325,,,4.325
E106_1_762,1.762,,
E93_5_767,5.767,,
E86_0_24,0.24,,
E20_6_408,,,6.408
E113_3_605,,,3.605
E49_4_806,4.806,,
E15_3_364,,3.364,
E104_7_449,,7.449,
E81_4_806,4.806,,
E31_5_767,,5.767,
E68_3_044,,,3.044
E124_3_685,3.685,,
E126_2_083,,2.083,
E78_5_847,,,5.847
E11_5_447,,5.447,
E140_5_527,,,5.527
E104_0_961,,0.961,
E98_7_93,,,7.93
E7_2_403,2.403,,
E99_7_449,,,7.449
E74_2_804,,2.804,
E79_6_969,6.969,,
E130_6_088,,6.088,
E4_2_884,,,2.884
E122_0_24,,,0.24
E103_2_483,,2.483,
E28_1_682,,1.682,
E134_4_726,4.726,,
E5_6_648,6.648,,
E44_5_447,5.447,,
E22_3_524,,,3.524
E49_1_202,1.202,,
E75_5_046,5.046,,
E100_3_124,,3.124,
E78_7_369,,,7.369
E84_3_765,,,3.765
E88_3_765,3.765,,
E46_4_165,,,4.165
E53_0_16,,0.16,
E122_5_287,,,5.287
E16_4_486,4.486,,
E51_0_0,,0.0,
E118_1_762,1.762,,
E143_3_524,,,3.524
E46_6_088,,,6.088
E9_7_69,,7.69,
E140_6_809,,,6.809
E3_1_282,,1.282,
E20_7_369,,,7.369
E122_0_801,,,0.801
E77_4_966,4.966,,
E121_5_046,,,5.046
E144_7_449,7.449,,
E89_4_486,4.486,,
E78_2_884,,,2.884
E12_3_204,3.204,,
E64_7_93,7.93,,
E87_2_884,2.884,,
E121_2_563,,,2.563
E70_5_687,5.687,,
E133_5_527,,5.527,
E31_2_243,,2.243,
E123_6_088,,6.088,
E110_6_168,,6.168,
E46_7_369,,,7.369
E143_0_801,,,0.801
E145_1_762,,,1.762
E3_2_323,,2.323,
E45_2_563,,2.563,
E42_1_121,,,1.121
E12_1_202,1.202,,
E52_4_486,,,4.486
E139_1_682,,,1.682
E79_4_245,4.245,,
E122_3_204,,,3.204
E80_2_243,,2.243,
E113_7_289,,,7.289
E128_4_486,,4.486,
E148_6_328,,6.328,
E80_2_563,,2.563,
E75_3_124,3.124,,
E107_6_328,,6.328,
E53_3_284,,3.284,
E95_0_481,,,0.481
E64_3_124,3.124,,
E21_5_447,5.447,,
E10_4_966,,,4.966
E95_2_403,,,2.403
E22_5_687,,,5.687
E94_3_444,,3.444,
E5_7_93,7.93,,
E13_7_449,,,7.449
E94_3_685,,3.685,
E26_7_77,7.77,,
E44_2_483,2.483,,
E74_3_925,,3.925,
E81_2_884,2.884,,
E17_4_325,,4.325,
E3_7_93,,7.93,
E98_3_044,,,3.044
E71_4_165,,4.165,
E85_2_243,,2.243,
E111_2_163,2.163,,
E98_6_969,,,6.969
E58_4_245,,,4.245
E75_5_927,5.927,,
E70_0_24,0.24,,
E115_4_726,,4.726,
E18_1_442,1.442,,
E73_7_129,,7.129,
E94_6_168,,6.168,
E70_1_522,1.522,,
E62_5_927,,5.927,
E143_2_643,,,2.643
E74_2_323,,2.323,
E33_4_806,,4.806,
E94_6_969,,6.969,
E100_0_0,,0.0,
E110_4_806,,4.806,
E40_3_605,3.605,,
E71_6_008,,6.008,
E92_1_121,,,1.121
E1_7_289,,,7.289
E22_5_847,,,5.847
E86_6_728,6.728,,
E73_6_728,,6.728,
E99_6_809,,,6.809
E104_2_483,,2.483,
E113_6_889,,,6.889
E104_0_16,,0.16,
E47_6_328,,,6.328
E115_2_964,,2.964,
E64_2_884,2.884,,
E104_0_0,,0.0,
E26_0_08,0.08,,
E147_2_003,,,2.003
E130_0_561,,0.561,
E118_3_124,3.124,,
E29_6_568,,,6.568
E102_0_16,,,0.16
E63_0_401,,,0.401
E22_4_646,,,4.646
E104_2_243,,2.243,
E92_2_563,,,2.563
E14_3_605,,,3.605
E144_6_328,6.328,,
E28_1_922,,1.922,
E71_4_726,,4.726,
E102_6_889,,,6.889
E86_5_687,5.687,,
E134_1_762,1.762,,
E122_4_005,,,4.005
E124_4_406,4.406,,
E26_5_607,5.607,,
E16_3_284,3.284,,
E58_3_364,,,3.364
E81_1_041,1.041,,
E87_4_005,4.005,,
E140_2_804,,,2.804
E136_6_568,,,6.568
E31_3_444,,3.444,
E118_5_927,5.927,,
E68_2_483,,,2.483
E71_2_643,,2.643,
E1_2_884,,,2.884
E77_3_124,3.124,,
E6_6_568,,,6.568
E126_2_003,,2.003,
E34_2_483,2.483,,
E103_4_245,,4.245,
E26_2_563,2.563,,
E64_3_204,3.204,,
E126_2_163,,2.163,
E81_6_168,6.168,,
E60_6_889,,6.889,
E81_4_406,4.406,,
E142_4_245,,,4.245
E3_5_046,,5.046,
E106_3_284,3.284,,
E44_7_049,7.049,,
E68_4_886,,,4.886
E75_6_088,6.088,,
E128_2_483,,2.483,
E33_5_207,,5.207,
E74_7_93,,7.93,
E111_6_328,6.328,,
E76_0_561,0.561,,
E139_3_444,,,3.444
E118_1_202,1.202,,
E66_1_362,,,1.362
E13_2_964,,,2.964
E58_1_682,,,1.682
E98_6_008,,,6.008
E102_3_765,,,3.765
E114_2_643,2.643,,
E148_3_044,,3.044,
E37_7_129,7.129,,
E85_4_806,,4.806,
E44_0_961,0.961,,
E79_7_61,7.61,,
E6_5_767,,,5.767
E63_7_449,,,7.449
E124_0_24,0.24,,
E79_2_804,2.804,,
E17_7_049,,7.049,
E89_7_93,7.93,,
E16_1_922,1.922,,
E44_7_449,7.449,,
E103_4_966,,4.966,
E107_7_129,,7.129,
E111_3_124,3.124,,
E44_1_602,1.602,,
E56_4_245,,,4.245
E111_6_969,6.969,,
E144_5_927,5.927,,
E6_7_209,,,7.209
E16_6_809,6.809,,
E26_0_721,0.721,,
E105_2_083,2.083,,
E42_7_77,,,7.77
E102_5_687,,,5.687
E16_7_449,7.449,,
E15_2_804,,2.804,
E71_4_005,,4.005,
E105_4_966,4.966,,
E84_7_289,,,7.289
E115_4_005,,4.005,
E14_3_765,,,3.765
E101_6_328,,6.328,
E103_6_648,,6.648,
E4_5_207,,,5.207
E51_5_847,,5.847,
E139_4_005,,,4.005
E49_4_886,4.886,,
E144_1_041,1.041,,
E147_7_209,,,7.209
E81_5_687,5.687,,
E65_5_367,5.367,,
E102_5_046,,,5.046
E94_6_488,,6.488,
E92_7_129,,,7.129
E40_7_85,7.85,,
E65_6_889,6.889,,
E99_1_922,,,1.922
E9_7_77,,7.77,
E45_6_248,,6.248,
E40_1_762,1.762,,
E114_4_886,4.886,,
E44_7_529,7.529,,
E140_7_369,,,7.369
E51_2_723,,2.723,
E124_4_085,4.085,,
E114_4_726,4.726,,
E49_3_044,3.044,,
E75_2_403,2.403,,
E77_0_721,0.721,,
E28_2_403,,2.403,
E20_2_483,,,2.483
E63_7_77,,,7.77
E130_0_721,,0.721,
E10_3_685,,,3.685
E73_4_646,,4.646,
E110_3_605,,3.605,
E89_0_401,0.401,,
E94_5_847,,5.847,
E77_1_522,1.522,,
E53_2_804,,2.804,
E7_0_16,0.16,,
E58_5_687,,,5.687
E100_2_804,,2.804,
E66_1_602,,,1.602
E76_6_809,6.809,,
E79_0_401,0.401,,
E17_3_925,,3.925,
E80_1_282,,1.282,
E1_7_449,,,7.449
E46_0_32,,,0.32
E100_0_881,,0.881,
E3_7_61,,7.61,
E40_4_566,4.566,,
E84_6_728,,,6.728
E9_5_687,,5.687,
E143_7_049,,,7.049
E7_7_129,7.129,,
E68_5_287,,,5.287
E37_4_646,4.646,,
E11_0_08,,0.08,
E103_4_646,,4.646,
E66_7_049,,,7.049
E83_4_165,,,4.165
E128_2_083,,2.083,
E17_5_927,,5.927,
E75_4_566,4.566,,
E93_4_245,4.245,,
E45_6_969,,6.969,
E129_3_444,,,3.444
E47_3_524,,,3.524
E60_3_284,,3.284,
E33_6_969,,6.969,
E113_0_561,,,0.561
E54_4_406,4.406,,
E1_3_444,,,3.444
E49_0_481,0.481,,
E5_4_726,4.726,,
E73_6_168,,6.168,
E101_1_442,,1.442,
E13_5_927,,,5.927
E84_5_927,,,5.927
E77_4_245,4.245,,
E0_4_806,,4.806,
E64_6_408,6.408,,
E113_7_77,,,7.77
E52_5_607,,,5.607
E103_6_248,,6.248,
E44_2_163,2.163,,
E60_3_124,,3.124,
E92_2_483,,,2.483
E68_3_685,,,3.685
E46_0_641,,,0.641
E99_0_721,,,0.721
E144_5_527,5.527,,
E121_3_925,,,3.925
E143_5_207,,,5.207
E87_1_041,1.041,,
E17_2_563,,2.563,
E128_6_568,,6.568,
E128_3_524,,3.524,
E79_5_126,5.126,,
E117_2_804,,2.804,
E45_3_124,,3.124,
E136_3_685,,,3.685
E15_3_204,,3.204,
E0_1_602,,1.602,
E35_2_163,,2.163,
E18_1_762,1.762,,
E3_5_927,,5.927,
E42_6_889,,,6.889
E9_1_602,,1.602,
E71_3_685,,3.685,
E84_4_005,,,4.005
E29_1_602,,,1.602
E45_2_884,,2.884,
E20_2_003,,,2.003
E128_7_209,,7.209,
E16_2_003,2.003,,
E148_7_049,,7.049,
E88_4_726,4.726,,
E134_5_447,5.447,,
E22_3_685,,,3.685
E6_4_165,,,4.165
E100_4_005,,4.005,
E33_0_961,,0.961,
E10_5_607,,,5.607
E28_2_884,,2.884,
E88_7_77,7.77,,
E142_4_005,,,4.005
E118_0_08,0.08,,
E71_7_209,,7.209,
E47_1_602,,,1.602
E17_2_884,,2.884,
E45_0_16,,0.16,
E65_0_481,0.481,,
E101_7_449,,7.449,
E134_2_884,2.884,,
E40_6_328,6.328,,
E75_0_641,0.641,,
E110_3_685,,3.685,
E66_5_607,,,5.607
E145_3_364,,,3.364
E118_2_003,2.003,,
E94_7_529,,7.529,
E145_6_088,,,6.088
E3_4_486,,4.486,
E64_7_529,7.529,,
E60_2_723,,2.723,
E126_1_362,,1.362,
E134_5_687,5.687,,
E17_4_566,,4.566,
E40_1_362,1.362,,
E0_0_481,,0.481,
E2_1_362,1.362,,
E128_1_602,,1.602,
E105_3_765,3.765,,
E49_2_323,2.323,,
E77_5_847,5.847,,
E35_2_323,,2.323,
E145_0_641,,,0.641
E96_2_804,2.804,,
E86_6_809,6.809,,
E139_5_367,,,5.367
E128_1_121,,1.121,
E140_3_364,,,3.364
E2_6_328,6.328,,
E80_0_721,,0.721,
E88_0_16,0.16,,
E140_2_083,,,2.083
E22_4_486,,,4.486
E86_1_282,1.282,,
E147_2_884,,,2.884
E123_6_168,,6.168,
E93_2_643,2.643,,
E0_4_966,,4.966,
E121_4_245,,,4.245
E1_2_323,,,2.323
E111_2_964,2.964,,
E64_2_563,2.563,,
E88_6_168,6.168,,
E65_6_728,6.728,,
E145_5_767,,,5.767
E134_0_881,0.881,,
E144_5_046,5.046,,
E113_5_847,,,5.847
E18_6_568,6.568,,
E86_6_088,6.088,,
E54_0_08,0.08,,
E56_5_287,,,5.287
E115_4_886,,4.886,
E29_0_641,,,0.641
E106_6_328,6.328,,
E29_0_32,,,0.32
E34_6_648,6.648,,
E68_3_765,,,3.765
E134_4_886,4.886,,
E93_0_561,0.561,,
E129_4_646,,,4.646
E143_1_282,,,1.282
E26_5_927,5.927,,
E3_5_607,,5.607,
E4_2_563,,,2.563
E56_0_481,,,0.481
E28_5_207,,5.207,
E111_2_403,2.403,,
E93_7_129,7.129,,
E11_3_444,,3.444,
E45_6_408,,6.408,
E87_0_881,0.881,,
E126_7_93,,7.93,
E31_4_886,,4.886,
E39_2_403,,2.403,
E124_0_961,0.961,,
E136_5_046,,,5.046
E70_5_367,5.367,,
E133_7_369,,7.369,
E4_6_008,,,6.008
E5_5_367,5.367,,
E6_4_966,,,4.966
E114_6_809,6.809,,
E47_5_126,,,5.126
E40_6_008,6.008,,
E16_6_648,6.648,,
E128_2_243,,2.243,
E102_7_529,,,7.529
E134_3_605,3.605,,
E98_0_401,,,0.401
E92_3_605,,,3.605
E67_2_483,,2.483,
E40_2_483,2.483,,
E46_3_524,,,3.524
E103_1_362,,1.362,
E126_4_566,,4.566,
E85_6_568,,6.568,
E2_6_408,6.408,,
E34_6_328,6.328,,
E139_7_049,,,7.049
E34_3_605,3.605,,
E37_1_202,1.202,,
E75_5_767,5.767,,
E71_2_884,,2.884,
E12_4_806,4.806,,
E93_5_607,5.607,,
E84_2_323,,,2.323
E105_0_32,0.32,,
E114_6_088,6.088,,
E77_4_165,4.165,,
E111_2_643,2.643,,
E28_5_447,,5.447,
E102_1_522,,,1.522
E56_5_687,,,5.687
E136_6_088,,,6.088
E95_5_126,,,5.126
E62_2_964,,2.964,
E106_7_369,7.369,,
E148_0_0,,0.0,
E126_4_325,,4.325,
E143_6_488,,,6.488
E84_7_369,,,7.369
E47_5_847,,,5.847
E79_6_168,6.168,,
E83_2_643,,,2.643
E126_2_483,,2.483,
E121_2_723,,,2.723
E2_4_486,4.486,,
E70_4_005,4.005,,
E64_7_049,7.049,,
E145_1_282,,,1.282
E139_4_566,,,4.566
E31_5_447,,5.447,
E121_4_406,,,4.406
E125_4_646,4.646,,
E86_4_886,4.886,,
E100_2_643,,2.643,
E53_3_364,,3.364,
E7_0_401,0.401,,
E83_6_728,,,6.728
E28_2_643,,2.643,
E68_7_449,,,7.449
E12_7_61,7.61,,
E106_4_486,4.486,,
E104_6_088,,6.088,
E67_6_088,,6.088,
E103_3_605,,3.605,
E126_2_804,,2.804,
E73_2_243,,2.243,
E67_4_165,,4.165,
E54_4_966,4.966,,
E46_2_243,,,2.243
E29_1_762,,,1.762
E123_5_767,,5.767,
E74_2_723,,2.723,
E79_0_16,0.16,,
E111_2_723,2.723,,
E2_3_284,3.284,,
E47_6_488,,,6.488
E122_7_93,,,7.93
E1_1_121,,,1.121
E67_2_323,,2.323,
E45_3_685,,3.685,
E16_6_488,6.488,,
E28_1_362,,1.362,
E123_6_809,,6.809,
E85_5_927,,5.927,
E56_4_005,,,4.005
E54_7_93,7.93,,
E107_0_08,,0.08,
E40_5_207,5.207,,
