PseudoTime1,PseudoTime2,PseudoTime3,PseudoTime4,PseudoTime5
E36_4_709,79.0882395955922,NA,NA,NA,NA
E138_4_108,81.9403496617729,NA,NA,NA,NA
E46_4_158,52.5379829989066,NA,NA,NA,NA
E16_2_255,NA,66.1380457436713,NA,NA,NA
E10_2_505,65.2623318937018,NA,NA,NA,NA
E91_3_908,NA,53.8702808978464,NA,NA,NA
E33_3_808,NA,74.9116535792724,NA,NA,NA
E66_1_152,34.3282514157701,NA,NA,NA,NA
E64_2_255,NA,73.1058022372211,NA,NA,NA
E16_2_054,NA,41.6424095460893,NA,NA,NA
E69_4_259,NA,49.3415946432073,NA,NA,NA
E141_4_659,NA,54.4195756127998,NA,NA,NA
E125_2_655,51.0211803956746,NA,NA,NA,NA
E139_1_904,48.7550173349634,NA,NA,NA,NA
E32_4_559,NA,NA,57.7310933335692,NA,NA
E122_2_605,NA,76.5340900907158,NA,NA,NA
E52_1_453,NA,76.5340900907158,NA,NA,NA
E89_1_353,NA,61.9627559337643,NA,NA,NA
E65_1_954,74.6878862336273,NA,NA,NA,NA
E6_3_056,59.114860029415,NA,NA,NA,NA
E109_4_81,NA,64.9223215170991,NA,NA,NA
E32_1_703,NA,NA,47.7648024707456,NA,NA
E55_1_703,NA,76.5340900907158,NA,NA,NA
E1_3_908,83.4150758538586,NA,NA,NA,NA
E76_0_952,NA,36.0866735094124,NA,NA,NA
E16_1_804,NA,39.0587122849912,NA,NA,NA
E127_1_653,NA,NA,NA,36.5760146477241,NA
E19_4_208,53.3369935973153,NA,NA,NA,NA
E88_0_902,NA,NA,NA,64.3556972261499,NA
E132_1_102,NA,58.7367779327971,NA,NA,NA
E120_1_754,NA,21.1143886182169,NA,NA,NA
E118_3_457,NA,NA,NA,41.5396398595167,NA
E103_1_553,NA,NA,NA,73.5574146625754,NA
E94_4_208,NA,NA,NA,51.5908873693017,NA
E148_2_906,NA,NA,55.8309593739629,NA,NA
E125_2_505,82.7610511722845,NA,NA,NA,NA
E87_4_008,85.9450710383764,NA,NA,NA,NA
E80_1_904,NA,NA,NA,70.7867170482725,NA
E103_1_152,NA,NA,NA,24.0924454991941,NA
E3_3_707,NA,NA,NA,60.9953166488457,NA
E43_0_05,NA,NA,21.2216713370514,NA,18.796344141428
E40_4_81,NA,NA,NA,72.1917483756269,NA
E59_4_108,NA,65.1401244555903,NA,NA,NA
E9_1_754,NA,65.4690423759677,NA,NA,NA
E110_1_553,NA,NA,NA,69.7847088916121,NA
E140_1_152,0,0,0,NA,0
E48_2_756,NA,NA,NA,72.5372917294711,NA
E52_3_557,NA,76.4646322014186,NA,NA,NA
E79_0_401,5.34362042037205,8.23529542564379,15.8829517789876,11.6534727717875,15.1926556830791
E131_3_457,NA,NA,NA,36.9442405173689,NA
E125_1_052,78.8710861935186,NA,NA,NA,NA
E103_4_659,NA,NA,NA,33.9335662623817,NA
E73_0_351,11.172520899726,16.8325130823287,9.58088569787267,5.4590854095903,9.01715751616012
E120_4_359,68.2734390409567,NA,NA,NA,NA
E121_2_455,NA,40.4192433457743,NA,NA,NA
E15_2_255,NA,NA,NA,0,0
E113_0_852,57.0451689030662,NA,NA,NA,NA
E55_3_307,NA,69.9899226601014,NA,NA,NA
E126_2_355,NA,76.5340900907158,NA,NA,NA
E7_1_353,33.1679260703438,NA,NA,NA,NA
E88_1_102,NA,NA,NA,71.2233917781015,NA
E77_0_752,NA,37.0500026039519,NA,NA,NA
E149_1_904,35.4445136418988,NA,NA,NA,NA
E104_4_309,NA,61.3252474795756,NA,NA,NA
E59_0_752,NA,38.1011518428972,NA,NA,NA
E66_3_106,72.4423957459753,NA,NA,NA,NA
E4_1_904,NA,53.8002578069215,NA,NA,NA
E119_2_756,NA,NA,NA,NA,57.2609462584475
E46_1_603,82.2882982615484,NA,NA,NA,NA
E89_0_351,6.27370922455283,6.84417265990039,6.81565337402754,5.70297698912661,6.81325192618545
E113_0_0,NA,NA,20.1201886921807,NA,18.4116457819012
E53_1_303,NA,NA,NA,73.0891895054929,NA
E5_3_908,NA,44.9950734959091,NA,NA,NA
E7_2_756,85.7244124544151,NA,NA,NA,NA
E9_3_056,NA,57.6686548633559,NA,NA,NA
E82_0_15,4.40290265559401,4.43412052559211,4.43267330646093,4.40559549167169,4.43353437342674
E58_3_507,NA,58.9900716604654,NA,NA,NA
E117_1_202,37.9987392175665,NA,NA,NA,NA
E122_2_856,NA,69.8074562664395,NA,NA,NA
E48_1_503,NA,NA,NA,26.972457801125,NA
E43_4_108,NA,NA,NA,37.146121702745,NA
E42_0_2,7.50850128040806,12.1852750758032,14.6926060537402,6.8783515828501,14.7962863897894
E145_1_102,NA,NA,NA,28.998384089732,NA
E60_1_603,NA,65.6830906738851,NA,NA,NA
E136_2_004,83.2497018844536,NA,NA,NA,NA
E41_1_303,NA,NA,NA,69.9850877950084,NA
E9_2_705,NA,56.4361460741036,NA,NA,NA
E34_3_707,NA,NA,56.690319608086,NA,NA
E142_2_555,58.149782752075,NA,NA,NA,NA
E118_3_407,NA,NA,NA,34.3756443783903,NA
E27_0_802,41.2819326780168,NA,NA,NA,NA
E48_1_303,NA,NA,NA,25.4890650264521,NA
E100_0_251,8.65290814176863,15.0294641362091,15.229068445176,NA,21.2589815604305
E144_2_204,NA,NA,NA,48.2609798821886,NA
E123_2_305,64.6108354612707,NA,NA,NA,NA
E119_0_651,NA,NA,26.0858325626122,NA,26.5024021924841
E4_4_91,NA,60.9670038077081,NA,NA,NA
E52_2_705,NA,54.3044315001922,NA,NA,NA
E95_4_76,NA,70.3022770582045,NA,NA,NA
E110_1_353,NA,NA,NA,42.4844590806286,NA
E28_3_257,NA,57.678926455277,NA,NA,NA
E12_0_501,11.9568095639357,17.1351694589515,9.26781939103082,5.20539623380582,8.7220639346434
E43_0_0,NA,NA,20.2086033362788,NA,18.4116457819012
E16_3_707,NA,75.6883121562055,NA,NA,NA
E54_4_509,47.4388273301188,NA,NA,NA,NA
E103_2_004,NA,NA,NA,51.9963424190626,NA
E50_3_507,NA,NA,NA,70.2250417832014,NA
E131_2_355,NA,NA,NA,75.8835879335105,NA
E57_0_15,NA,NA,NA,21.2907399404852,NA
E3_2_555,NA,NA,NA,47.8457753220936,NA
E34_4_91,NA,NA,53.106863720748,NA,NA
E19_4_058,48.2495464534752,NA,NA,NA,NA
E62_3_106,NA,NA,NA,NA,57.1195650926777
E113_1_052,60.3010898526354,NA,NA,NA,NA
E103_0_451,NA,NA,NA,22.0583658605221,NA
E35_4_058,NA,NA,NA,NA,56.2065883466937
E148_4_509,NA,NA,59.7543993568399,NA,NA
E3_4_709,NA,NA,NA,34.0627139590068,NA
E33_1_954,NA,42.5976502397638,NA,NA,NA
E19_2_154,69.4763126781403,NA,NA,NA,NA
E98_4_309,NA,NA,NA,73.3417711635791,NA
E134_4_359,NA,NA,54.8022679943917,NA,NA
E131_2_305,NA,NA,NA,62.4264761118883,NA
E76_1_904,NA,66.0613894716127,NA,NA,NA
E105_4_459,NA,64.7388743798212,NA,NA,NA
E53_4_609,NA,NA,NA,39.3056318202667,NA
E51_0_301,7.31464560899369,9.5889952245822,9.75738151397264,6.22782820120103,9.64491984580574
E31_0_05,6.84483296627452,9.75501709021724,15.0777801706546,7.551765417043,15.033845140094
E67_1_804,85.9450710383764,NA,NA,NA,NA
E15_2_305,NA,NA,NA,0,0
E44_1_453,NA,NA,52.3797591995207,NA,NA
E50_3_908,NA,NA,NA,31.1135370078233,NA
E51_4_709,73.7145416661097,NA,NA,NA,NA
E97_1_754,NA,40.4625233480295,NA,NA,NA
E16_4_359,NA,49.8585692044793,NA,NA,NA
E145_0_2,4.65065099058053,6.30112024534999,6.10662143753983,10.8249633935363,11.7217896003775
E141_1_353,NA,35.7516089990543,NA,NA,NA
E66_3_457,75.2267765261319,NA,NA,NA,NA
E65_2_204,61.371548212434,NA,NA,NA,NA
E63_2_154,58.4613042592426,NA,NA,NA,NA
E143_1_052,NA,56.4235958807606,NA,NA,NA
E64_0_701,0,0,0,0,0
E149_0_301,8.65290814176863,13.322458388014,11.2471911000665,6.10504586203747,10.5193498965514
E129_2_004,NA,NA,NA,37.6269648224712,NA
E92_0_351,NA,NA,NA,27.760310384306,NA
E94_2_154,NA,NA,NA,74.4930173920357,NA
E143_4_76,NA,76.5340900907158,NA,NA,NA
E65_4_509,64.9912762828854,NA,NA,NA,NA
E137_4_459,NA,76.5340900907158,NA,NA,NA
E57_3_707,NA,NA,NA,43.2191128841989,NA
E18_1_954,NA,50.2961328742351,NA,NA,NA
E80_4_359,NA,NA,NA,73.5941083167908,NA
E115_0_2,7.82769918713285,11.2673020774033,10.9472426946189,6.25309272842138,10.5193498965514
E5_3_808,NA,44.8983521760403,NA,NA,NA
E86_2_305,NA,NA,NA,0,0
E28_1_202,NA,66.5537884531151,NA,NA,NA
E56_4_359,75.9340282239406,NA,NA,NA,NA
E97_1_653,NA,55.5989929427445,NA,NA,NA
E61_3_707,NA,44.5517548543039,NA,NA,NA
E142_2_505,57.44887433026,NA,NA,NA,NA
E70_2_405,NA,76.5340900907158,NA,NA,NA
E57_2_655,NA,NA,NA,74.4869551229776,NA
E63_2_255,47.9948917754622,NA,NA,NA,NA
E88_1_804,NA,NA,NA,33.0869229517342,NA
E147_4_81,NA,NA,NA,62.3181586014247,NA
E133_2_756,NA,NA,NA,62.0416644797427,NA
E106_1_253,NA,NA,57.0886493196915,NA,NA
E43_0_551,4.08963835889687,4.87236669224055,4.5684657307477,9.25722891688345,4.56576375035523
E45_2_104,NA,NA,NA,62.9267217420917,NA
E92_1_553,NA,NA,NA,64.0269122707091,NA
E136_2_806,63.9023906520825,NA,NA,NA,NA
E4_2_004,NA,76.5340900907158,NA,NA,NA
E48_2_305,NA,NA,NA,35.6927768565123,NA
E135_3_457,64.8369473082476,NA,NA,NA,NA
E83_3_557,53.1704637067529,NA,NA,NA,NA
E137_0_351,NA,NA,24.4915755211619,NA,25.1330159129981
E109_1_653,NA,18.5880574481107,24.3031915060494,NA,27.3436920056028
E31_0_701,NA,NA,NA,NA,51.5159779286902
E1_1_553,65.9190894530385,NA,NA,NA,NA
E44_4_208,NA,NA,58.0271074244849,NA,NA
E89_1_102,NA,33.6048470817677,NA,NA,NA
E73_4_709,NA,NA,NA,49.2264564240084,NA
E69_3_407,NA,76.5340900907158,NA,NA,NA
E25_2_906,74.5635779583504,NA,NA,NA,NA
E60_2_705,NA,61.762995866002,NA,NA,NA
E25_0_651,34.7770346638959,NA,NA,NA,NA
E36_0_902,79.8556569363942,NA,NA,NA,NA
E89_0_251,2.47608885027105,2.62464751056022,2.45050460400296,11.1080404748917,2.47858755339448
E46_0_15,8.41535058746979,11.291351353161,9.53863670714344,5.84168308931477,9.18195599880623
E133_4_208,NA,NA,NA,73.143343670083,NA
E59_2_004,NA,76.5340900907158,NA,NA,NA
E29_0_301,0.611172516919842,0.610309875088035,0.609851979764377,13.0208496934759,0.609780539957384
E85_1_904,NA,NA,NA,57.8294851415115,NA
E105_0_651,0,0,0,0,0
E17_2_305,NA,NA,NA,33.7930536215923,NA
E137_3_357,NA,54.9819505102742,NA,NA,NA
E142_3_808,74.6925205253179,NA,NA,NA,NA
E129_2_906,NA,NA,NA,61.6194419038287,NA
E136_4_359,69.6933694981858,NA,NA,NA,NA
E130_1_703,38.5666084113809,NA,NA,NA,NA
E70_2_154,NA,41.3830536605876,NA,NA,NA
E128_0_752,NA,NA,27.2538567704344,NA,29.3390940717137
E53_3_056,NA,NA,NA,70.9677203877461,NA
E115_2_505,49.6199071266626,NA,NA,NA,NA
E35_1_754,NA,NA,NA,NA,58.9567395030042
E14_0_451,10.6090486772573,16.5811957256889,9.79776628760183,5.53889604483506,9.20679768373584
E78_4_709,NA,72.170980914541,NA,NA,NA
E94_0_15,8.00298109465008,12.4357729635542,12.3261061738726,6.40730623380579,12.2735823505466
E106_3_357,NA,NA,57.5883073160389,NA,NA
E113_2_154,50.4052797006688,NA,NA,NA,NA
E104_1_353,NA,38.9816361050653,NA,NA,NA
E65_2_705,85.9450710383764,NA,NA,NA,NA
E91_2_054,35.4265284859446,NA,NA,NA,NA
E86_0_701,4.19250085746256,5.79914206320932,5.33077974003562,13.6536503653991,12.5846667346241
E52_2_605,NA,44.3283334765374,NA,NA,NA
E26_1_152,12.3150448646202,11.7635720063854,6.99613343208798,4.53439229951342,8.30249591940085
E138_1_754,81.8924258512339,NA,NA,NA,NA
E56_2_405,54.7207208995776,NA,NA,NA,NA
E143_3_758,NA,76.5340900907158,NA,NA,NA
E21_2_956,NA,NA,NA,72.4332436970829,NA
E141_4_359,NA,69.4448385504195,NA,NA,NA
E103_3_958,NA,NA,NA,80.146700765056,NA
E99_4_008,NA,NA,NA,40.5999866803378,NA
E126_2_405,NA,76.5340900907158,NA,NA,NA
E58_1_703,NA,54.7290007454545,NA,NA,NA
E29_0_701,34.2950151725596,NA,NA,NA,NA
E21_0_0,NA,NA,21.0785963641982,NA,18.9059732010989
E84_0_0,NA,NA,21.0247797538439,NA,18.9073502362397
E108_4_609,NA,NA,NA,32.0404479098856,NA
E30_3_958,NA,61.6548839564421,NA,NA,NA
E134_2_405,NA,NA,54.992880692732,NA,NA
E123_3_758,70.1173507739916,NA,NA,NA,NA
E149_3_657,63.7106277944527,NA,NA,NA,NA
E106_4_91,NA,NA,57.3299111643663,NA,NA
E111_0_852,NA,NA,28.6456641984332,NA,29.8228544863203
E91_1_002,10.4016976385354,15.1266155259158,9.60474569295646,5.53316378299337,9.04802185134626
E93_4_309,NA,53.5013584936673,NA,NA,NA
E89_2_204,NA,60.5481190178476,NA,NA,NA
E97_4_208,NA,54.3374084262032,NA,NA,NA
E105_0_802,NA,NA,NA,0,0
E104_3_257,NA,68.7031515576569,NA,NA,NA
E111_4_86,NA,NA,61.2643538502639,NA,NA
E19_0_15,6.69240599601111,9.49509934013308,13.4740891659822,7.45717119650957,13.4156801840086
E134_3_958,NA,NA,51.8845892193072,NA,NA
E11_3_758,NA,47.0634975727653,NA,NA,NA
E85_4_81,NA,NA,NA,30.5645484483662,NA
E143_4_309,NA,76.0658778898239,NA,NA,NA
E35_0_902,NA,NA,NA,NA,53.0594061650477
E123_1_353,54.0564051095058,NA,NA,NA,NA
E118_3_156,NA,NA,NA,42.4468886956436,NA
E134_3_908,NA,NA,52.7876810960081,NA,NA
E140_2_555,52.4187788399781,NA,NA,NA,NA
E86_4_409,NA,NA,NA,71.9778180472895,NA
E116_2_355,NA,NA,NA,51.3847400072795,NA
E126_3_006,NA,76.5340900907158,NA,NA,NA
E97_4_158,NA,41.2644226037773,NA,NA,NA
E61_1_603,NA,65.9705328644302,NA,NA,NA
E74_4_409,NA,72.9825098500733,NA,NA,NA
E121_3_607,NA,76.5340900907158,NA,NA,NA
E61_3_507,NA,63.3632262109756,NA,NA,NA
E70_0_1,4.79803341569039,6.28886133946121,6.13268395060026,9.74303967628571,6.13119246977822
E116_0_05,NA,NA,20.0143707266627,NA,18.4832787000785
E129_3_507,NA,NA,NA,73.3151189729941,NA
E58_0_15,NA,12.9689506361174,17.9876449831053,NA,19.1034018058235
E105_0_351,0,0,0,0,0
E139_0_301,37.6265227653791,NA,NA,NA,NA
E87_2_655,61.4492933842342,NA,NA,NA,NA
E3_3_607,NA,NA,NA,76.8877755108908,NA
E104_4_509,NA,49.2344689463923,NA,NA,NA
E102_0_551,NA,34.7525285180299,NA,NA,NA
E135_1_553,76.3963709793495,NA,NA,NA,NA
E54_3_507,75.200873972543,NA,NA,NA,NA
E1_4_208,81.3031682368555,NA,NA,NA,NA
E144_4_81,NA,NA,NA,63.3309756364062,NA
E50_4_76,NA,NA,NA,48.4883413027466,NA
E94_3_858,NA,NA,NA,30.472954993928,NA
E23_4_76,NA,NA,59.1599344176839,NA,NA
E62_0_802,NA,NA,NA,NA,31.2703857327964
E116_0_401,NA,NA,NA,20.1298390988444,NA
E129_0_501,0,0,0,0,0
E142_3_457,84.010647894706,NA,NA,NA,NA
E33_2_355,NA,52.8312807399469,NA,NA,NA
E12_1_453,NA,63.2628123678512,NA,NA,NA
E149_2_455,37.019693896658,NA,NA,NA,NA
E147_4_609,NA,NA,NA,36.3153231801576,NA
E130_0_301,NA,NA,NA,0,0
E130_1_603,39.2555063184049,NA,NA,NA,NA
E19_1_653,85.9450710383764,NA,NA,NA,NA
E31_2_104,NA,NA,NA,NA,58.2651872630535
E88_2_655,NA,NA,NA,37.6031322933089,NA
E136_4_86,82.1423722571767,NA,NA,NA,NA
E149_4_158,74.707124295646,NA,NA,NA,NA
E39_1_553,NA,NA,NA,66.3361411004002,NA
E7_4_96,50.2861320353469,NA,NA,NA,NA
E70_2_255,NA,71.0007774364935,NA,NA,NA
E85_4_76,NA,NA,NA,77.7339781542819,NA
E32_0_551,NA,NA,21.1820067215103,NA,19.2680868835551
E90_2_655,57.9379884603833,NA,NA,NA,NA
E56_3_958,48.3905682211449,NA,NA,NA,NA
E111_0_401,6.2990899211192,8.86566915423859,11.6622431993339,7.39572676987241,11.5011969446537
E119_3_056,NA,NA,NA,NA,54.6661786695998
E149_3_557,36.2620158142677,NA,NA,NA,NA
E115_4_108,54.4825138855084,NA,NA,NA,NA
E23_1_603,NA,NA,57.7475444625943,NA,NA
E40_0_651,NA,NA,NA,31.6299418557297,NA
E49_1_152,NA,NA,49.1057666301287,NA,NA
E118_0_15,NA,32.5150302242765,NA,NA,NA
E26_3_557,NA,76.5340900907158,NA,NA,NA
E71_3_557,NA,NA,NA,57.4339390913792,NA
E123_4_259,61.2461237579758,NA,NA,NA,NA
E131_4_91,NA,NA,NA,77.3974171139865,NA
E84_2_405,NA,NA,NA,75.7648286955556,NA
E114_0_701,14.893461126282,1.06808206639466,1.08819672979728,1.1172126399652,1.09210782815066
E37_1_202,83.0744124028015,NA,NA,NA,NA
E93_0_1,NA,11.8625580379822,18.6702875293271,NA,18.5444767316543
E114_0_551,11.530417173672,12.1668882741196,8.76536089858996,4.83913955015798,8.35970957741957
E53_2_204,NA,NA,NA,71.2387586273978,NA
E87_0_05,6.75982826915019,9.55777721648977,15.6788742573455,7.83108794267804,15.5658691343429
E18_0_15,6.42990217586037,8.57244501182012,9.77142599081078,6.78685018724439,10.0884845766797
E31_2_255,NA,NA,NA,NA,57.2977127624486
E108_2_505,NA,NA,NA,38.2297017911993,NA
E111_4_409,NA,NA,53.3518814931428,NA,NA
E140_2_004,48.1203313681693,NA,NA,NA,NA
E12_1_503,NA,54.8798069626652,NA,NA,NA
E11_2_104,NA,53.5650468514469,NA,NA,NA
E100_2_956,NA,57.7003196071265,NA,NA,NA
E111_2_154,NA,NA,56.3893344600845,NA,NA
E28_1_102,NA,66.2308519494536,NA,NA,NA
E84_0_952,NA,NA,NA,63.0476763180898,NA
E111_0_952,NA,NA,28.8147422578926,NA,29.8508960267314
E52_2_255,NA,48.8025395045665,NA,NA,NA
E51_1_353,40.2176255061247,NA,NA,NA,NA
E55_2_906,NA,63.4382213819955,NA,NA,NA
E55_4_91,NA,71.3276422797623,NA,NA,NA
E21_4_158,NA,NA,NA,36.4049216077,NA
E83_1_403,18.5377274636702,26.5608812830804,NA,NA,NA
E69_3_808,NA,42.2705802170087,NA,NA,NA
E40_4_709,NA,NA,NA,56.5330852515524,NA
E70_3_407,NA,76.5340900907158,NA,NA,NA
E12_2_204,NA,66.3468199710436,NA,NA,NA
E144_4_96,NA,NA,NA,32.0184350868878,NA
E16_0_05,NA,9.55777721648977,18.8399747623708,NA,17.7972571590321
E85_4_91,NA,NA,NA,65.0396597827176,NA
E115_4_409,85.1796599578592,NA,NA,NA,NA
E97_2_455,NA,76.5340900907158,NA,NA,NA
E22_4_91,NA,NA,NA,34.3925068830874,NA
E122_1_102,NA,56.2783842983698,NA,NA,NA
E134_3_808,NA,NA,54.8906221109741,NA,NA
E126_2_004,NA,71.7096232507457,NA,NA,NA
E50_2_605,NA,NA,NA,43.2422260436186,NA
E147_0_501,NA,NA,NA,21.6913237609303,NA
E64_3_056,NA,76.5340900907158,NA,NA,NA
E116_2_405,NA,NA,NA,52.9766211258642,NA
E144_3_407,NA,NA,NA,31.4192723548626,NA
E64_2_555,NA,61.4405731700764,NA,NA,NA
E91_1_403,15.6134054983501,0.173772291533944,0.173733667683871,0.174279372957858,0.174161316913006
E140_4_609,50.4333219490984,NA,NA,NA,NA
E126_0_0,NA,NA,20.5965348913872,NA,18.6469281235276
E143_0_852,NA,33.3374709296422,NA,NA,NA
E42_4_76,NA,61.9430073959973,NA,NA,NA
E52_3_156,NA,62.9279458202361,NA,NA,NA
E113_0_501,NA,20.0536567359234,NA,NA,25.6050054533787
E133_4_609,NA,NA,NA,55.3352184440364,NA
E141_0_251,1.15506186076935,1.15223706823277,1.1405871965281,11.482976398966,1.13832197435016
E76_4_91,NA,76.5340900907158,NA,NA,NA
E11_4_509,NA,54.1718738996517,NA,NA,NA
E9_1_854,NA,69.4448385504195,NA,NA,NA
E9_0_601,31.6238063964399,NA,NA,NA,NA
E44_0_401,NA,18.1896633280237,22.9858462498052,NA,26.4006435799306
E149_3_457,48.7361014204489,NA,NA,NA,NA
E82_2_154,37.2770349319461,NA,NA,NA,NA
E74_1_403,NA,64.3033575557117,NA,NA,NA
E142_1_403,49.1062681926243,NA,NA,NA,NA
E26_2_505,NA,70.5349706806169,NA,NA,NA
E48_1_052,0,0,0,0,0
E77_3_507,NA,71.754798795378,NA,NA,NA
E71_1_202,NA,NA,NA,73.0542953431347,NA
E39_2_906,NA,NA,NA,31.4296886980712,NA
E22_3_407,NA,NA,NA,47.8796581959224,NA
E137_3_257,NA,76.5340900907158,NA,NA,NA
E98_4_609,NA,NA,NA,31.93368673651,NA
E59_3_056,NA,41.6294653939815,NA,NA,NA
E44_4_709,NA,NA,59.0742991821399,NA,NA
E25_4_309,61.9325816786023,NA,NA,NA,NA
E93_0_551,NA,18.5274504635825,22.8927820303547,NA,26.5538912517511
E145_4_86,NA,NA,NA,57.6684263609171,NA
E42_4_208,NA,57.9363011528113,NA,NA,NA
E116_4_409,NA,NA,NA,75.6867054792924,NA
E116_2_154,NA,NA,NA,38.3675975395932,NA
E46_2_505,51.4915366313275,NA,NA,NA,NA
E106_1_703,NA,NA,58.2075544216917,NA,NA
E9_2_204,NA,57.9678773914999,NA,NA,NA
E94_4_509,NA,NA,NA,42.4092059338655,NA
E24_1_202,NA,NA,NA,45.7325789038474,NA
E138_1_253,85.9450710383764,NA,NA,NA,NA
E14_0_501,11.2744027674383,16.4841039115868,9.37343339833498,5.33341378183889,8.80680449243835
E38_0_15,8.00298109465008,12.0248116307277,11.5281832945671,6.31090729697654,11.1975605171995
E120_1_653,NA,21.2462576534664,NA,NA,NA
E42_2_756,NA,72.4998620427125,NA,NA,NA
E65_3_557,67.7247315482688,NA,NA,NA,NA
E107_0_251,NA,15.9363403302496,24.5244983323397,NA,26.0556752627969
E39_0_701,NA,NA,NA,36.7286268051245,NA
E75_1_453,NA,NA,NA,29.9310577252579,NA
E88_4_108,NA,NA,NA,46.8692086993951,NA
E78_4_659,NA,67.5995030470346,NA,NA,NA
E21_2_405,NA,NA,NA,51.1974737463882,NA
E69_4_158,NA,40.8165195925998,NA,NA,NA
E130_4_108,59.865040615338,NA,NA,NA,NA
E107_2_305,NA,NA,NA,NA,54.5212196863723
E94_3_507,NA,NA,NA,54.1164622352758,NA
E96_1_703,64.2725442177289,NA,NA,NA,NA
E110_4_76,NA,NA,NA,49.2124289365449,NA
E20_1_804,55.1594241111116,NA,NA,NA,NA
E76_2_154,NA,76.5340900907158,NA,NA,NA
E59_1_102,NA,65.4300237288169,NA,NA,NA
E80_0_852,NA,NA,NA,17.2259959621482,NA
E65_3_357,58.5613000758107,NA,NA,NA,NA
E54_3_357,74.3634743509033,NA,NA,NA,NA
E56_3_808,82.4299253741781,NA,NA,NA,NA
E89_3_657,NA,76.5340900907158,NA,NA,NA
E21_3_908,NA,NA,NA,30.3905749081886,NA
E1_1_052,38.0139889559174,NA,NA,NA,NA
E107_4_609,NA,NA,NA,NA,56.3657704956631
E58_4_058,NA,60.6120548498123,NA,NA,NA
E12_1_353,NA,70.8083658880955,NA,NA,NA
E105_1_453,NA,67.6513172742923,NA,NA,NA
E143_1_904,NA,72.0771693627493,NA,NA,NA
E104_4_609,NA,72.776515789102,NA,NA,NA
E65_2_305,77.7838948964308,NA,NA,NA,NA
E16_2_305,NA,52.4219360567946,NA,NA,NA
E8_3_958,NA,76.5340900907158,NA,NA,NA
E100_2_756,NA,70.9656420659391,NA,NA,NA
E111_1_804,NA,NA,59.727410557093,NA,NA
E49_3_156,NA,NA,NA,NA,58.5437532402832
E71_4_659,NA,NA,NA,38.0407547526097,NA
E137_3_156,NA,68.8758450988249,NA,NA,NA
E103_0_0,NA,NA,19.9478767009654,NA,18.1564816787126
E9_2_605,NA,69.6132808954114,NA,NA,NA
E84_3_407,NA,NA,NA,33.648076324855,NA
E35_1_804,NA,NA,NA,NA,58.7537712727748
E9_2_655,NA,59.1375894669394,NA,NA,NA
E43_4_008,NA,NA,NA,31.7200179614868,NA
E121_3_257,NA,71.9309820861819,NA,NA,NA
E41_4_81,NA,NA,NA,57.7058092037592,NA
E45_3_758,NA,NA,NA,70.4482731167686,NA
E100_1_002,12.5044294259924,19.8513122680456,9.83535752297228,NA,9.16440413987015
E136_0_15,9.11581211638517,12.6850279920242,9.72225719985346,5.73356496723438,9.29947652007101
E97_1_102,NA,35.1481167244523,NA,NA,NA
E149_1_653,37.6744160117249,NA,NA,NA,NA
E62_2_054,NA,NA,NA,NA,56.4495738454215
E66_2_104,67.5931897472526,NA,NA,NA,NA
E107_4_659,NA,NA,NA,NA,58.5780166624548
E48_2_906,NA,NA,NA,38.1569496028318,NA
E34_4_309,NA,NA,53.4718931437195,NA,NA
E139_4_509,68.581979668586,NA,NA,NA,NA
E3_3_758,NA,NA,NA,64.5020982262599,NA
E137_2_405,NA,74.6829157871423,NA,NA,NA
E135_2_455,65.5749801229968,NA,NA,NA,NA
E59_4_91,NA,71.4304132612254,NA,NA,NA
E75_1_703,NA,NA,NA,54.3549190951263,NA
E38_3_758,NA,NA,NA,NA,60.7336387391361
E15_2_605,NA,NA,NA,24.6571910292524,NA
E82_4_559,82.8983085439152,NA,NA,NA,NA
E73_2_906,NA,NA,NA,68.0019587319036,NA
E9_3_206,NA,76.4680764998112,NA,NA,NA
E103_4_409,NA,NA,NA,41.1312877715658,NA
E12_3_958,NA,50.1544612348717,NA,NA,NA
E106_3_657,NA,NA,53.5594859986334,NA,NA
E0_4_86,NA,49.0170569879159,NA,NA,NA
E42_1_453,NA,37.8527582000944,NA,NA,NA
E65_2_104,56.7902946472432,NA,NA,NA,NA
E0_4_609,NA,74.045914852175,NA,NA,NA
E85_2_355,NA,NA,NA,69.5235933997417,NA
E47_2_605,NA,NA,NA,48.0366130585604,NA
E18_1_403,0,0,0,NA,0
E14_2_605,NA,NA,NA,35.411660977862,NA
E87_3_707,82.5676684572755,NA,NA,NA,NA
E28_4_76,NA,62.8502009880372,NA,NA,NA
E104_2_856,NA,61.7021421520053,NA,NA,NA
E32_1_854,NA,NA,49.3148790047776,NA,NA
E8_4_409,NA,76.5340900907158,NA,NA,NA
E43_3_407,NA,NA,NA,71.0012238292883,NA
E133_4_86,NA,NA,NA,42.0744487032657,NA
E81_2_756,65.0007988531642,NA,NA,NA,NA
E98_0_2,5.24538724031875,6.65605144934444,6.6696571922733,8.00510963918192,7.02328891662941
E30_3_758,NA,76.5340900907158,NA,NA,NA
E142_2_956,85.4303169182646,NA,NA,NA,NA
E91_3_808,NA,76.5340900907158,NA,NA,NA
E80_3_908,NA,NA,NA,62.846344882789,NA
E43_3_808,NA,NA,NA,52.5128314339627,NA
E108_0_1,5.83439320065898,8.52098232874789,12.837807353777,8.66838060988783,12.7395384142435
E44_2_204,NA,NA,60.2847254668676,NA,NA
E42_3_307,NA,73.9886505787269,NA,NA,NA
E85_2_705,NA,NA,NA,51.7893309506962,NA
E128_4_359,NA,48.2879136809764,NA,NA,NA
E88_2_956,NA,NA,NA,32.4320735835194,NA
E80_4_81,NA,NA,NA,60.3648204377446,NA
E76_2_204,NA,76.5340900907158,NA,NA,NA
E107_3_607,NA,NA,NA,NA,58.3956604254775
E52_4_91,NA,71.4114988275899,NA,NA,NA
E113_1_353,49.3070250046683,NA,NA,NA,NA
E136_4_659,49.3715938481142,NA,NA,NA,NA
E126_3_106,NA,68.2370876013394,NA,NA,NA
E133_3_657,NA,NA,NA,32.4466329073733,NA
E42_4_559,NA,70.3846201578306,NA,NA,NA
E122_3_908,NA,53.7270160489156,NA,NA,NA
E29_2_705,NA,NA,NA,35.8009687822043,NA
E129_0_15,5.40214560766559,6.73106377289361,6.80214045476048,7.46238841917488,7.04249456614164
E48_0_501,0,0,0,0,0
E129_2_054,NA,NA,NA,30.7282902043082,NA
E104_1_703,18.7973827246543,0,0,NA,NA
E16_3_607,NA,49.9552392803345,NA,NA,NA
E14_3_557,NA,NA,NA,45.575751980509,NA
E39_2_956,NA,NA,NA,60.3365877770738,NA
E8_4_108,NA,76.5340900907158,NA,NA,NA
E92_2_405,NA,NA,NA,32.2245665390085,NA
E114_3_357,NA,NA,NA,36.4909504503426,NA
E67_4_659,72.2858713784957,NA,NA,NA,NA
E92_2_455,NA,NA,NA,31.5558042149764,NA
E138_4_509,61.5703475534128,NA,NA,NA,NA
E127_0_651,NA,NA,NA,36.1116388006017,NA
E32_0_601,NA,NA,24.4781789526655,NA,24.7985114706304
E140_3_507,82.2315303208009,NA,NA,NA,NA
E99_3_307,NA,NA,NA,30.9855961636719,NA
E7_1_453,35.6968318807358,NA,NA,NA,NA
E6_1_152,50.0726382348948,NA,NA,NA,NA
E103_2_806,NA,NA,NA,42.7659942443472,NA
E146_1_152,NA,NA,NA,64.2516026659323,NA
E89_0_802,NA,32.327011310556,NA,NA,NA
E78_0_451,10.3015548295634,12.5879297531624,9.02870733920315,5.29117647555197,8.53325721605402
E39_4_108,NA,NA,NA,72.3786510132209,NA
E126_1_002,NA,37.7472202217065,NA,NA,NA
E115_1_052,29.002226885528,NA,NA,NA,NA
E147_3_858,NA,NA,NA,35.7018410695065,NA
E111_0_902,NA,NA,28.715876276368,NA,29.7564615838112
E75_2_455,NA,NA,NA,52.5700153687895,NA
E85_0_251,3.81047832116858,4.90718363978817,4.40817216615966,12.1307882862192,4.46354751020371
E44_0_952,NA,NA,48.981058048285,NA,NA
E123_3_156,83.2225239448336,NA,NA,NA,NA
E69_0_2,9.37426353286808,12.4686485573707,9.35825708070045,5.59078844518812,8.94195316335351
E16_0_752,NA,40.1807266012893,NA,NA,NA
E94_4_309,NA,NA,NA,48.4960499538358,NA
E135_3_557,68.8900277148169,NA,NA,NA,NA
E132_2_255,NA,54.7965836168932,NA,NA,NA
E8_3_808,NA,44.6725776536925,NA,NA,NA
E51_4_058,62.4292723062357,NA,NA,NA,NA
E75_3_307,NA,NA,NA,76.7634590974708,NA
E70_1_202,NA,67.8383839218499,NA,NA,NA
E20_0_0,NA,NA,20.5819418352635,NA,18.7476608247953
E49_3_758,NA,NA,NA,NA,60.5429788690419
E135_1_503,76.5917654358611,NA,NA,NA,NA
E7_1_954,52.9195834166814,NA,NA,NA,NA
E20_4_259,71.6611945229096,NA,NA,NA,NA
E36_0_952,63.7106277944527,NA,NA,NA,NA
E113_3_056,69.3288850091572,NA,NA,NA,NA
E140_4_76,66.5597786624351,NA,NA,NA,NA
E41_0_601,NA,NA,NA,25.217726072503,NA
E115_2_204,65.1998091493069,NA,NA,NA,NA
E68_1_202,NA,NA,NA,67.9592441694964,NA
E102_4_509,NA,76.5340900907158,NA,NA,NA
E2_4_86,58.6591266828333,NA,NA,NA,NA
E73_0_0,NA,NA,20.5893726913614,NA,18.5200348994669
E62_3_307,NA,NA,NA,NA,55.4027855191663
E121_0_301,0,0,0,0,0
E110_0_802,NA,NA,NA,34.5766232533537,NA
E84_0_701,NA,NA,NA,66.8766789780489,NA
E91_1_703,32.5814269491484,NA,NA,NA,NA
E64_4_509,NA,76.5340900907158,NA,NA,NA
E135_4_86,85.2616585510947,NA,NA,NA,NA
E74_0_752,NA,38.8157312699542,NA,NA,NA
E133_2_355,NA,NA,NA,28.7930001193751,NA
E132_2_004,NA,67.9818551092571,NA,NA,NA
E10_2_455,76.4082322146798,NA,NA,NA,NA
E62_3_206,NA,NA,NA,NA,55.8485722437644
E32_3_457,NA,NA,53.8591430240714,NA,NA
E41_2_655,NA,NA,NA,74.4767517696844,NA
E24_0_301,5.9373812399013,7.16800327919812,7.34383979660859,6.49145596767153,7.45160605715348
E94_3_958,NA,NA,NA,52.8241870198992,NA
E96_0_651,47.1620268979213,NA,NA,NA,NA
E48_0_2,0,0,0,0,0
E17_0_351,4.78433943062284,5.21859392518278,5.13062539781479,5.7770171925446,5.14098137166496
E88_2_455,NA,NA,NA,31.0167258660954,NA
E35_3_808,NA,NA,NA,NA,53.6309663999648
E47_0_1,5.10570293220247,6.89973716519153,7.96751451270067,9.40446987318327,11.4658271338148
E51_2_204,63.5269313218034,NA,NA,NA,NA
E19_4_359,69.6254560502918,NA,NA,NA,NA
E40_1_403,NA,NA,NA,36.9791610762652,NA
E135_4_309,57.8209063141797,NA,NA,NA,NA
E17_2_004,NA,NA,NA,41.4505700075065,NA
E132_4_609,NA,47.0338080105257,NA,NA,NA
E80_1_603,NA,NA,NA,40.8182109010721,NA
E55_3_657,NA,43.6430235872425,NA,NA,NA
E105_1_904,NA,62.3897475786886,NA,NA,NA
E44_3_457,NA,NA,60.8367655477543,NA,NA
E106_2_305,NA,NA,55.0581816881003,NA,NA
E36_2_455,51.9922636552487,NA,NA,NA,NA
E132_2_906,NA,65.6486378742118,NA,NA,NA
E91_0_651,NA,NA,20.4153465404798,NA,19.1601828727827
E30_0_0,NA,NA,20.3798208268444,NA,18.3475532702165
E13_1_904,NA,NA,NA,42.6169118955165,NA
E66_1_102,34.3992155471038,NA,NA,NA,NA
E3_0_1,7.22567550642207,10.6243154795723,13.2928927846887,6.91065062913171,13.2434199013857
E10_3_758,48.7293527879841,NA,NA,NA,NA
E117_4_409,83.3962245575654,NA,NA,NA,NA
E108_4_008,NA,NA,NA,53.3720733523379,NA
E102_2_856,NA,61.1371083952878,NA,NA,NA
E21_1_754,NA,NA,NA,39.6544748119322,NA
E7_2_305,58.1723699473868,NA,NA,NA,NA
E148_1_052,NA,NA,59.5144853184134,NA,NA
E35_2_605,NA,NA,NA,NA,58.4936535915715
E33_1_403,NA,41.5695913659534,NA,NA,NA
E120_2_054,57.1394913862423,NA,NA,NA,NA
E85_0_401,4.15451480127158,5.44485357999213,5.009478113523,11.7368509905301,5.06766158964102
E107_4_008,NA,NA,NA,NA,58.2405944616013
E132_2_806,NA,64.5182762777207,NA,NA,NA
E9_0_351,26.305364618021,NA,NA,NA,NA
E99_3_206,NA,NA,NA,35.657842324559,NA
E128_1_353,NA,37.4282679119682,NA,NA,NA
E75_4_108,NA,NA,NA,72.4991148326424,NA
E9_3_958,NA,59.5758995752954,NA,NA,NA
E122_3_557,NA,64.810316418221,NA,NA,NA
E41_4_459,NA,NA,NA,52.5806613888619,NA
E96_3_106,82.6850161307022,NA,NA,NA,NA
E78_4_86,NA,76.5340900907158,NA,NA,NA
E12_2_455,NA,50.7872945354599,NA,NA,NA
E34_4_86,NA,NA,55.6217816650672,NA,NA
E56_0_05,NA,9.93770476195831,18.0129872481444,8.29011185754976,17.5658932077005
E81_3_908,51.6721138528286,NA,NA,NA,NA
E77_2_705,NA,51.6140285290819,NA,NA,NA
E116_3_457,NA,NA,NA,30.4176085577542,NA
E133_4_409,NA,NA,NA,54.0821049233359,NA
E105_2_154,NA,61.5982015958984,NA,NA,NA
E14_3_006,NA,NA,NA,58.1438649755414,NA
E119_0_601,NA,NA,26.4140531142087,NA,26.6054590306678
E77_2_455,NA,49.5017186344583,NA,NA,NA
E7_3_908,55.0926194452756,NA,NA,NA,NA
E141_2_756,NA,69.2751787552922,NA,NA,NA
E139_0_802,32.4799868670585,NA,NA,NA,NA
E68_4_108,NA,NA,NA,79.8067466637923,NA
E108_3_156,NA,NA,NA,49.102981445572,NA
E130_1_954,37.6784965196902,NA,NA,NA,NA
E55_4_208,NA,71.6269484689956,NA,NA,NA
E60_1_102,NA,76.5340900907158,NA,NA,NA
E27_1_603,67.0532563662294,NA,NA,NA,NA
E38_4_659,NA,NA,NA,NA,53.5300623671862
E21_0_852,NA,NA,NA,34.6971420186386,NA
E111_0_351,6.39479838828895,9.01770017097927,11.7049968889836,7.30124420002018,11.5996323630457
E129_4_058,NA,NA,NA,32.3020852096991,NA
E23_3_707,NA,NA,58.4821969657319,NA,NA
E147_4_91,NA,NA,NA,62.8309304974644,NA
E63_0_752,53.1047985465898,NA,NA,NA,NA
E8_2_104,NA,76.5340900907158,NA,NA,NA
E110_3_156,NA,NA,NA,51.6768668034831,NA
E121_1_002,0,NA,0,0,0
E147_2_204,NA,NA,NA,0,0
E33_0_351,4.96534326783441,5.79520663056116,5.68381884893831,6.96467786894569,5.67369218006709
E77_2_906,NA,63.2628123678512,NA,NA,NA
E50_3_407,NA,NA,NA,33.8876766290753,NA
E79_3_858,NA,NA,NA,58.6968442808914,NA
E30_4_659,NA,50.3822740520811,NA,NA,NA
E140_4_409,62.8060533067824,NA,NA,NA,NA
E81_3_357,65.2623318937018,NA,NA,NA,NA
E55_3_206,NA,58.7700432037126,NA,NA,NA
E147_4_158,NA,NA,NA,76.5489517076654,NA
E20_1_503,71.4756115435632,NA,NA,NA,NA
E7_0_301,5.43841120883934,7.5526916853776,12.1854066149722,9.15860661678737,12.0625289622069
E34_2_004,NA,NA,48.8950451774185,NA,NA
E126_4_76,NA,72.0049156089836,NA,NA,NA
E52_1_303,NA,48.4019605328806,NA,NA,NA
E40_4_259,NA,NA,NA,80.7667176911883,NA
E5_1_653,NA,28.9460804290165,NA,NA,NA
E20_4_609,49.9430722324077,NA,NA,NA,NA
E142_3_657,58.3137956368537,NA,NA,NA,NA
E37_2_856,52.0938601850983,NA,NA,NA,NA
E29_1_453,NA,NA,NA,76.5645996757179,NA
E36_2_605,48.8143392490238,NA,NA,NA,NA
E92_1_653,NA,NA,NA,38.0917471125408,NA
E40_4_208,NA,NA,NA,79.651823620313,NA
E90_4_259,61.5495821771061,NA,NA,NA,NA
E142_1_603,50.6212520738745,NA,NA,NA,NA
E99_3_457,NA,NA,NA,36.7194650820212,NA
E3_1_904,NA,NA,NA,51.0388107607257,NA
E25_0_952,37.8960757373948,NA,NA,NA,NA
E105_0_501,0,0,0,0,0
E33_1_102,NA,39.0160697999062,NA,NA,NA
E144_1_603,NA,NA,NA,54.0615331973352,NA
E131_1_202,NA,NA,NA,41.9965674490454,NA
E114_0_902,32.0301308553008,NA,NA,NA,NA
E127_0_752,NA,NA,NA,62.907685972299,NA
E135_4_659,85.7544856446561,NA,NA,NA,NA
E137_4_509,NA,61.3838281234598,NA,NA,NA
E132_0_301,NA,17.3642380813272,23.6126090568986,NA,26.3243572772493
E105_3_106,NA,76.5340900907158,NA,NA,NA
E130_4_659,83.6362208162645,NA,NA,NA,NA
E23_1_854,NA,NA,54.0957300736854,NA,NA
E62_3_357,NA,NA,NA,NA,58.2834207013863
E35_2_655,NA,NA,NA,NA,59.3706613351283
E67_4_86,53.4381309429544,NA,NA,NA,NA
E115_1_804,85.3591778308795,NA,NA,NA,NA
E49_2_305,NA,NA,NA,NA,53.691392115939
E46_1_553,78.5548566669959,NA,NA,NA,NA
E136_1_102,NA,16.3753992744505,23.4419153086459,NA,25.6453261162527
E127_4_158,NA,NA,NA,74.275096221662,NA
E56_0_251,5.68406175050542,7.51785405728313,8.10372125533189,7.62979328680479,7.65208742748172
E79_1_954,NA,NA,NA,72.5072309969569,NA
E39_2_204,NA,NA,NA,52.4881589308137,NA
E133_3_457,NA,NA,NA,37.4358619878966,NA
E104_1_954,NA,62.2362498762667,NA,NA,NA
E147_4_509,NA,NA,NA,32.8793044497293,NA
E74_4_659,NA,76.5340900907158,NA,NA,NA
E134_1_703,NA,NA,56.1537623915926,NA,NA
E73_2_355,NA,NA,NA,50.1780676988958,NA
E73_2_605,NA,NA,NA,72.6600423307641,NA
E10_0_501,NA,35.9180023650827,NA,NA,NA
E134_4_208,NA,NA,56.5404428889892,NA,NA
E144_3_206,NA,NA,NA,36.7691970990568,NA
E24_2_705,NA,NA,NA,37.1947569718898,NA
E102_0_752,NA,42.7150314447662,NA,NA,NA
E100_4_86,NA,54.4465486719227,NA,NA,NA
E75_2_405,NA,NA,NA,49.8598807767231,NA
E48_1_603,NA,NA,NA,61.2761094059689,NA
E12_2_906,NA,62.016338068697,NA,NA,NA
E65_3_657,63.5015929839717,NA,NA,NA,NA
E149_1_503,NA,40.0753670572392,NA,NA,NA
E49_2_956,NA,NA,NA,NA,55.3506444767461
E23_0_752,NA,NA,54.3944030994684,NA,NA
E24_0_952,NA,NA,NA,32.946057838812,NA
E27_4_509,50.7419395923957,NA,NA,NA,NA
E130_1_002,32.716922932016,NA,NA,NA,NA
E1_2_355,62.6263872999294,NA,NA,NA,NA
E81_0_852,NA,20.2136867388395,NA,NA,NA
E121_2_505,NA,38.5154365894212,NA,NA,NA
E140_3_407,46.4489102351237,NA,NA,NA,NA
E41_0_15,5.30642142924609,7.28219990002638,8.13337226549814,9.21864911810984,11.7906173561667
E146_1_453,NA,NA,NA,55.5516464656352,NA
E33_4_81,NA,76.5340900907158,NA,NA,NA
E6_2_104,79.0315080605498,NA,NA,NA,NA
E69_4_309,NA,48.5113956605377,NA,NA,NA
E32_0_15,NA,15.1583026366564,22.7622426655419,NA,24.1578578622698
E98_4_96,NA,NA,NA,44.8537100848275,NA
E117_3_257,73.2738643559527,NA,NA,NA,NA
E64_1_002,27.0978074154597,NA,NA,NA,NA
E66_4_509,63.8322816951484,NA,NA,NA,NA
E63_0_651,85.2723557490209,NA,NA,NA,NA
E13_2_054,NA,NA,NA,52.3542347926965,NA
E0_4_81,NA,58.6918064153398,NA,NA,NA
E62_4_96,NA,NA,NA,NA,55.0496752333716
E46_4_208,76.2793318674739,NA,NA,NA,NA
E5_4_609,NA,67.7198595505294,NA,NA,NA
E149_2_204,49.9329466348281,NA,NA,NA,NA
E100_3_357,NA,48.3321343097304,NA,NA,NA
E29_0_902,NA,NA,NA,0,0
E110_2_756,NA,NA,NA,59.7835547170292,NA
E127_2_756,NA,NA,NA,49.8598807767231,NA
E101_4_659,NA,NA,NA,48.1058406739258,NA
E12_3_557,NA,46.831528051691,NA,NA,NA
E141_0_701,26.3800917752894,NA,NA,NA,NA
E132_4_709,NA,75.7183891375331,NA,NA,NA
E93_0_701,10.491532665562,NA,NA,NA,NA
E112_4_208,80.4174959964923,NA,NA,NA,NA
E37_2_455,68.8001256825738,NA,NA,NA,NA
E109_4_459,NA,61.3255676263262,NA,NA,NA
E18_3_507,NA,75.0861033510858,NA,NA,NA
E78_4_609,NA,70.2034583739663,NA,NA,NA
E122_4_709,NA,55.2226872459825,NA,NA,NA
E58_2_605,NA,62.6872317775937,NA,NA,NA
E117_0_501,33.0585822475914,NA,NA,NA,NA
E106_2_856,NA,NA,55.1333682377696,NA,NA
E126_1_052,33.6135972228173,NA,NA,NA,NA
E133_1_102,NA,NA,NA,33.3204922480065,NA
E114_0_501,10.9943463071235,12.246980618023,8.85226973837327,4.99641336523211,8.39049757089541
E130_0_752,33.9253479641895,NA,NA,NA,NA
E8_2_305,NA,76.5340900907158,NA,NA,NA
E20_2_705,82.4361353352991,NA,NA,NA,NA
E91_1_253,17.573931128656,0,0,0,0
E10_4_108,49.7816523436246,NA,NA,NA,NA
E26_2_705,NA,56.7621414829444,NA,NA,NA
E28_4_008,NA,68.3129729480373,NA,NA,NA
E9_1_002,33.3431096727488,NA,NA,NA,NA
E71_3_407,NA,NA,NA,51.193925152744,NA
E119_0_952,NA,NA,NA,NA,30.4370608636001
E53_1_703,NA,NA,NA,36.9727889099858,NA
E147_0_902,NA,NA,NA,0,0
E14_4_409,NA,NA,NA,68.087390306122,NA
E125_2_856,84.0758066814659,NA,NA,NA,NA
E58_2_705,NA,63.1234590005798,NA,NA,NA
E40_2_305,NA,NA,NA,53.5530589233138,NA
E32_1_152,NA,NA,NA,NA,30.6865381505935
E131_0_15,5.37743575337649,7.27746622701044,8.10372125533189,8.80607158520458,11.3467233375329
E36_1_954,74.0517503871988,NA,NA,NA,NA
E24_1_303,NA,NA,NA,29.8307592185619,NA
E55_2_605,NA,63.321248548905,NA,NA,NA
E99_3_758,NA,NA,NA,53.3430737556676,NA
E128_2_806,NA,75.9669132708567,NA,NA,NA
E11_3_307,NA,64.5182762777207,NA,NA,NA
E149_4_559,70.3735110418291,NA,NA,NA,NA
E114_4_86,NA,NA,NA,33.3711194411437,NA
E39_0_651,NA,NA,NA,33.7258705567152,NA
E10_1_503,61.0339021709429,NA,NA,NA,NA
E63_4_91,60.9309934158364,NA,NA,NA,NA
E143_3_407,NA,69.6794481959927,NA,NA,NA
E27_0_651,28.7425794543448,NA,NA,NA,NA
E93_3_958,NA,70.8516798432261,NA,NA,NA
E49_3_607,NA,NA,NA,NA,60.3456455170632
E102_1_703,NA,42.6464448608326,NA,NA,NA
E112_2_104,50.6966239417916,NA,NA,NA,NA
E94_2_505,NA,NA,NA,73.8008889598524,NA
E55_0_451,4.53622879005179,6.47598915499172,13.0461033271583,12.6367739007272,13.0068491848262
E143_0_752,NA,42.921567537332,NA,NA,NA
E43_2_455,NA,NA,NA,57.0223940972449,NA
E40_4_108,NA,NA,NA,75.2433608438773,NA
E91_4_76,NA,62.5057329934867,NA,NA,NA
E47_3_106,NA,NA,NA,48.3287033730717,NA
E14_1_954,NA,NA,NA,27.821809300176,NA
E97_1_553,NA,40.1145889018229,NA,NA,NA
E109_4_76,NA,76.5340900907158,NA,NA,NA
E97_3_257,NA,49.152923754041,NA,NA,NA
E105_2_355,NA,63.0101134213126,NA,NA,NA
E140_3_657,59.410702049294,NA,NA,NA,NA
E15_1_904,NA,NA,NA,0,0
E149_2_605,38.5573742151048,NA,NA,NA,NA
E124_0_551,NA,NA,NA,NA,27.7585057512111
E106_1_453,NA,NA,53.5344822085634,NA,NA
E9_1_553,NA,71.2376784196945,NA,NA,NA
E139_3_707,82.7431145510055,NA,NA,NA,NA
E107_1_102,NA,NA,NA,NA,53.1514932471031
E139_1_002,38.0583387611182,NA,NA,NA,NA
E48_2_655,NA,NA,NA,72.8639264238457,NA
E35_4_459,NA,NA,NA,NA,56.183660657537
E35_2_255,NA,NA,NA,NA,58.9551677513327
E34_0_451,NA,NA,NA,NA,30.2115736440097
E10_3_307,76.0432613027915,NA,NA,NA,NA
E58_3_106,NA,68.5598562754285,NA,NA,NA
E141_1_152,11.7385129118244,18.7650137186417,9.86228269598479,NA,9.20679768373584
E93_0_902,NA,17.9438663352393,23.8977019601415,NA,26.8185428028321
E131_1_052,NA,NA,NA,37.1203824560312,NA
E37_0_902,36.2227436704807,NA,NA,NA,NA
E65_4_659,59.2881481990079,NA,NA,NA,NA
E141_2_204,NA,52.8831494599902,NA,NA,NA
E42_1_804,NA,71.0615566701219,NA,NA,NA
E3_2_856,NA,NA,NA,32.2489131894846,NA
E46_3_557,85.2364870455472,NA,NA,NA,NA
E135_0_15,8.65290814176863,10.6763769977996,8.92212208442553,5.52038370192981,8.46624894811244
E34_2_605,NA,NA,55.0860666300257,NA,NA
E117_0_802,27.257182162833,NA,NA,NA,NA
E71_3_206,NA,NA,NA,76.7405347295238,NA
E138_4_158,81.560528516759,NA,NA,NA,NA
E82_2_555,36.1433288878145,NA,NA,NA,NA
E107_3_056,NA,NA,NA,NA,55.1066189361012
E120_1_152,NA,18.1465924285942,16.9948666907345,NA,25.60797122314
E68_3_206,NA,NA,NA,41.401425286718,NA
E94_4_008,NA,NA,NA,58.5136727747311,NA
E88_3_607,NA,NA,NA,51.2543301693111,NA
E1_4_509,64.8249568115569,NA,NA,NA,NA
E78_4_008,NA,47.0021889176429,NA,NA,NA
E3_4_058,NA,NA,NA,29.6846542184218,NA
E83_4_559,63.4195398385759,NA,NA,NA,NA
E125_3_958,85.9450710383764,NA,NA,NA,NA
E10_4_509,48.7073047559819,NA,NA,NA,NA
E42_1_353,32.2899514738359,NA,NA,NA,NA
E57_3_758,NA,NA,NA,52.2931080458521,NA
E59_4_509,NA,62.4084738391632,NA,NA,NA
E36_3_106,60.548796847032,NA,NA,NA,NA
E139_1_453,64.5566030665168,NA,NA,NA,NA
E34_4_659,NA,NA,54.3680960147206,NA,NA
E59_1_653,NA,76.5340900907158,NA,NA,NA
E102_2_705,NA,49.3721229131816,NA,NA,NA
E14_3_357,NA,NA,NA,36.7687036740348,NA
E79_0_451,5.30642142924609,8.22012569348034,15.927146897992,11.7727581888924,15.2020738974959
E36_4_008,74.2808356277753,NA,NA,NA,NA
E65_4_96,56.9585944398235,NA,NA,NA,NA
E90_2_255,84.4566357767745,NA,NA,NA,NA
E11_1_804,NA,57.7075974360777,NA,NA,NA
E39_1_503,NA,NA,NA,65.1749006252292,NA
E117_4_259,67.3384805928188,NA,NA,NA,NA
E12_2_705,NA,57.300503545774,NA,NA,NA
E133_1_854,NA,NA,NA,48.8523124139988,NA
E60_2_906,NA,65.7002043704157,NA,NA,NA
E139_2_756,57.0984562652056,NA,NA,NA,NA
E39_0_451,NA,NA,NA,62.6929689588845,NA
E92_2_655,NA,NA,NA,74.8287874861412,NA
E136_0_551,8.94418751762737,14.8042460276952,13.3045548035658,6.22782820120103,13.3323419900265
E120_0_551,NA,NA,27.1936301861342,NA,28.5560519598181
E144_2_004,NA,NA,NA,56.8966142598982,NA
E38_4_76,NA,NA,NA,NA,54.3335176464297
E83_3_206,80.261545826916,NA,NA,NA,NA
E19_3_006,71.7540976398033,NA,NA,NA,NA
E35_0_952,NA,NA,NA,NA,53.5566550147226
E141_2_405,NA,56.3636780077613,NA,NA,NA
E30_1_603,NA,65.2296095200423,NA,NA,NA
E53_0_351,0,0,0,17.1029025676664,0
E67_1_403,63.1444993019896,NA,NA,NA,NA
E127_0_301,0,0,0,0,0
E31_2_455,NA,NA,NA,NA,52.5315849636104
E57_0_2,NA,NA,NA,22.3398569598446,NA
E84_1_954,NA,NA,NA,66.9929270634885,NA
E58_1_954,NA,60.2449022170701,NA,NA,NA
E5_0_551,NA,15.1672796557946,23.4173549110353,NA,24.5682883482551
E139_1_703,83.5771420116044,NA,NA,NA,NA
E15_1_553,0,0,0,0,0
E121_3_106,NA,76.5340900907158,NA,NA,NA
E87_0_301,8.26658301209349,14.4615423734009,16.9305721647818,NA,21.0641474718933
E20_0_902,43.4490845458578,NA,NA,NA,NA
E127_0_1,5.90714151316587,8.47383258636224,12.2341195647632,8.28433176413413,12.1448088216035
E107_2_655,NA,NA,NA,NA,53.8744511529669
E19_3_858,55.5461551312872,NA,NA,NA,NA
E26_4_609,NA,59.5134226103859,NA,NA,NA
E42_4_609,NA,66.5148887219446,NA,NA,NA
E105_0_401,0,0,0,0,0
E133_3_357,NA,NA,NA,73.2493744875241,NA
E122_0_551,NA,NA,26.5464678295931,NA,28.1526169934644
E113_3_357,74.6061152601704,NA,NA,NA,NA
E77_2_405,NA,51.9369526903315,NA,NA,NA
E79_0_752,NA,NA,NA,44.3959759242723,NA
E125_0_501,43.3472907442047,NA,NA,NA,NA
E87_0_802,17.4115740359166,25.38575435468,NA,NA,NA
E112_3_808,70.0348677421895,NA,NA,NA,NA
E128_1_553,NA,36.9255666283795,NA,NA,NA
E128_4_609,NA,67.6953594270889,NA,NA,NA
E80_2_555,NA,NA,NA,71.1454677890854,NA
E93_4_96,NA,53.5778632520015,NA,NA,NA
E1_0_401,44.1523824569326,NA,NA,NA,NA
E102_0_902,NA,42.1882311653026,NA,NA,NA
E89_2_655,NA,48.1199202986109,NA,NA,NA
E141_1_453,NA,33.4890433838122,NA,NA,NA
E54_4_259,48.4477102655678,NA,NA,NA,NA
E93_3_707,NA,42.1904784070755,NA,NA,NA
E44_3_707,NA,NA,59.65337818577,NA,NA
E72_1_954,76.910903066258,NA,NA,NA,NA
E101_1_904,NA,NA,NA,78.8844334536751,NA
E144_1_804,NA,NA,NA,80.546383,NA
E118_0_1,7.95888920366826,13.0106966793759,14.2372998710166,6.59599571001567,14.3239504858168
E127_1_102,NA,NA,NA,36.5624513845714,NA
E37_3_657,81.7749659921178,NA,NA,NA,NA
E86_1_503,0,0,0,0,0
E124_0_351,NA,NA,NA,NA,31.8131002892057
E117_3_307,65.0848511240583,NA,NA,NA,NA
E57_0_802,NA,NA,NA,39.8184800379974,NA
E6_0_05,7.04477178142621,10.4758605373419,14.9955282485885,7.3328145642592,15.0027728758854
E12_2_655,NA,71.9427992848598,NA,NA,NA
E63_2_355,74.1497712898298,NA,NA,NA,NA
E55_0_2,5.55999417085388,8.48441754324742,14.9873370078845,10.1097833235979,14.6489731813755
E148_2_455,NA,NA,56.0265206944334,NA,NA
E82_4_659,80.8262819100809,NA,NA,NA,NA
E23_1_453,NA,NA,60.8446749836599,NA,NA
E84_3_958,NA,NA,NA,66.9230949769843,NA
E57_3_407,NA,NA,NA,69.4825478277157,NA
E114_3_507,NA,NA,NA,50.6436439026935,NA
E75_0_651,NA,NA,NA,30.8984646419204,NA
E90_3_958,70.2949982559915,NA,NA,NA,NA
E72_4_81,80.3508519783687,NA,NA,NA,NA
E75_4_008,NA,NA,NA,38.9844801105472,NA
E64_4_208,NA,49.2151779138291,NA,NA,NA
E129_0_401,0,0,0,0,0
E88_1_253,NA,NA,NA,53.6928874902707,NA
E60_3_557,NA,53.513108545072,NA,NA,NA
E91_4_208,NA,41.7678298108431,NA,NA,NA
E6_2_305,71.0765607648038,NA,NA,NA,NA
E131_1_754,NA,NA,NA,54.9018207583511,NA
E67_3_156,54.2776111244939,NA,NA,NA,NA
E1_0_551,34.0882796721922,NA,NA,NA,NA
E59_1_303,NA,39.7885101719896,NA,NA,NA
E29_3_457,NA,NA,NA,70.6336997844435,NA
E45_2_004,NA,NA,NA,66.4130933602854,NA
E37_3_958,85.9450710383764,NA,NA,NA,NA
E95_1_253,NA,71.7668689309718,NA,NA,NA
E124_3_457,NA,NA,NA,NA,60.3780662711852
E124_2_806,NA,NA,NA,NA,56.7638589511965
E55_3_257,NA,67.7198595505294,NA,NA,NA
E127_3_106,NA,NA,NA,34.9106805917526,NA
E7_0_601,8.44778779371826,6.58015461216214,6.56359901165628,4.85077466263354,6.52272367736781
E69_1_453,32.7760142834381,NA,NA,NA,NA
E63_0_401,38.6750179956461,NA,NA,NA,NA
E36_0_15,9.35577026590914,14.4793052253168,10.6570257471002,5.88443837332533,10.1980670619938
E108_1_603,NA,NA,NA,32.8429936111834,NA
E3_1_303,NA,NA,NA,28.2265661531957,NA
E40_4_008,NA,NA,NA,74.1762488082699,NA
E63_1_553,73.1104162475134,NA,NA,NA,NA
E110_4_309,NA,NA,NA,32.9301227602232,NA
E136_2_204,80.7384078057085,NA,NA,NA,NA
E71_1_503,NA,NA,NA,72.6958928791887,NA
E131_0_0,NA,NA,20.9329528535802,NA,18.7810524025133
E55_0_651,NA,NA,22.0946706036755,NA,20.7736022847093
E8_2_255,NA,55.3331772878571,NA,NA,NA
E18_1_202,27.0624327846531,NA,NA,NA,NA
E148_2_756,NA,NA,53.5865186764413,NA,NA
E103_3_607,NA,NA,NA,80.3272810214226,NA
E43_0_15,6.63270573241622,9.55777721648977,16.7539932135945,8.36180549040931,16.4570737708147
E67_3_006,69.1092908063673,NA,NA,NA,NA
E147_3_106,NA,NA,NA,50.0175769216631,NA
E139_4_709,80.7209665822789,NA,NA,NA,NA
E130_4_158,58.9221109911928,NA,NA,NA,NA
E55_0_752,NA,NA,21.2599059790045,NA,20.6967051614437
E114_4_058,NA,NA,NA,61.9040929343966,NA
E18_4_108,NA,46.2141423757576,NA,NA,NA
E81_1_703,64.4867900184497,NA,NA,NA,NA
E35_3_507,NA,NA,NA,NA,56.1925589459313
E40_1_102,NA,NA,NA,54.0449365388559,NA
E50_0_902,NA,NA,NA,40.2262815001658,NA
E111_1_052,NA,NA,28.7380015419557,NA,29.5509784274592
E24_2_806,NA,NA,NA,42.0484096525415,NA
E108_0_601,NA,NA,NA,34.3287274895608,NA
E52_0_752,NA,62.6872317775937,NA,NA,NA
E145_1_854,NA,NA,NA,76.6886304863822,NA
E61_0_0,NA,NA,20.766776914413,NA,18.6296779086315
E148_3_908,NA,NA,57.23874494503,NA,NA
E36_1_202,38.0269347889939,NA,NA,NA,NA
E100_2_455,NA,76.5340900907158,NA,NA,NA
E144_1_253,NA,NA,NA,34.166257458734,NA
E67_3_657,49.4047356919368,NA,NA,NA,NA
E3_1_754,NA,NA,NA,62.1786106375069,NA
E10_0_2,4.91359144152525,6.92489001595372,12.8761862827196,11.2554829103055,12.832395944035
E10_2_004,68.9484084163589,NA,NA,NA,NA
E144_2_856,NA,NA,NA,75.5386501433625,NA
E103_4_609,NA,NA,NA,37.7622861702301,NA
E19_2_756,51.1060048436589,NA,NA,NA,NA
E133_1_553,NA,NA,NA,31.045177405708,NA
E28_4_709,NA,64.4639169452396,NA,NA,NA
E127_1_002,NA,NA,NA,35.8261127918683,NA
E117_3_106,56.6019186799304,NA,NA,NA,NA
E17_2_204,NA,NA,NA,31.7839225872334,NA
E22_3_307,NA,NA,NA,71.2526778034382,NA
E115_0_802,27.8370001679911,NA,NA,NA,NA
E90_1_403,75.1833906474539,NA,NA,NA,NA
E125_2_004,79.0438156034583,NA,NA,NA,NA
E84_2_555,NA,NA,NA,73.1217408116477,NA
E9_3_808,NA,76.5340900907158,NA,NA,NA
E36_4_259,83.495302494516,NA,NA,NA,NA
E13_2_856,NA,NA,NA,72.5132185128146,NA
E133_3_257,NA,NA,NA,52.1657682931387,NA
E61_0_351,NA,13.5967368321695,18.5342622753663,NA,19.9222534572119
E29_1_002,NA,NA,NA,0,0
E138_3_357,69.3191140890974,NA,NA,NA,NA
E34_4_559,NA,NA,52.6219275128208,NA,NA
E102_3_758,NA,50.932677620415,NA,NA,NA
E54_3_156,79.8979229458161,NA,NA,NA,NA
E50_0_0,NA,NA,20.3774540162665,NA,18.5900784208291
E117_3_507,82.3956486255951,NA,NA,NA,NA
E139_0_551,39.6571036549232,NA,NA,NA,NA
E107_1_703,NA,NA,NA,NA,59.4180227546457
E131_3_106,NA,NA,NA,58.1959351997682,NA
E5_2_756,NA,52.2427365424608,NA,NA,NA
E83_4_609,51.8172794886077,NA,NA,NA,NA
E76_3_657,NA,76.5340900907158,NA,NA,NA
E129_2_555,NA,NA,NA,61.4487859450025,NA
E28_1_703,NA,65.952345450242,NA,NA,NA
E92_2_355,NA,NA,NA,37.2625499575934,NA
E59_2_906,NA,60.8525021447666,NA,NA,NA
E112_1_603,82.5922339445623,NA,NA,NA,NA
E83_0_752,8.0875888983159,14.1826162467703,16.709397879415,NA,20.3329466079385
E5_1_703,NA,29.0385289120152,NA,NA,NA
E136_1_553,40.5830926571661,NA,NA,NA,NA
E81_1_754,59.6876729166189,NA,NA,NA,NA
E99_0_501,4.65368651463432,6.72910852129885,13.7203382109947,12.9758430784204,13.5728955786619
E91_2_405,NA,41.8285753409839,NA,NA,NA
E88_2_054,NA,NA,NA,52.3542347926965,NA
E90_3_106,62.2812547424896,NA,NA,NA,NA
E145_2_956,NA,NA,NA,37.1248084809898,NA
E1_1_102,39.074858613657,NA,NA,NA,NA
E148_3_206,NA,NA,52.480565567878,NA,NA
E93_2_956,NA,65.4691400123661,NA,NA,NA
E112_4_008,72.3906785522075,NA,NA,NA,NA
E148_0_251,NA,14.6373813137452,22.9299943650037,NA,23.573356727938
E89_4_058,NA,57.3009089190607,NA,NA,NA
E62_1_052,NA,NA,NA,NA,55.1540964540902
E109_2_455,NA,66.551573260164,NA,NA,NA
E130_3_758,67.8297329700609,NA,NA,NA,NA
E49_0_301,NA,NA,26.0664789925226,NA,27.4218500544641
E125_1_002,78.8050943513327,NA,NA,NA,NA
E111_1_002,NA,NA,28.9573060350917,NA,30.1676542181015
E52_4_208,NA,70.4888321607541,NA,NA,NA
E28_2_605,NA,53.267719364783,NA,NA,NA
E63_3_958,66.9000142887114,NA,NA,NA,NA
E17_0_501,NA,NA,NA,0,0
E5_0_05,NA,9.55777721648977,18.5129568075837,8.5241148468311,17.7850884524219
E112_3_106,66.8486734569584,NA,NA,NA,NA
E61_0_551,NA,28.0334122371506,NA,NA,NA
E113_2_054,49.3634176380552,NA,NA,NA,NA
E20_0_952,42.3567343046792,NA,NA,NA,NA
E110_2_505,NA,NA,NA,70.9497153746335,NA
E69_4_709,NA,56.5862098195578,NA,NA,NA
E7_4_008,69.3336989457159,NA,NA,NA,NA
E133_3_106,NA,NA,NA,53.7881598467492,NA
E124_1_303,NA,NA,NA,NA,61.7703851978983
E111_4_509,NA,NA,56.2771469377962,NA,NA
E53_4_259,NA,NA,NA,76.4276459640816,NA
E49_0_0,NA,NA,20.1321032600558,NA,18.2079805007883
E92_4_609,NA,NA,NA,54.656033371668,NA
E99_3_858,NA,NA,NA,30.6333371561408,NA
E122_2_806,NA,68.9833761264169,NA,NA,NA
E80_0_651,NA,NA,18.4615742332586,11.9310472940118,16.8592821794007
E60_3_908,NA,48.1673587614906,NA,NA,NA
E110_4_158,NA,NA,NA,65.7876920933948,NA
E26_2_856,NA,47.4794564245881,NA,NA,NA
E125_0_902,52.9507619265593,NA,NA,NA,NA
E149_4_709,78.2205808532589,NA,NA,NA,NA
E127_0_902,NA,NA,NA,76.485190155671,NA
E103_3_106,NA,NA,NA,64.3488757543757,NA
E19_3_958,54.788414211648,NA,NA,NA,NA
E148_1_002,NA,NA,58.987022822198,NA,NA
E121_0_05,7.0189057894621,10.2348678118392,14.9127823848081,7.39572676987241,14.9067602754304
E104_1_653,18.7256918934119,0,0,NA,NA
E33_0_752,NA,37.9627666849228,NA,NA,NA
E91_0_301,7.64829715541313,12.192964862129,13.7857722286722,6.71273550908992,13.7910126336459
E82_2_605,35.1362222263764,NA,NA,NA,NA
E39_4_81,NA,NA,NA,45.983468820726,NA
E69_0_15,8.45490152265094,11.8403470833822,9.99038601775248,5.94747029821018,9.57360396362546
E129_1_854,NA,NA,NA,60.5765962057708,NA
E59_4_058,NA,64.6791472841893,NA,NA,NA
E97_4_359,NA,53.21234878404,NA,NA,NA
E121_2_655,NA,54.5011157367241,NA,NA,NA
E120_1_002,NA,18.022788875474,21.7700294651923,NA,25.9886510837697
E84_0_1,4.96534326783441,6.33623370306108,6.22106777291264,8.66468874709571,6.23776729781079
E82_3_457,65.4127292900374,NA,NA,NA,NA
E57_3_958,NA,NA,NA,57.5736350364456,NA
E10_4_008,60.1947746293304,NA,NA,NA,NA
E53_0_701,NA,NA,NA,49.951053288827,NA
E75_0_05,NA,9.13517931935303,18.4615742332586,9.88106900658603,17.1917447650836
E10_0_651,NA,36.5282742136239,NA,NA,NA
E17_1_703,NA,NA,NA,73.2316579356538,NA
E32_3_958,NA,NA,57.2318327015652,NA,NA
E71_1_403,NA,NA,NA,77.3480563224914,NA
E52_2_806,NA,51.8156051898857,NA,NA,NA
E119_1_603,NA,NA,NA,NA,56.1789087928815
E59_1_854,NA,76.5340900907158,NA,NA,NA
E128_3_257,NA,71.6026540418043,NA,NA,NA
E13_3_507,NA,NA,NA,39.4709229470086,NA
E9_4_459,NA,47.9579243682516,NA,NA,NA
E54_1_403,82.1119293775624,NA,NA,NA,NA
E129_1_904,NA,NA,NA,44.5244457571417,NA
E4_1_653,NA,52.0004388131769,NA,NA,NA
E44_1_403,NA,NA,53.1310079541201,NA,NA
E121_4_058,NA,65.0991797199341,NA,NA,NA
E139_2_104,55.0296008060424,NA,NA,NA,NA
E102_4_709,NA,76.5340900907158,NA,NA,NA
E112_1_754,74.7840399908947,NA,NA,NA,NA
E15_4_86,NA,NA,NA,48.906271186717,NA
E22_0_952,NA,NA,NA,72.2947401265434,NA
E85_2_555,NA,NA,NA,51.9235360767898,NA
E31_1_052,NA,NA,NA,NA,55.387394866516
E80_2_705,NA,NA,NA,34.324102969679,NA
E64_1_152,34.2249088199837,NA,NA,NA,NA
E23_0_251,NA,14.9260149801994,23.2724577779783,NA,24.194945843672
E146_3_307,NA,NA,NA,68.4211657399309,NA
E30_1_102,NA,39.177891717782,NA,NA,NA
E111_4_208,NA,NA,56.7475930454862,NA,NA
E116_4_609,NA,NA,NA,56.7545633042707,NA
E53_1_553,NA,NA,NA,57.8849928546571,NA
E26_2_305,NA,64.3795570286002,NA,NA,NA
E60_1_703,NA,65.1401244555903,NA,NA,NA
E40_1_603,NA,NA,NA,46.4169296528053,NA
E20_1_002,42.5004400206959,NA,NA,NA,NA
E48_1_904,NA,NA,NA,34.8631030398929,NA
E94_0_852,NA,NA,NA,31.2789995050287,NA
E134_3_407,NA,NA,54.9691098303885,NA,NA
E128_4_459,NA,76.5340900907158,NA,NA,NA
E127_4_208,NA,NA,NA,76.8766498178595,NA
E5_2_104,NA,45.6037661585771,NA,NA,NA
E80_2_255,NA,NA,NA,50.8742134253763,NA
E84_2_505,NA,NA,NA,70.5224281016394,NA
E82_0_05,6.42498837808554,7.25759516027485,7.23650535182735,5.86100037711155,7.23856650108195
E34_0_2,NA,NA,23.0185856425207,NA,23.2414014110209
E11_3_707,NA,48.5113956605377,NA,NA,NA
E72_3_006,79.0369678533743,NA,NA,NA,NA
E38_0_451,9.52314678735856,16.4314487854625,13.6025954792314,NA,22.3700858019282
E134_0_301,8.28678400823915,13.8727580844263,14.3462125402027,6.4770935633459,14.5311130673223
E32_4_108,NA,NA,55.4772534709388,NA,NA
E87_3_457,59.0221495674431,NA,NA,NA,NA
E21_1_904,NA,NA,NA,32.8758215778918,NA
E145_1_653,NA,NA,NA,31.0476314675877,NA
E4_3_056,NA,48.7735990544569,NA,NA,NA
E59_2_806,NA,59.2514458559644,NA,NA,NA
E29_1_804,NA,NA,NA,38.3563921584445,NA
E3_4_309,NA,NA,NA,73.2492260025333,NA
E13_3_707,NA,NA,NA,40.9845545013833,NA
E61_1_804,NA,71.2742455919906,NA,NA,NA
E117_1_553,33.8624037102045,NA,NA,NA,NA
E30_1_553,NA,39.2510984013787,NA,NA,NA
E106_2_906,NA,NA,54.2403393440418,NA,NA
E96_2_054,71.5612839837906,NA,NA,NA,NA
E111_4_76,NA,NA,59.3001701221914,NA,NA
E132_2_355,NA,57.5958013232898,NA,NA,NA
E28_4_359,NA,76.5340900907158,NA,NA,NA
E52_4_96,NA,73.284926768456,NA,NA,NA
E130_1_303,NA,35.9469688598495,NA,NA,NA
E53_3_557,NA,NA,NA,74.0161189209315,NA
E124_2_856,NA,NA,NA,NA,60.1473939873608
E143_2_856,NA,76.4856240523437,NA,NA,NA
E142_4_559,64.684101159665,NA,NA,NA,NA
E84_4_709,NA,NA,NA,43.5254530056154,NA
E138_1_854,84.001896796073,NA,NA,NA,NA
E68_0_701,NA,NA,NA,74.9788976290154,NA
E46_0_05,NA,9.55777721648977,18.072305330339,8.60285906868573,17.3587490813774
E146_3_958,NA,NA,NA,37.323660445305,NA
E133_4_008,NA,NA,NA,32.3625815215716,NA
E7_0_1,6.35739381392204,9.13517931935303,13.9417417123083,7.979328892692,13.8526302657396
E3_3_507,NA,NA,NA,73.9916820412633,NA
E45_1_202,NA,NA,NA,30.8643169746927,NA
E8_3_607,NA,63.6468560329536,NA,NA,NA
E55_2_856,NA,64.9773817326986,NA,NA,NA
E145_2_856,NA,NA,NA,32.3626646889998,NA
E4_1_754,NA,70.5713964069288,NA,NA,NA
E75_1_152,NA,NA,NA,73.6780208495861,NA
E46_1_854,85.9450710383764,NA,NA,NA,NA
E97_3_457,NA,76.5340900907158,NA,NA,NA
E113_2_305,74.2028046721247,NA,NA,NA,NA
E18_2_455,NA,57.359187440514,NA,NA,NA
E140_0_752,41.389659159394,NA,NA,NA,NA
E131_3_407,NA,NA,NA,35.0908056821789,NA
E97_3_858,NA,68.3129729480373,NA,NA,NA
E81_4_008,52.7639791684222,NA,NA,NA,NA
E112_0_451,17.5166005010621,23.8549726984159,NA,NA,NA
E16_1_253,NA,39.8555339915333,NA,NA,NA
E30_4_309,NA,48.363087762354,NA,NA,NA
E125_2_806,47.3197127736022,NA,NA,NA,NA
E48_1_202,0,0,0,0,0
E47_0_501,NA,NA,NA,0,0
E141_4_259,NA,62.8104490094258,NA,NA,NA
E46_4_509,60.4291007631911,NA,NA,NA,NA
E99_0_601,4.21889397282802,5.95433682153442,5.47698125383838,13.7214440346492,12.7239952502496
E3_0_251,6.27370922455283,9.13376328667946,13.0931118715428,7.96858530575109,13.027548706586
E105_2_054,NA,68.190042820131,NA,NA,NA
E63_0_05,NA,12.1658517840479,18.9218482391061,NA,18.8485445508967
E41_0_651,NA,NA,NA,34.9247957337113,NA
E141_4_309,NA,68.1622553183105,NA,NA,NA
E1_0_852,38.0570724331876,NA,NA,NA,NA
E101_1_954,NA,NA,NA,64.9983723509833,NA
E15_3_457,0,0,0,13.5444883602715,0
E96_3_908,70.8090279657942,NA,NA,NA,NA
E123_2_355,62.4487543693471,NA,NA,NA,NA
E90_4_158,70.9220768692121,NA,NA,NA,NA
E24_2_004,NA,NA,NA,56.0847462747724,NA
E118_4_659,NA,NA,NA,48.8323564793765,NA
E53_0_451,NA,NA,NA,22.207865238083,NA
E122_1_403,NA,35.966090517751,NA,NA,NA
E62_0_401,NA,28.1824729280247,NA,NA,NA
E96_0_15,7.25234263559171,9.61894400844152,10.2174404986369,6.33267733091628,10.115702913625
E137_2_555,NA,76.5340900907158,NA,NA,NA
E138_4_709,72.5845379815595,NA,NA,NA,NA
E132_2_054,NA,46.5753263507269,NA,NA,NA
E27_0_902,41.20113720065,NA,NA,NA,NA
E60_4_709,NA,73.2507454439656,NA,NA,NA
E32_4_91,NA,NA,61.5240907754634,NA,NA
E105_1_854,NA,63.2181365351491,NA,NA,NA
E52_3_056,NA,76.5340900907158,NA,NA,NA
E25_3_106,63.7106277944527,NA,NA,NA,NA
E46_2_705,66.3299198330785,NA,NA,NA,NA
E64_0_401,0,0,0,0,0
E65_0_601,32.0198553296644,NA,NA,NA,NA
E79_3_657,NA,NA,NA,72.0411038304505,NA
E140_2_255,84.1720940933725,NA,NA,NA,NA
E133_2_555,NA,NA,NA,74.0133698358292,NA
E69_1_653,NA,39.4132957025913,NA,NA,NA
E101_1_253,NA,NA,NA,71.4513443916377,NA
E2_4_309,51.8786133176169,NA,NA,NA,NA
E106_4_309,NA,NA,55.3960334887487,NA,NA
E123_2_655,69.5839993438026,NA,NA,NA,NA
E99_2_806,NA,NA,NA,69.2468934819689,NA
E73_4_409,NA,NA,NA,47.9616517453958,NA
E72_2_154,65.3523804361486,NA,NA,NA,NA
E62_0_701,NA,NA,NA,NA,30.9549471207467
E70_0_15,4.66879559556303,6.25921337228669,6.0865710783505,10.182897207913,6.08478994443765
E57_3_056,NA,NA,NA,68.5996607951524,NA
E98_4_008,NA,NA,NA,69.8696907255644,NA
E72_4_108,60.635849000553,NA,NA,NA,NA
E53_3_206,NA,NA,NA,58.3958314304984,NA
E10_4_91,57.8260100608121,NA,NA,NA,NA
E17_3_858,NA,NA,NA,51.8323142954439,NA
E135_3_006,61.8700688785166,NA,NA,NA,NA
E52_4_459,NA,61.8730959076469,NA,NA,NA
E148_4_86,NA,NA,58.8268632143487,NA,NA
E47_3_858,NA,NA,NA,41.1035178868617,NA
E17_3_707,NA,NA,NA,69.0616073098584,NA
E143_1_503,NA,51.0043057199278,NA,NA,NA
E125_3_407,85.9450710383764,NA,NA,NA,NA
E21_0_651,NA,NA,NA,21.5779275771656,NA
E134_0_551,NA,NA,28.9573060350917,NA,31.5243409279853
E74_3_407,NA,68.0079031305136,NA,NA,NA
E90_2_505,62.9112262337864,NA,NA,NA,NA
E24_1_152,NA,NA,NA,46.4576404212027,NA
E30_1_703,NA,66.8416933384056,NA,NA,NA
E36_3_607,56.9396617485235,NA,NA,NA,NA
E12_2_255,NA,60.4767932088092,NA,NA,NA
E126_2_204,NA,59.0820182968238,NA,NA,NA
E134_0_601,NA,NA,28.9573060350917,NA,31.1084523869176
E142_0_15,7.73850751774886,10.2914869940419,9.63902356809234,6.04264173165645,9.38176552334209
E70_4_509,NA,48.7114970878502,NA,NA,NA
E37_2_505,72.2804657188045,NA,NA,NA,NA
E89_3_407,NA,54.6161075652037,NA,NA,NA
E88_3_457,NA,NA,NA,57.3745334740771,NA
E115_0_752,26.1976247675718,NA,NA,NA,NA
E115_4_81,70.7560288985062,NA,NA,NA,NA
E34_1_202,NA,NA,48.8841869357679,NA,NA
E82_3_958,47.4214543281772,NA,NA,NA,NA
E91_0_15,6.47117566316473,9.13517931935303,12.3068607836326,7.41588147370098,12.1991150721155
E36_1_653,85.9450710383764,NA,NA,NA,NA
E40_3_908,NA,NA,NA,31.3792484136943,NA
E35_4_259,NA,NA,NA,NA,55.8730514048508
E17_3_557,NA,NA,NA,69.0504084521004,NA
E41_3_307,NA,NA,NA,52.8278334995358,NA
E105_1_102,NA,37.5992143654525,NA,NA,NA
E103_3_407,NA,NA,NA,73.4290686633589,NA
E0_0_701,NA,37.1134924397872,NA,NA,NA
E129_1_804,NA,NA,NA,38.7605219852716,NA
E30_2_856,NA,62.4559991336961,NA,NA,NA
E77_4_208,NA,68.9163999082728,NA,NA,NA
E55_1_804,NA,49.5396669705216,NA,NA,NA
E37_1_754,79.7220927192653,NA,NA,NA,NA
E20_4_509,55.4985611957088,NA,NA,NA,NA
E63_2_856,48.9699447251009,NA,NA,NA,NA
E77_1_904,NA,73.5485896519404,NA,NA,NA
E92_1_754,NA,NA,NA,75.0466159402212,NA
E23_1_503,NA,NA,53.6883666963138,NA,NA
E38_0_301,NA,35.939129149401,NA,NA,NA
E118_4_709,NA,NA,NA,49.1805473354211,NA
E108_4_309,NA,NA,NA,75.6049065535113,NA
E46_1_904,85.6657495449713,NA,NA,NA,NA
E19_0_701,NA,19.5636915105615,22.4653590628489,NA,26.8185428028321
E57_4_409,NA,NA,NA,53.3239223451715,NA
E62_0_902,NA,NA,NA,NA,51.8891676800133
E54_4_86,73.7567686262045,NA,NA,NA,NA
E141_2_956,NA,54.2079526086848,NA,NA,NA
E93_1_904,NA,48.3572735887939,NA,NA,NA
E145_0_351,0.638257436297157,0.637128762695519,0.636341540288058,16.5350391402665,0.63621871936614
E7_0_701,0.382169141974825,0.382096296873529,0.382174820506649,0.382226460463772,0.382177748760206
E116_0_852,NA,NA,NA,48.3689791125749,NA
E12_2_305,NA,61.2150191017569,NA,NA,NA
E133_2_154,NA,NA,NA,76.6133342231751,NA
E107_1_253,NA,NA,48.1248632672308,NA,NA
E85_4_86,NA,NA,NA,72.7192616221729,NA
E125_2_956,72.6796339384666,NA,NA,NA,NA
E45_1_002,NA,NA,NA,31.3279202711088,NA
E110_4_459,NA,NA,NA,78.3924367509942,NA
E123_0_1,NA,12.4010856373382,18.3146591788729,NA,18.7309380783719
E120_4_609,62.7351568473158,NA,NA,NA,NA
E99_0_05,6.47117566316473,9.49509934013308,16.5682149198748,8.5241148468311,16.1317985337097
E4_3_457,NA,41.7470930466556,NA,NA,NA
E95_4_158,NA,61.7527927082848,NA,NA,NA
E105_1_954,NA,60.7122401546022,NA,NA,NA
E124_2_305,NA,NA,NA,NA,57.5900442711626
E40_1_202,NA,NA,NA,55.9486823272285,NA
E52_0_301,NA,NA,26.4140531142087,NA,27.5298451859408
E23_1_303,NA,NA,55.6645896318064,NA,NA
E13_1_002,NA,NA,NA,34.901026684319,NA
E113_3_457,67.9470663673103,NA,NA,NA,NA
E35_2_355,NA,NA,NA,NA,59.1285122010386
E102_2_455,NA,58.1019159043947,NA,NA,NA
E103_3_056,NA,NA,NA,74.2485574477215,NA
E2_3_758,69.6691781319252,NA,NA,NA,NA
E132_4_81,NA,60.0687043109554,NA,NA,NA
E41_2_906,NA,NA,NA,66.8460582805252,NA
E141_1_403,NA,35.8653728526466,NA,NA,NA
E40_1_052,NA,NA,NA,70.1139619199656,NA
E108_0_501,NA,NA,NA,0,0
E24_0_2,6.73646336464285,8.9445423154533,9.81640932947564,6.53367091828981,9.95919790793647
E42_4_709,NA,66.4733500684751,NA,NA,NA
E6_4_91,64.8275965298616,NA,NA,NA,NA
E115_3_307,83.8121740117003,NA,NA,NA,NA
E128_4_96,NA,76.5340900907158,NA,NA,NA
E74_3_507,NA,53.8762367824256,NA,NA,NA
E42_4_659,NA,70.9028007021279,NA,NA,NA
E85_1_453,NA,NA,NA,80.3750994387322,NA
E146_4_309,NA,NA,NA,44.5675726985477,NA
E132_0_701,NA,NA,27.5272205448705,NA,27.6673276238158
E24_4_259,NA,NA,NA,72.1171059418205,NA
E66_0_0,NA,NA,19.7806547743144,NA,17.9676277400256
E140_1_503,33.7546331466157,NA,NA,NA,NA
E61_4_96,NA,53.8393730792113,NA,NA,NA
E44_1_653,NA,NA,53.5076568589024,NA,NA
E58_4_108,NA,44.3473222698197,NA,NA,NA
E111_3_156,NA,NA,55.8923950725857,NA,NA
E47_4_76,NA,NA,NA,33.053877432273,NA
E99_2_555,NA,NA,NA,50.4183837323178,NA
E98_3_106,NA,NA,NA,41.9798921309968,NA
E75_0_301,3.99138510096545,5.52266193460308,4.9234377114165,13.9266489109052,5.00335243737426
E51_4_309,72.0691400870166,NA,NA,NA,NA
E117_1_303,34.9123582532403,NA,NA,NA,NA
E34_0_802,NA,NA,NA,NA,52.0386093361686
E88_0_752,NA,NA,NA,33.9946979298292,NA
E76_0_1,5.47742618704713,7.99544019582416,13.1990750205141,9.56626419566659,13.0770150716815
E131_4_459,NA,NA,NA,31.1135370078233,NA
E137_3_307,NA,52.9964377078194,NA,NA,NA
E72_0_1,7.09888450466246,11.2935963862648,16.4658376184258,7.46942018899703,16.5969597863126
E102_1_102,NA,58.7315401082809,NA,NA,NA
E111_4_158,NA,NA,58.5261075093282,NA,NA
E3_2_305,NA,NA,NA,28.8567029763433,NA
E76_0_551,1.91744169217972,1.88615333207584,1.95344255558528,1.94864013265943,1.94653142879725
E127_3_257,NA,NA,NA,55.1268466227889,NA
E57_0_952,NA,NA,NA,39.6370152402286,NA
E61_1_503,NA,42.2243324496363,NA,NA,NA
E135_2_004,52.4305656176605,NA,NA,NA,NA
E121_3_758,NA,51.0813746124914,NA,NA,NA
E5_4_76,NA,76.5340900907158,NA,NA,NA
E120_1_904,44.6515959426104,NA,NA,NA,NA
E102_2_756,NA,53.267719364783,NA,NA,NA
E114_1_453,NA,NA,NA,0,0
E108_1_453,NA,NA,NA,69.3556663910161,NA
E83_4_158,81.0907603659943,NA,NA,NA,NA
E120_4_659,68.307752481037,NA,NA,NA,NA
E46_3_657,71.4809222185872,NA,NA,NA,NA
E22_1_102,NA,NA,NA,40.6628435656998,NA
E66_1_703,41.3964973713937,NA,NA,NA,NA
E87_1_603,18.3730440350395,26.3631634171035,NA,NA,NA
E80_1_453,NA,NA,NA,44.7756683124284,NA
E136_0_351,9.17030486323805,15.5514051846413,13.4136433252638,NA,13.4362620235729
E11_4_709,NA,47.2980729727868,NA,NA,NA
E47_3_707,NA,NA,NA,42.2340023090946,NA
E29_0_752,NA,NA,NA,0,0
E78_1_102,NA,NA,49.4611502498633,NA,NA
E99_1_754,NA,NA,NA,52.6086503923231,NA
E119_1_954,NA,NA,NA,NA,55.3835072404964
E22_4_609,NA,NA,NA,34.0581900077431,NA
E93_3_106,NA,71.2720444544291,NA,NA,NA
E86_3_206,NA,NA,NA,69.9150903563331,NA
E96_4_259,61.0339021709429,NA,NA,NA,NA
E93_4_91,NA,52.1782087457922,NA,NA,NA
E23_4_96,NA,NA,60.6787678129959,NA,NA
E58_4_559,NA,74.3271709279625,NA,NA,NA
E44_2_054,NA,NA,56.8695302816466,NA,NA
E19_2_305,54.3701097504515,NA,NA,NA,NA
E118_3_958,NA,NA,NA,79.9973528562701,NA
E97_1_453,NA,58.3503085637734,NA,NA,NA
E100_1_303,NA,39.5998098612284,NA,NA,NA
E66_4_96,75.1483448435342,NA,NA,NA,NA
E58_0_301,NA,14.1934985784694,20.4862703107613,NA,21.8199793632731
E101_1_202,NA,NA,NA,77.5883776917166,NA
E79_3_758,NA,NA,NA,70.9607355497022,NA
E96_1_754,58.4071518180619,NA,NA,NA,NA
E99_0_15,6.54845071556341,9.13517931935303,12.3268409859225,7.32995253985609,12.2267140286279
E28_3_507,NA,76.5340900907158,NA,NA,NA
E38_2_956,NA,NA,NA,NA,56.1681426080485
E126_3_557,NA,64.8453431607408,NA,NA,NA
E88_4_96,NA,NA,NA,75.8695006261472,NA
E104_0_251,10.7940882223314,16.6473143010342,9.71910668112547,5.52038370192981,9.14096310230219
E47_4_409,NA,NA,NA,53.3305961543085,NA
E106_3_908,NA,NA,54.2223293882221,NA,NA
E15_4_609,NA,NA,NA,46.7151091971171,NA
E22_0_15,7.91920103843082,9.95393071683813,8.92061892784134,5.71314180437358,8.57243629323623
E33_3_056,NA,53.6558048875902,NA,NA,NA
E9_2_054,NA,55.2048956309922,NA,NA,NA
E35_0_301,NA,NA,NA,NA,31.0716355154158
E132_3_657,NA,53.6735706010071,NA,NA,NA
E111_3_758,NA,NA,54.5560978184591,NA,NA
E75_2_956,NA,NA,NA,34.5064105727245,NA
E51_2_455,76.2404778933187,NA,NA,NA,NA
E70_0_351,NA,NA,0,0,0
E48_4_259,NA,NA,NA,75.2339677622538,NA
E135_0_601,17.5463857353654,25.7091075105704,NA,NA,NA
E38_3_407,NA,NA,NA,NA,58.4226580817144
E3_2_104,NA,NA,NA,30.6293847151474,NA
E115_1_152,84.0108523793725,NA,NA,NA,NA
E142_2_806,62.4692101456694,NA,NA,NA,NA
E88_4_91,NA,NA,NA,68.6548479539642,NA
E83_4_659,55.938434662227,NA,NA,NA,NA
E6_4_559,84.862765063061,NA,NA,NA,NA
E30_4_208,NA,50.9948475628743,NA,NA,NA
E58_3_657,NA,59.0971044480922,NA,NA,NA
E137_3_808,NA,76.0339318267279,NA,NA,NA
E52_4_509,NA,59.0066035816079,NA,NA,NA
E112_1_102,47.6066996099085,NA,NA,NA,NA
E40_1_303,NA,NA,NA,46.7950856783683,NA
E129_0_0,NA,NA,19.7266896785965,NA,18.0223552833992
E15_1_754,NA,NA,NA,0,0
E22_2_705,NA,NA,NA,74.7455724990354,NA
E135_0_752,NA,18.7055518573623,15.2850911526539,NA,25.4072449367817
E10_0_601,NA,36.6026656495807,NA,NA,NA
E20_3_106,58.7943395906193,NA,NA,NA,NA
E125_4_96,70.4090097555023,NA,NA,NA,NA
E10_3_206,79.9753190067086,NA,NA,NA,NA
E0_1_052,NA,50.9862291949262,NA,NA,NA
E107_4_208,NA,NA,NA,NA,58.0317211340763
E137_3_407,NA,49.522682860954,NA,NA,NA
E116_0_0,NA,NA,20.3486692495884,NA,18.4116457819012
E103_3_858,NA,NA,NA,77.0988875920203,NA
E137_3_457,NA,76.5340900907158,NA,NA,NA
E118_2_054,NA,NA,NA,32.3885990197798,NA
E108_0_351,0.0579542581845392,0.0579607340781455,0.0579435441987346,12.8839721971062,0.05767558072819
E108_4_108,NA,NA,NA,75.9533479280113,NA
E30_1_804,NA,70.755172952165,NA,NA,NA
E70_0_701,NA,16.4731271828645,23.0875073713184,NA,25.5240788217883
E128_1_503,NA,36.4335780802493,NA,NA,NA
E50_0_351,0,0,0,0,0
E22_3_457,NA,NA,NA,48.9879627776693,NA
E40_2_405,NA,NA,NA,47.3032001181933,NA
E36_3_407,59.0284821666279,NA,NA,NA,NA
E4_3_307,NA,59.5359053698788,NA,NA,NA
E118_3_507,NA,NA,NA,72.3376665000803,NA
E92_3_557,NA,NA,NA,36.4465909632222,NA
E48_0_551,0,0,0,0,0
E116_2_455,NA,NA,NA,72.0478346857532,NA
E9_1_603,NA,59.8993098965348,NA,NA,NA
E85_0_15,4.3282818586026,5.73684608082779,5.33055154331962,11.0134291705308,5.36691447951126
E112_3_607,82.65709393522,NA,NA,NA,NA
E122_1_954,NA,56.9930282245172,NA,NA,NA
E140_2_455,62.9112262337864,NA,NA,NA,NA
E149_4_659,53.2346731247608,NA,NA,NA,NA
E35_4_96,NA,NA,NA,NA,57.1055050415043
E78_3_808,NA,47.7114796550445,NA,NA,NA
E2_4_559,85.4595842562939,NA,NA,NA,NA
E59_4_208,NA,64.6974618075344,NA,NA,NA
E26_1_703,NA,62.8787333134966,NA,NA,NA
E28_2_555,NA,46.5370558149818,NA,NA,NA
E22_1_703,NA,NA,NA,76.562660107486,NA
E83_3_908,56.96165102444,NA,NA,NA,NA
E27_2_756,71.39292703899,NA,NA,NA,NA
E125_2_255,50.8053316428363,NA,NA,NA,NA
E22_3_257,NA,NA,NA,72.4242264832652,NA
E101_3_657,NA,NA,NA,68.9401352839962,NA
E12_4_559,NA,74.6651717286648,NA,NA,NA
E20_2_004,59.4696656292567,NA,NA,NA,NA
E31_2_204,NA,NA,NA,NA,56.9860826990852
E135_4_359,59.2287326573665,NA,NA,NA,NA
E108_4_709,NA,NA,NA,31.9526178133851,NA
E140_4_208,52.1121541257095,NA,NA,NA,NA
E12_3_156,NA,52.6845725953138,NA,NA,NA
E139_2_856,82.4601316639791,NA,NA,NA,NA
E38_0_351,NA,36.0041203637248,NA,NA,NA
E45_3_657,NA,NA,NA,69.1900585334346,NA
E149_2_806,62.2948245256978,NA,NA,NA,NA
E5_3_407,NA,58.2373253215922,NA,NA,NA
E19_0_601,NA,18.7742722957194,15.8415242551668,NA,25.7658288276835
E127_2_806,NA,NA,NA,52.0390708975348,NA
E103_1_804,NA,NA,NA,55.9148009306627,NA
E30_1_303,NA,40.1805249995395,NA,NA,NA
E90_3_707,61.0339021709429,NA,NA,NA,NA
E52_4_309,NA,60.7602697425477,NA,NA,NA
E83_2_004,78.9147197901879,NA,NA,NA,NA
E35_0_05,NA,NA,19.3498697481236,NA,18.1555834281783
E26_1_804,NA,60.3241129348999,NA,NA,NA
E41_0_701,NA,NA,NA,25.2009917511412,NA
E79_1_804,NA,NA,NA,66.092029756801,NA
E45_2_555,NA,NA,NA,70.8998561120037,NA
E34_3_257,NA,NA,59.7388175586164,NA,NA
E29_2_555,NA,NA,NA,37.3749633126292,NA
E145_1_052,NA,NA,NA,31.2236108434046,NA
E41_1_503,NA,NA,NA,37.0502217475638,NA
E19_1_253,44.651300503961,NA,NA,NA,NA
E78_0_05,NA,9.55777721648977,18.0934802339457,8.7421003413123,17.3560616459416
E68_1_703,NA,NA,NA,34.0287580378393,NA
E52_1_102,NA,76.5340900907158,NA,NA,NA
E87_2_605,60.6222950510381,NA,NA,NA,NA
E135_2_255,48.4463990732546,NA,NA,NA,NA
E109_0_1,6.04645708332302,9.01770017097927,13.7697093181625,8.60285906868573,13.6696561002651
E136_1_353,41.5324021084191,NA,NA,NA,NA
E72_0_401,NA,14.8774253545712,17.6054064756618,NA,22.204324503801
E110_4_709,NA,NA,NA,53.7881598467492,NA
E112_1_703,79.7533222021079,NA,NA,NA,NA
E117_0_351,0,0,0,0,0
E85_2_906,NA,NA,NA,75.9819702715571,NA
E142_3_257,83.9700884255279,NA,NA,NA,NA
E85_3_858,NA,NA,NA,75.9673308135292,NA
E30_4_359,NA,76.5340900907158,NA,NA,NA
E1_4_008,49.1456454902051,NA,NA,NA,NA
E109_0_852,NA,NA,NA,NA,31.0977673146998
E61_0_852,NA,59.7060958940411,NA,NA,NA
E17_2_455,NA,NA,NA,56.4573454700217,NA
E122_0_351,NA,NA,26.4726453251881,NA,27.9017713922942
E19_3_407,53.7703918270251,NA,NA,NA,NA
E126_3_257,NA,76.0512440848787,NA,NA,NA
E93_2_154,NA,76.5340900907158,NA,NA,NA
E63_3_758,68.1210956568154,NA,NA,NA,NA
E91_0_902,12.4359646167802,19.3997537146773,9.68744030943332,NA,9.04802185134626
E145_0_501,NA,NA,NA,17.2690336135384,NA
E32_1_503,NA,NA,47.8293077898962,NA,NA
E117_1_804,34.4937115528274,NA,NA,NA,NA
E40_4_309,NA,NA,NA,68.5217233700387,NA
E62_4_208,NA,NA,NA,NA,60.0856253339255
E134_0_451,NA,NA,26.5778842732185,NA,28.7149535017674
E95_0_0,NA,NA,19.9478767009654,NA,18.2120085154613
E76_4_259,NA,53.7341648361052,NA,NA,NA
E79_2_906,NA,NA,NA,51.51254478508,NA
E36_2_956,75.5295762142262,NA,NA,NA,NA
E144_4_158,NA,NA,NA,59.3959398838017,NA
E66_2_004,85.9450710383764,NA,NA,NA,NA
E27_1_954,83.297614535977,NA,NA,NA,NA
E47_3_006,NA,NA,NA,47.7498580155338,NA
E112_2_154,52.7929818438906,NA,NA,NA,NA
E90_1_202,69.2986003209317,NA,NA,NA,NA
E130_2_204,60.4606458333622,NA,NA,NA,NA
E147_2_555,NA,NA,NA,76.6549165367893,NA
E113_2_355,85.129002636641,NA,NA,NA,NA
E136_3_507,82.3772378254624,NA,NA,NA,NA
E138_2_104,71.7540976398033,NA,NA,NA,NA
E19_4_709,81.1687057534807,NA,NA,NA,NA
E9_3_507,NA,60.7007671522683,NA,NA,NA
E55_1_403,NA,48.2817591188226,NA,NA,NA
E50_0_752,NA,NA,NA,66.6619141140998,NA
E53_3_507,NA,NA,NA,70.9860631155043,NA
E59_1_152,NA,65.4485327464061,NA,NA,NA
E94_1_403,NA,NA,NA,70.4334383563685,NA
E88_0_451,NA,NA,NA,28.2196404335733,NA
E86_2_806,NA,NA,NA,35.2666149933541,NA
E100_3_307,NA,55.8860060601623,NA,NA,NA
E75_4_86,NA,NA,NA,51.8486139468346,NA
E96_3_457,84.3932310107554,NA,NA,NA,NA
E57_4_509,NA,NA,NA,46.5459142536082,NA
E54_0_651,45.5619181579808,NA,NA,NA,NA
E0_0_802,NA,36.3547325817194,NA,NA,NA
E44_2_555,NA,NA,57.1545017741152,NA,NA
E76_4_008,NA,53.539413143711,NA,NA,NA
E122_0_05,NA,NA,18.9557727918617,9.53314981485806,17.5937410161647
E53_1_603,NA,NA,NA,77.7289433576197,NA
E64_3_908,NA,67.2129955968102,NA,NA,NA
E122_1_754,NA,64.115305528367,NA,NA,NA
E121_3_557,NA,76.5340900907158,NA,NA,NA
E52_4_108,NA,53.1917716654181,NA,NA,NA
E14_4_86,NA,NA,NA,53.3740590750074,NA
E9_4_81,NA,55.6247292650356,NA,NA,NA
E33_1_453,NA,40.901887748462,NA,NA,NA
E127_1_052,NA,NA,NA,53.6369299527242,NA
E141_2_806,NA,50.0163201854956,NA,NA,NA
E5_0_251,9.05304929960975,12.1141241762941,9.51199579665298,5.70282423125619,9.06716085042467
E11_2_655,NA,74.5954905872066,NA,NA,NA
E72_1_453,76.2099970436674,NA,NA,NA,NA
E139_2_054,84.5151449981936,NA,NA,NA,NA
E20_0_2,NA,NA,24.9550159061814,NA,25.7345482025873
E45_2_655,NA,NA,NA,38.8321275239648,NA
E27_4_709,63.7656986494508,NA,NA,NA,NA
E147_1_002,0,0,0,0,0
E27_0_551,34.831476677376,NA,NA,NA,NA
E138_1_152,76.999800901699,NA,NA,NA,NA
E66_3_257,65.7055212102101,NA,NA,NA,NA
E111_1_253,NA,NA,28.2481328756847,NA,28.2790801866409
E26_0_0,NA,NA,19.7714738580199,NA,18.1838906150094
E146_3_407,NA,NA,NA,60.2032638644244,NA
E122_4_158,NA,70.0816448911711,NA,NA,NA
E51_1_904,84.439302927478,NA,NA,NA,NA
E24_0_501,0.316145467018395,0.31729810080783,0.316612561969083,0.316825379408616,0.31703825109116
E34_4_76,NA,NA,56.1251801491384,NA,NA
E3_4_208,NA,NA,NA,71.2155457765385,NA
E130_3_607,83.6263336362289,NA,NA,NA,NA
E48_1_804,NA,NA,NA,72.2515347270542,NA
E1_4_76,83.5234468678136,NA,NA,NA,NA
E4_4_659,NA,55.5241339793559,NA,NA,NA
E146_0_701,NA,NA,NA,28.0065622923308,NA
E2_2_104,49.2063855505446,NA,NA,NA,NA
E83_4_459,66.2786270468736,NA,NA,NA,NA
E64_4_108,NA,43.7220461597761,NA,NA,NA
E18_2_154,NA,64.5000704824019,NA,NA,NA
E13_4_509,NA,NA,NA,71.7260864596811,NA
E137_0_601,NA,NA,23.0951934728852,NA,21.6268859816663
E111_2_655,NA,NA,54.3498525632962,NA,NA
E71_4_259,NA,NA,NA,41.5086525972312,NA
E131_3_908,NA,NA,NA,31.149590258196,NA
E115_4_058,62.6557568495041,NA,NA,NA,NA
E39_0_251,0.767637091099187,0.766922247657266,0.765450996946768,0.765472079034439,0.76573825048868
E28_4_81,NA,60.9101331871538,NA,NA,NA
E88_3_407,NA,NA,NA,53.0673295206777,NA
E38_4_208,NA,NA,NA,NA,55.0213578603711
E139_4_459,65.7976302430789,NA,NA,NA,NA
E86_4_81,NA,NA,NA,39.9453604701164,NA
E77_3_858,NA,62.0698789869183,NA,NA,NA
E129_0_752,NA,NA,NA,0,0
E5_3_657,NA,52.5616526618511,NA,NA,NA
E15_4_509,NA,NA,NA,46.333792767188,NA
E139_4_81,53.0502763193896,NA,NA,NA,NA
E116_1_202,NA,NA,NA,48.7585667090135,NA
E132_2_305,NA,57.5736916342141,NA,NA,NA
E10_0_1,5.47742618704713,8.18075710270629,13.5174180871534,9.71927342802105,13.4270336166619
E107_2_355,NA,NA,NA,NA,54.6956726576973
E107_0_902,NA,NA,NA,NA,53.268676854207
E16_4_659,NA,45.0701139371521,NA,NA,NA
E137_2_505,NA,76.5340900907158,NA,NA,NA
E109_1_002,NA,NA,NA,NA,27.8410077636889
E102_3_607,NA,59.9243368255705,NA,NA,NA
E69_3_607,NA,76.5340900907158,NA,NA,NA
E134_0_952,NA,NA,56.7839691352468,NA,NA
E25_3_607,49.8564870059241,NA,NA,NA,NA
E110_0_852,NA,NA,NA,63.6969246305839,NA
E112_1_553,81.4566676403888,NA,NA,NA,NA
E144_0_401,4.17043931152177,5.67452942204364,5.25701102422489,12.6051239133113,5.27835519328573
E102_4_81,NA,48.6721065713599,NA,NA,NA
E7_3_457,58.20436201338,NA,NA,NA,NA
E135_1_603,78.5639709511921,NA,NA,NA,NA
E75_2_705,NA,NA,NA,57.7447580484799,NA
E73_4_459,NA,NA,NA,51.3537990343085,NA
E136_2_104,83.6341820302928,NA,NA,NA,NA
E78_0_351,NA,NA,19.9478767009654,NA,18.9692213588394
E147_1_954,0,0,0,0,0
E89_0_501,3.17395930902991,2.93065906402682,3.08044778182543,2.94107682131928,3.06312016941638
E16_4_509,NA,76.5340900907158,NA,NA,NA
E46_1_804,69.248307248801,NA,NA,NA,NA
E111_0_251,7.32695538505628,10.3056434542252,11.8019597763861,6.61213933210426,11.6862948248217
E97_2_255,NA,47.2103451880025,NA,NA,NA
E145_2_555,NA,NA,NA,71.943012974509,NA
E36_0_251,9.34427704444059,14.4702097729223,10.7482221631461,5.88443837332533,10.2939102049372
E28_3_557,NA,56.4119222582361,NA,NA,NA
E114_0_952,31.9989523178529,NA,NA,NA,NA
E146_4_76,NA,NA,NA,69.2602660776442,NA
E139_3_307,70.4410330374359,NA,NA,NA,NA
E7_4_509,64.5193453577026,NA,NA,NA,NA
E102_0_852,NA,42.248014869458,NA,NA,NA
E49_2_806,NA,NA,NA,NA,55.0300867755368
E31_0_651,NA,NA,NA,NA,51.8608505386526
E38_0_251,12.0540681383896,12.2447501127656,7.35946925214094,4.71139338140905,8.34802445279859
E83_1_102,17.5327593884437,25.2061183362735,NA,NA,NA
E116_4_559,NA,NA,NA,80.6020319492057,NA
E124_3_056,NA,NA,NA,NA,58.7718634596819
E138_2_405,52.8082198156254,NA,NA,NA,NA
E127_3_507,NA,NA,NA,70.830342938008,NA
E59_3_106,NA,58.2044062349524,NA,NA,NA
E66_3_357,75.7104174164624,NA,NA,NA,NA
E53_4_81,NA,NA,NA,57.3979471898428,NA
E45_2_956,NA,NA,NA,48.4137863648538,NA
E51_3_758,72.7117947821312,NA,NA,NA,NA
E49_3_206,NA,NA,NA,NA,55.6906358611632
E130_2_004,47.1853071214268,NA,NA,NA,NA
E43_3_257,NA,NA,NA,53.3776120262802,NA
E42_0_451,9.95071120787638,10.9833769050854,8.71290154541543,5.04710253110748,8.34802445279859
E6_4_659,48.0303201966634,NA,NA,NA,NA
E125_3_557,80.9880819889897,NA,NA,NA,NA
E89_4_259,NA,48.8068976270381,NA,NA,NA
E22_2_555,NA,NA,NA,32.50015448407,NA
E93_0_251,8.50304086922544,14.038948913018,13.3773444054859,6.33267733091628,13.3754088137116
E93_0_351,NA,16.8524265181388,17.3645440410601,NA,24.5803860530998
E40_2_605,NA,NA,NA,72.018962211753,NA
E75_2_505,NA,NA,NA,52.6300868612186,NA
E119_2_355,NA,NA,NA,NA,59.5212636320755
E20_4_108,57.9421818534305,NA,NA,NA,NA
E77_4_609,NA,61.1161502547772,NA,NA,NA
E43_3_607,NA,NA,NA,72.5317842818638,NA
E93_4_86,NA,49.7667656532957,NA,NA,NA
E3_2_255,NA,NA,NA,30.1379840937155,NA
E137_0_802,NA,NA,NA,NA,32.3270844030939
E99_1_503,NA,NA,NA,40.1067234336654,NA
E141_3_858,NA,76.5340900907158,NA,NA,NA
E147_2_154,NA,NA,NA,0,0
E72_2_255,72.4123845184994,NA,NA,NA,NA
E143_1_603,NA,59.7520820729834,NA,NA,NA
E135_4_96,85.7851728799127,NA,NA,NA,NA
E59_4_259,NA,65.2589664331536,NA,NA,NA
E90_4_008,73.5253272555503,NA,NA,NA,NA
E37_3_457,57.7711467887581,NA,NA,NA,NA
E124_2_204,NA,NA,NA,NA,55.6328982054604
E25_3_307,68.163025033281,NA,NA,NA,NA
E42_0_551,35.3256336878771,NA,NA,NA,NA
E58_0_752,NA,66.1380457436713,NA,NA,NA
E95_1_754,NA,41.3537433267154,NA,NA,NA
E79_0_351,5.43841120883934,8.37392684368146,15.7301363767612,11.1166908923036,15.1521283173342
E102_3_858,NA,52.4871888694158,NA,NA,NA
E141_2_705,NA,69.4817342543544,NA,NA,NA
E139_4_108,81.842503812215,NA,NA,NA,NA
E33_1_754,NA,52.2025469069554,NA,NA,NA
E74_4_86,NA,43.9430730571716,NA,NA,NA
E37_2_104,85.4402674530826,NA,NA,NA,NA
E5_3_106,NA,47.8803053115824,NA,NA,NA
E124_0_15,7.32811519291934,12.0633395182884,15.9789337141639,7.16856859655478,16.2739642540183
E52_0_1,7.57954027972964,11.9837054800389,13.6116152203885,6.71890144352028,13.5877053533726
E48_1_653,NA,NA,NA,28.5182027707559,NA
E32_2_154,NA,NA,59.8916347586353,NA,NA
E38_1_904,NA,NA,NA,NA,54.8531632660512
E126_2_255,NA,67.5313745321045,NA,NA,NA
E115_3_407,84.1958199340063,NA,NA,NA,NA
E131_4_709,NA,NA,NA,56.7833558082689,NA
E62_1_152,NA,NA,NA,NA,52.3380445228479
E42_1_052,34.9220108811178,NA,NA,NA,NA
E23_2_104,NA,NA,61.865682911249,NA,NA
E146_0_852,0,NA,0,0,0
E98_2_655,NA,NA,NA,33.0282170326041,NA
E93_3_457,NA,68.0636035665543,NA,NA,NA
E28_2_455,NA,47.3902072909448,NA,NA,NA
E7_0_451,4.45249834985052,5.68734270877169,5.37198231705533,9.80051870321731,5.40032934449343
E32_3_858,NA,NA,54.3064979214656,NA,NA
E104_4_559,NA,72.4364490702207,NA,NA,NA
E78_1_152,NA,NA,49.5363200670083,NA,NA
E123_4_659,61.6801841895665,NA,NA,NA,NA
E25_4_709,48.0169536235918,NA,NA,NA,NA
E78_2_405,NA,NA,29.2113925037959,NA,30.1480755875571
E112_2_405,61.9622120294479,NA,NA,NA,NA
E122_3_407,NA,74.5822326810411,NA,NA,NA
E62_3_858,NA,NA,NA,NA,59.5061674353906
E107_0_2,NA,13.0718707548803,21.0123507115707,NA,20.6974710046009
E9_1_102,NA,36.0408380859447,NA,NA,NA
E36_3_357,60.0254285987129,NA,NA,NA,NA
E115_0_251,7.57511448068453,9.83680186843672,9.3171559502733,6.00840617576977,9.13424336187748
E14_4_709,NA,NA,NA,53.1400215230196,NA
E34_2_204,NA,NA,49.1692301135602,NA,NA
E133_3_206,NA,NA,NA,52.0816978604264,NA
E76_1_202,NA,65.8469043049394,NA,NA,NA
E140_0_301,1.89957136918237,1.96477803239951,1.82103827237235,15.9635285283337,1.83932505006204
E61_2_104,NA,54.0930618014139,NA,NA,NA
E109_1_553,NA,NA,NA,NA,28.1283273880034
E74_3_056,NA,76.5340900907158,NA,NA,NA
E96_2_204,81.6313719261499,NA,NA,NA,NA
E94_0_1,7.42656195424212,12.2028284108549,15.5438116083535,7.04679011450781,15.8306917927468
E110_3_557,NA,NA,NA,80.5626249511476,NA
E139_1_503,71.5635320998156,NA,NA,NA,NA
E67_2_655,77.0627030316454,NA,NA,NA,NA
E46_4_259,76.0413336237848,NA,NA,NA,NA
E102_4_058,NA,52.2427365424608,NA,NA,NA
E71_0_2,5.01390946378949,6.59951994028174,6.57453273074656,9.10799320499823,7.05193455686492
E5_0_401,NA,NA,25.524855795036,NA,26.6526489421158
E68_4_359,NA,NA,NA,30.4214727950379,NA
E80_1_002,NA,NA,NA,17.2033272380426,NA
E11_2_154,NA,58.0246875062894,NA,NA,NA
E85_3_407,NA,NA,NA,58.3958314304984,NA
E92_0_551,NA,NA,NA,33.8292012141507,NA
E107_3_307,NA,NA,NA,NA,57.6175435150771
E121_0_1,7.44931420884947,11.1004987819324,12.609040348578,6.67846544577615,12.5331914589483
E5_1_854,NA,76.5340900907158,NA,NA,NA
E38_0_0,NA,NA,20.0890948641004,NA,18.291810917155
E145_1_553,NA,NA,NA,48.3594211945241,NA
E75_1_253,NA,NA,NA,40.4415940885256,NA
E59_0_301,11.2744027674383,17.7059258451348,9.82601505629399,NA,9.20679768373584
E28_4_309,NA,76.5340900907158,NA,NA,NA
E8_3_657,NA,68.3129729480373,NA,NA,NA
E69_2_856,NA,76.5340900907158,NA,NA,NA
E15_4_709,NA,NA,NA,58.900905204605,NA
E116_0_802,NA,NA,NA,39.7364435386754,NA
E18_3_657,NA,67.8284565030792,NA,NA,NA
E7_1_503,35.0415783622355,NA,NA,NA,NA
E77_4_459,NA,66.7503943262356,NA,NA,NA
E103_0_301,NA,NA,NA,23.3390911738637,NA
E9_2_756,NA,44.2240261586949,NA,NA,NA
E49_2_555,NA,NA,NA,NA,57.8743705471728
E147_3_958,NA,NA,NA,31.6487310273491,NA
E18_0_852,0,NA,0,0,0
E106_1_954,NA,NA,60.6179137061582,NA,NA
E118_2_405,NA,NA,NA,65.3674853253926,NA
E123_0_952,36.54222810189,NA,NA,NA,NA
E100_3_758,NA,71.0854791308363,NA,NA,NA
E132_4_459,NA,57.3129784051366,NA,NA,NA
E144_0_651,NA,NA,NA,17.2235277429389,NA
E114_3_307,NA,NA,NA,35.9266923248154,NA
E51_3_006,74.5419061459379,NA,NA,NA,NA
E105_0_952,32.4129644412873,NA,NA,NA,NA
E56_3_858,85.9450710383764,NA,NA,NA,NA
E112_0_301,28.1334922736797,NA,NA,NA,NA
E44_3_257,NA,NA,57.654612639289,NA,NA
E62_2_455,NA,NA,NA,NA,58.457316182753
E149_3_106,55.4583666936165,NA,NA,NA,NA
E101_4_459,NA,NA,NA,50.0596549579762,NA
E147_1_202,NA,NA,NA,0,0
E93_0_301,8.65290814176863,14.8516573908063,14.5850384393862,6.33267733091628,15.2966084732577
E75_3_707,NA,NA,NA,36.9699706782144,NA
E32_0_301,NA,NA,21.9937265199052,NA,20.6662281060091
E133_1_653,NA,NA,NA,49.592557193546,NA
E87_0_852,17.2216600888155,24.9337984551611,NA,NA,NA
E15_0_601,4.62496293620091,6.48232157716791,6.32433204202493,11.8420342856573,12.483579451859
E2_3_607,63.5092491623241,NA,NA,NA,NA
E126_1_453,NA,45.223940987133,NA,NA,NA
E40_1_804,NA,NA,NA,47.3532534740217,NA
E49_0_251,NA,15.1243127735074,22.8403093609352,NA,24.1723107276816
E82_2_505,36.9786391961984,NA,NA,NA,NA
E76_1_152,NA,65.9452934366736,NA,NA,NA
E134_1_603,NA,NA,52.786733608005,NA,NA
E21_1_052,NA,NA,NA,29.1152045923742,NA
E25_1_202,84.8780287833405,NA,NA,NA,NA
E5_0_651,NA,15.2652999604684,20.9664215077126,NA,23.6466019272503
E129_4_459,NA,NA,NA,78.1508350819369,NA
E26_4_058,NA,69.205192266834,NA,NA,NA
E115_1_253,79.257778546169,NA,NA,NA,NA
E30_0_802,15.6029450397006,0,0,0,0
E0_2_305,NA,57.6197135048995,NA,NA,NA
E89_0_0,NA,NA,20.5103961732925,NA,18.553046964985
E120_2_756,61.9622120294479,NA,NA,NA,NA
E86_1_102,NA,NA,NA,20.9721181000105,NA
E109_2_555,NA,66.7185888401842,NA,NA,NA
E23_1_353,NA,NA,55.1910712205749,NA,NA
E40_0_401,NA,NA,NA,22.5246028841053,NA
E1_3_557,56.7339799857764,NA,NA,NA,NA
E138_3_707,65.9512369004225,NA,NA,NA,NA
E85_0_0,NA,NA,20.8748330557055,NA,18.8792202390158
E133_0_651,NA,NA,NA,53.1759583121867,NA
E64_0_2,0,0,0,0,0
E87_0_15,7.57511448068453,10.6907423308235,11.109790455931,6.38272537268157,10.8293834025529
E24_2_655,NA,NA,NA,60.6704751823128,NA
E38_4_008,NA,NA,NA,NA,58.2588991427748
E108_2_054,NA,NA,NA,55.02720787808,NA
E43_4_91,NA,NA,NA,31.7739999078195,NA
E127_3_758,NA,NA,NA,67.4946446188928,NA
E11_3_006,NA,76.5340900907158,NA,NA,NA
E15_0_1,5.54704322488533,8.30319462351483,14.2966334273194,9.80299946408483,14.0511135809322
E3_0_852,NA,NA,NA,25.4950727823692,NA
E49_3_106,NA,NA,NA,NA,61.1093867439466
E3_3_106,NA,NA,NA,79.013680608398,NA
E126_1_603,NA,48.9066449471125,NA,NA,NA
E19_4_81,80.3943890383461,NA,NA,NA,NA
E76_1_403,NA,38.7132171897896,NA,NA,NA
E97_0_852,11.3760650703662,12.5880019342183,8.85226973837327,4.92630939632221,8.3890127611964
E101_0_501,NA,NA,NA,44.0836234076211,NA
E126_1_703,NA,46.7131624508905,NA,NA,NA
E63_3_808,52.1465070671711,NA,NA,NA,NA
E54_1_303,84.5708811351049,NA,NA,NA,NA
E113_0_251,9.67977106548719,14.8180622131862,10.3485757000649,5.84168308931477,9.75957783967593
E126_3_707,NA,68.0685182691904,NA,NA,NA
E102_0_351,0,NA,0,0,0
E16_2_555,NA,71.5197664513582,NA,NA,NA
E14_3_958,NA,NA,NA,51.6413639404371,NA
E83_4_509,63.0086887127457,NA,NA,NA,NA
E14_0_05,6.47117566316473,9.49509934013308,16.6700634643717,8.5241148468311,16.2421213659848
E18_0_952,0,0,0,0,0
E120_4_709,75.8122129937287,NA,NA,NA,NA
E32_2_605,NA,NA,60.8553232323913,NA,NA
E15_2_806,NA,NA,NA,0,0
E3_4_008,NA,NA,NA,32.2535738424781,NA
E2_0_802,38.4351354805924,NA,NA,NA,NA
E61_3_607,NA,57.1790279565685,NA,NA,NA
E9_0_1,8.12516203277122,8.60083841791956,8.6015371171598,5.4590854095903,8.30530488785278
E58_0_1,7.25226141977693,10.9590649974673,13.9800752462565,7.00825480052013,13.9659311338073
E46_4_91,81.0212897860468,NA,NA,NA,NA
E36_3_457,69.4397752788036,NA,NA,NA,NA
E90_2_004,80.5076638527545,NA,NA,NA,NA
E48_0_701,0,0,0,13.4131929348025,0
E9_4_509,NA,46.6242943600149,NA,NA,NA
E118_2_705,NA,NA,NA,36.2404066759638,NA
E46_4_709,83.6749950452613,NA,NA,NA,NA
E53_3_707,NA,NA,NA,77.0430789750952,NA
E41_2_555,NA,NA,NA,67.6198264425261,NA
E43_1_904,NA,NA,NA,39.9837066987493,NA
E104_1_303,NA,53.1749017201963,NA,NA,NA
E60_0_251,10.5813899907366,17.1446420578357,10.0942493869509,NA,9.38176552334209
E100_4_409,NA,45.0488612997364,NA,NA,NA
E54_0_852,45.6770486148209,NA,NA,NA,NA
E93_0_651,NA,19.3845498742051,22.891636936625,NA,26.8185428028321
E136_0_301,8.65290814176863,14.6338058366579,13.636355232777,6.30115328336276,13.6933624728249
E131_0_701,NA,NA,NA,77.2370807191421,NA
E108_1_503,NA,NA,NA,57.0430498767149,NA
E57_3_657,NA,NA,NA,52.8383517968004,NA
E17_2_054,NA,NA,NA,37.3611099711019,NA
E59_2_655,NA,52.5504414920483,NA,NA,NA
E75_3_357,NA,NA,NA,69.7509178525735,NA
E60_2_255,NA,68.7298954166438,NA,NA,NA
E51_0_451,31.3970976317581,NA,NA,NA,NA
E31_4_76,NA,NA,NA,NA,53.9711378465807
E42_0_251,7.49979229353705,11.9608511650827,14.34728202749,6.86672286909963,14.3740677652177
E33_2_655,NA,48.7114988029816,NA,NA,NA
E37_3_006,62.5314031188889,NA,NA,NA,NA
E97_3_006,NA,58.5639875855286,NA,NA,NA
E43_0_301,6.58386813779096,9.13517931935303,12.585810237108,7.39572676987241,12.505238555438
E100_3_457,NA,67.9647251349169,NA,NA,NA
E72_1_403,84.5848920103,NA,NA,NA,NA
E87_1_754,62.1913136564332,NA,NA,NA,NA
E120_3_407,67.3284401621869,NA,NA,NA,NA
E98_2_555,NA,NA,NA,69.5303407827454,NA
E25_3_407,61.0339021709429,NA,NA,NA,NA
E79_0_551,NA,NA,NA,23.1302201423935,NA
E56_4_96,64.3836813285311,NA,NA,NA,NA
E28_3_958,NA,73.2507454439656,NA,NA,NA
E92_3_858,NA,NA,NA,68.585994037215,NA
E59_1_904,NA,76.5340900907158,NA,NA,NA
E11_1_353,NA,56.1847679723563,NA,NA,NA
E101_2_655,NA,NA,NA,40.2034994147286,NA
E8_3_357,NA,47.5168789934143,NA,NA,NA
E25_4_208,60.4028252503318,NA,NA,NA,NA
E102_1_503,NA,50.4663154819252,NA,NA,NA
E104_4_86,NA,76.5340900907158,NA,NA,NA
E43_3_106,NA,NA,NA,64.3610854634734,NA
E117_2_856,83.2964797460646,NA,NA,NA,NA
E52_2_906,NA,73.2507454439656,NA,NA,NA
E14_2_505,NA,NA,NA,30.5900286255417,NA
E33_2_756,NA,51.7117088144299,NA,NA,NA
E2_4_76,71.0462820797452,NA,NA,NA,NA
E14_2_405,NA,NA,NA,26.8467163045642,NA
E140_4_86,71.7013936430049,NA,NA,NA,NA
E76_0_2,6.07233396236226,6.06786785045331,6.08458754782745,5.2512216536581,6.08586751107847
E92_3_206,NA,NA,NA,32.2541147410863,NA
E64_3_206,NA,76.1376746910487,NA,NA,NA
E137_1_102,NA,28.0576698101962,NA,NA,NA
E50_2_054,NA,NA,NA,41.5206162198316,NA
E133_1_804,NA,NA,NA,48.2113171882077,NA
E102_3_707,NA,47.9873940355047,NA,NA,NA
E106_3_407,NA,NA,55.4855763505555,NA,NA
E142_3_307,82.3562128258237,NA,NA,NA,NA
E96_2_956,73.4490908213776,NA,NA,NA,NA
E19_2_555,65.9852679620906,NA,NA,NA,NA
E16_2_956,NA,47.5287970181894,NA,NA,NA
E140_1_052,0,0,0,0,0
E47_0_752,0,0,0,0,0
E64_0_301,0,0,0,0,0
E98_0_902,NA,NA,NA,40.9037806156534,NA
E71_2_004,NA,NA,NA,38.9316212244241,NA
E49_0_451,NA,NA,24.9322456727262,NA,26.3360326977004
E134_1_002,NA,NA,56.6662587750621,NA,NA
E12_1_303,NA,28.8243959489717,NA,NA,NA
E24_2_255,NA,NA,NA,47.3641619683465,NA
E116_2_204,NA,NA,NA,37.2432345933949,NA
E80_4_509,NA,NA,NA,78.9695838215489,NA
E58_2_555,NA,49.2252478667945,NA,NA,NA
E21_2_605,NA,NA,NA,74.4506277121493,NA
E80_0_601,NA,NA,18.6652764563817,11.7207464721606,16.9837356870302
E87_2_154,69.1054783161193,NA,NA,NA,NA
E92_1_954,NA,NA,NA,33.9349642284984,NA
E144_1_954,NA,NA,NA,37.6867700555259,NA
E29_3_056,NA,NA,NA,53.6636616610178,NA
E103_1_854,NA,NA,NA,76.5076075460579,NA
E51_0_952,35.7445210760867,NA,NA,NA,NA
E103_2_154,NA,NA,NA,71.3088063552394,NA
E76_0_501,1.28332560430962,1.28663548918286,1.30686111154761,1.30787883585481,1.30243244713097
E111_1_453,NA,NA,57.9762005495508,NA,NA
E51_1_603,40.4722497237446,NA,NA,NA,NA
E56_2_104,48.0904022962009,NA,NA,NA,NA
E9_3_607,NA,67.6783163525495,NA,NA,NA
E67_2_806,85.9450710383764,NA,NA,NA,NA
E63_3_407,75.8737332867824,NA,NA,NA,NA
E105_2_856,NA,60.470480312439,NA,NA,NA
E61_3_908,NA,76.5340900907158,NA,NA,NA
E125_4_709,58.370175539128,NA,NA,NA,NA
E80_2_204,NA,NA,NA,46.0546543164662,NA
E86_0_651,4.28274059231916,6.13120570436428,5.73239112178728,13.6659509509911,12.9502403152021
