,PseudoTime0,PseudoTime1,PseudoTime2,PseudoTime3
E47_4_325,,,4.325,
E127_3_605,,,3.605,
E11_3_524,,,3.524,
E18_4_726,4.726,,,
E92_5_126,,,5.126,
E49_3_044,,,3.044,
E110_1_282,,,1.282,
E95_0_721,0.721,,,
E112_6_648,,,6.648,
E105_2_723,,,2.723,
E37_0_561,,,0.561,
E34_5_207,,,5.207,
E25_5_126,5.126,,,
E37_6_008,,,6.008,
E94_0_32,,,0.32,
E29_3_444,3.444,,,
E112_3_284,,,3.284,
E110_1_121,,,1.121,
E33_0_561,,,0.561,
E81_3_925,3.925,,,
E24_6_648,,,6.648,
E146_3_605,3.605,,,
E114_1_682,1.682,,,
E18_6_728,6.728,,,
E30_3_765,,,3.765,
E112_7_529,,,7.529,
E104_0_881,,,0.881,
E75_4_806,,,4.806,
E37_7_69,,,7.69,
E11_7_369,,,7.369,
E139_7_77,7.77,,,
E88_0_0,,0.0,,
E53_4_566,4.566,,,
E115_2_723,2.723,,,
E113_2_723,,,2.723,
E126_4_005,,,4.005,
E107_0_961,,,0.961,
E99_1_842,,,1.842,
E89_3_444,,,3.444,
E46_6_648,,,6.648,
E1_2_323,,,2.323,
E132_7_049,,7.049,,
E79_7_209,,,,7.209
E60_0_881,,,0.881,
E144_6_889,,,6.889,
E99_0_24,,,0.24,
E61_3_204,,3.204,,
E23_2_323,,,2.323,
E20_5_287,5.287,,,
E99_5_367,,,5.367,
E120_6_488,,,6.488,
E73_4_966,,,4.966,
E22_2_563,2.563,,,
E140_1_041,,,1.041,
E28_3_204,,,3.204,
E102_0_801,,0.801,,
E136_7_049,7.049,,,
E96_7_61,7.61,,,
E85_2_884,,,2.884,
E10_3_765,,,3.765,
E62_3_364,,,,3.364
E20_6_728,6.728,,,
E138_5_207,,,5.207,
E20_6_568,6.568,,,
E82_1_282,,1.282,,
E46_5_367,,,5.367,
E19_3_204,,,3.204,
E29_5_767,5.767,,,
E80_6_889,,6.889,,
E121_3_765,,3.765,,
E110_1_602,,,1.602,
E89_3_364,,,3.364,
E38_7_369,,,,7.369
E44_4_646,,,4.646,
E30_0_481,,,0.481,
E61_3_044,,3.044,,
E41_3_204,,3.204,,
E124_5_287,5.287,,,
E91_5_287,,,5.287,
E75_5_287,,,5.287,
E130_3_765,3.765,,,
E126_0_561,,,0.561,
E62_0_881,,,,0.881
E28_0_16,,,0.16,
E19_2_964,,,2.964,
E104_2_483,,,2.483,
E24_3_364,,,3.364,
E121_2_003,,2.003,,
E141_6_809,6.809,,,
E95_3_204,3.204,,,
E127_2_163,,,2.163,
E53_7_77,7.77,,,
E45_0_16,,,,0.16
E98_6_969,,,6.969,
E46_7_85,,,7.85,
E117_1_922,1.922,,,
E13_0_721,0.721,,,
E4_5_767,,,5.767,
E20_6_168,6.168,,,
E14_4_165,,4.165,,
E98_2_083,,,2.083,
E130_4_325,4.325,,,
E136_5_767,5.767,,,
E83_6_408,,,6.408,
E95_1_602,1.602,,,
E84_4_165,,,,4.165
E71_2_403,2.403,,,
E7_2_083,,,,2.083
E14_7_85,,7.85,,
E8_2_964,,,2.964,
E44_2_003,,,2.003,
E95_5_287,5.287,,,
E45_7_369,,,,7.369
E7_1_842,,,,1.842
E13_1_522,1.522,,,
E99_5_126,,,5.126,
E117_5_126,5.126,,,
E3_0_16,,,0.16,
E62_5_287,,,,5.287
E8_6_168,,,6.168,
E141_7_69,7.69,,,
E93_5_607,5.607,,,
E46_0_721,,,0.721,
E107_7_209,,,7.209,
E88_0_881,,0.881,,
E107_2_723,,,2.723,
E148_3_444,,,3.444,
E144_5_927,,,5.927,
E23_5_367,,,5.367,
E50_6_648,,,6.648,
E61_6_168,,6.168,,
E72_2_003,,,2.003,
E89_4_566,,,4.566,
E108_1_762,1.762,,,
E74_1_041,1.041,,,
E20_4_406,4.406,,,
E11_2_003,,,2.003,
E79_4_005,,,,4.005
E35_2_723,,,,2.723
E19_1_202,,,1.202,
E49_2_804,,,2.804,
E137_1_121,,,1.121,
E17_3_284,3.284,,,
E14_7_93,,7.93,,
E91_3_605,,,3.605,
E18_3_765,3.765,,,
E31_4_886,,,4.886,
E140_1_602,,,1.602,
E33_3_685,,,3.685,
E23_6_088,,,6.088,
E92_3_524,,,3.524,
E50_2_964,,,2.964,
E79_4_325,,,,4.325
E108_1_121,1.121,,,
E82_4_406,,4.406,,
E108_0_16,0.16,,,
E55_6_488,,,6.488,
E65_4_245,,,,4.245
E123_7_449,,,7.449,
E107_1_602,,,1.602,
E13_7_289,7.289,,,
E81_0_32,0.32,,,
E41_3_444,,3.444,,
E79_1_682,,,,1.682
E49_1_922,,,1.922,
E25_3_605,3.605,,,
E25_2_964,2.964,,,
E7_1_202,,,,1.202
E66_5_447,,,5.447,
E2_1_522,,,,1.522
E126_4_726,,,4.726,
E121_4_966,,4.966,,
E13_4_165,4.165,,,
E6_1_842,1.842,,,
E60_2_643,,,2.643,
E133_5_927,5.927,,,
E53_4_886,4.886,,,
E113_1_922,,,1.922,
E45_0_401,,,,0.401
E105_1_602,,,1.602,
E122_5_287,5.287,,,
E27_0_961,,,0.961,
E113_4_646,,,4.646,
E106_4_165,4.165,,,
E102_4_486,,4.486,,
E139_4_406,4.406,,,
E18_5_287,5.287,,,
E90_3_685,,,3.685,
E121_5_847,,5.847,,
E91_6_568,,,6.568,
E95_5_927,5.927,,,
E83_4_566,,,4.566,
E50_7_449,,,7.449,
E129_1_362,,,1.362,
E26_5_767,,,,5.767
E13_5_287,5.287,,,
E68_4_005,,4.005,,
E144_6_648,,,6.648,
E19_1_442,,,1.442,
E89_7_93,,,7.93,
E17_3_925,3.925,,,
E82_2_643,,2.643,,
E2_7_129,,,,7.129
E140_5_126,,,5.126,
E114_1_602,1.602,,,
E79_0_0,,,,0.0
E14_3_925,,3.925,,
E73_0_401,,,0.401,
E84_7_529,,,,7.529
E74_6_568,6.568,,,
E66_7_129,,,7.129,
E21_3_204,3.204,,,
E72_3_765,,,3.765,
E26_3_765,,,,3.765
E26_0_961,,,,0.961
E133_7_529,7.529,,,
E86_5_527,,,5.527,
E108_0_961,0.961,,,
E53_3_204,3.204,,,
E38_6_969,,,,6.969
E18_1_442,1.442,,,
E18_2_403,2.403,,,
E115_4_566,4.566,,,
E26_3_044,,,,3.044
E26_4_566,,,,4.566
E30_1_922,,,1.922,
E121_2_964,,2.964,,
E124_5_687,5.687,,,
E82_5_767,,5.767,,
E80_2_243,,2.243,,
E61_5_046,,5.046,,
E124_0_24,0.24,,,
E29_6_088,6.088,,,
E124_1_682,1.682,,,
E96_4_005,4.005,,,
E134_4_165,,,4.165,
E31_5_287,,,5.287,
E60_6_008,,,6.008,
E82_6_488,,6.488,,
E115_5_687,5.687,,,
E25_1_522,1.522,,,
E123_2_003,,,2.003,
E35_4_966,,,,4.966
E102_3_124,,3.124,,
E79_0_641,,,,0.641
E62_1_282,,,,1.282
E78_4_966,,,4.966,
E53_0_24,0.24,,,
E106_2_403,2.403,,,
E139_1_682,1.682,,,
E16_3_845,3.845,,,
E108_4_486,4.486,,,
E81_4_806,4.806,,,
E22_0_881,0.881,,,
E61_0_721,,0.721,,
E83_2_003,,,2.003,
E134_6_408,,,6.408,
E58_7_129,7.129,,,
E23_7_77,,,7.77,
E37_4_966,,,4.966,
E138_2_243,,,2.243,
E10_3_685,,,3.685,
E146_0_561,0.561,,,
E129_3_925,,,3.925,
E114_4_325,4.325,,,
E53_3_685,3.685,,,
E23_6_328,,,6.328,
E2_4_165,,,,4.165
E95_3_765,3.765,,,
E110_3_124,,,3.124,
E41_6_248,,6.248,,
E13_7_369,7.369,,,
E26_2_483,,,,2.483
E138_1_121,,,1.121,
E120_5_126,,,5.126,
E65_3_524,,,,3.524
E139_0_0,0.0,,,
E22_6_088,6.088,,,
E25_4_005,4.005,,,
E137_1_522,,,1.522,
E126_5_767,,,5.767,
E88_2_964,,2.964,,
E115_1_602,1.602,,,
E145_3_364,,,3.364,
E136_4_085,4.085,,,
E71_3_044,3.044,,,
E11_5_046,,,5.046,
E132_1_682,,1.682,,
E10_5_847,,,5.847,
E144_3_124,,,3.124,
E95_3_364,3.364,,,
E49_4_566,,,4.566,
E79_5_847,,,,5.847
E139_6_008,6.008,,,
E27_6_568,,,6.568,
E123_4_085,,,4.085,
E137_0_0,,,0.0,
E13_1_682,1.682,,,
E44_2_723,,,2.723,
E123_1_762,,,1.762,
E30_4_646,,,4.646,
E106_2_804,2.804,,,
E114_2_083,2.083,,,
E90_2_483,,,2.483,
E90_4_646,,,4.646,
E20_7_529,7.529,,,
E77_4_005,,,4.005,
E22_1_442,1.442,,,
E33_6_088,,,6.088,
E16_6_889,6.889,,,
E72_5_207,,,5.207,
E78_0_961,,,0.961,
E19_2_884,,,2.884,
E77_2_483,,,2.483,
E27_7_449,,,7.449,
E78_6_088,,,6.088,
E17_1_842,1.842,,,
E84_1_682,,,,1.682
E47_7_93,,,7.93,
E68_7_61,,7.61,,
E16_2_643,2.643,,,
E123_7_77,,,7.77,
E18_7_289,7.289,,,
E134_6_728,,,6.728,
E17_3_364,3.364,,,
E94_5_447,,,5.447,
E139_3_044,3.044,,,
E71_0_481,0.481,,,
E123_3_925,,,3.925,
E88_1_842,,1.842,,
E6_5_767,5.767,,,
E45_5_367,,,,5.367
E83_2_563,,,2.563,
E74_1_922,1.922,,,
E19_0_721,,,0.721,
E119_6_969,,6.969,,
E79_7_449,,,,7.449
E89_4_966,,,4.966,
E2_3_204,,,,3.204
E11_7_529,,,7.529,
E47_0_24,,,0.24,
E22_3_685,3.685,,,
E22_7_85,7.85,,,
E30_3_124,,,3.124,
E66_7_289,,,7.289,
E129_3_685,,,3.685,
E85_7_77,,,7.77,
E71_6_809,6.809,,,
E93_7_369,7.369,,,
E19_0_881,,,0.881,
E74_3_925,3.925,,,
E24_0_16,,,0.16,
E6_2_163,2.163,,,
E18_6_168,6.168,,,
E41_1_362,,1.362,,
E120_1_842,,,1.842,
E117_2_483,2.483,,,
E61_1_442,,1.442,,
E139_3_605,3.605,,,
E41_1_602,,1.602,,
E29_0_881,0.881,,,
E86_7_049,,,7.049,
E32_3_685,,3.685,,
E16_2_723,2.723,,,
E90_2_243,,,2.243,
E37_1_041,,,1.041,
E31_3_284,,,3.284,
E123_1_282,,,1.282,
E24_0_801,,,0.801,
E107_6_408,,,6.408,
E92_4_886,,,4.886,
E74_6_809,6.809,,,
E88_4_245,,4.245,,
E114_3_444,3.444,,,
E31_5_687,,,5.687,
E72_0_801,,,0.801,
E93_1_282,1.282,,,
E108_0_0,0.0,,,
E2_6_809,,,,6.809
E8_6_088,,,6.088,
E86_7_93,,,7.93,
E127_5_447,,,5.447,
E137_0_401,,,0.401,
E7_6_168,,,,6.168
E115_5_287,5.287,,,
E85_0_881,,,0.881,
E57_1_602,1.602,,,
E119_4_966,,4.966,,
E26_3_845,,,,3.845
E119_1_922,,1.922,,
E7_3_524,,,,3.524
E112_1_362,,,1.362,
E38_5_207,,,,5.207
E121_5_447,,5.447,,
E62_4_005,,,,4.005
E22_4_325,4.325,,,
E130_6_088,6.088,,,
E112_7_209,,,7.209,
E115_4_806,4.806,,,
E102_3_524,,3.524,,
E140_7_85,,,7.85,
E1_0_16,,,0.16,
E88_4_806,,4.806,,
E6_1_282,1.282,,,
E45_1_602,,,,1.602
E115_6_568,6.568,,,
E41_7_85,,7.85,,
E113_4_406,,,4.406,
E45_6_488,,,,6.488
E6_4_566,4.566,,,
E4_3_364,,,3.364,
E49_7_69,,,7.69,
E114_6_168,6.168,,,
E145_0_561,,,0.561,
E123_5_527,,,5.527,
E130_2_403,2.403,,,
E105_3_444,,,3.444,
E4_4_245,,,4.245,
E53_0_481,0.481,,,
E48_1_682,,,1.682,
E61_2_403,,2.403,,
E115_7_049,7.049,,,
E98_6_568,,,6.568,
E62_0_401,,,,0.401
E145_4_325,,,4.325,
E99_0_401,,,0.401,
E148_1_202,,,1.202,
E6_3_364,3.364,,,
E14_2_964,,2.964,,
E28_5_847,,,5.847,
E68_1_202,,1.202,,
E99_6_248,,,6.248,
E83_7_209,,,7.209,
E53_7_209,7.209,,,
E144_3_845,,,3.845,
E23_0_16,,,0.16,
E81_1_202,1.202,,,
E88_6_728,,6.728,,
E114_5_607,5.607,,,
E130_1_522,1.522,,,
E141_1_842,1.842,,,
E78_2_563,,,2.563,
E68_6_328,,6.328,,
E117_4_406,4.406,,,
E11_0_561,,,0.561,
E23_7_129,,,7.129,
E110_2_323,,,2.323,
E6_7_529,7.529,,,
E35_1_922,,,,1.922
E130_2_323,2.323,,,
E121_4_165,,4.165,,
E123_4_005,,,4.005,
E30_4_085,,,4.085,
E79_5_447,,,,5.447
E90_7_77,,,7.77,
E58_6_809,6.809,,,
E31_1_522,,,1.522,
E7_2_563,,,,2.563
E16_4_085,4.085,,,
E90_4_566,,,4.566,
E31_6_248,,,6.248,
E13_6_648,6.648,,,
E3_6_488,,,6.488,
E60_1_762,,,1.762,
E84_6_488,,,,6.488
E71_7_289,7.289,,,
E86_7_369,,,7.369,
E65_3_765,,,,3.765
E75_1_442,,,1.442,
E44_5_847,,,5.847,
E66_0_721,,,0.721,
E117_4_085,4.085,,,
E83_3_605,,,3.605,
E3_4_646,,,4.646,
E24_7_93,,,7.93,
E92_0_881,,,0.881,
E104_5_687,,,5.687,
E102_6_969,,6.969,,
E96_2_723,2.723,,,
E20_6_648,6.648,,,
E38_7_529,,,,7.529
E8_2_083,,,2.083,
E138_4_245,,,4.245,
E49_0_401,,,0.401,
E19_7_289,,,7.289,
E88_4_325,,4.325,,
E73_4_406,,,4.406,
E105_7_129,,,7.129,
E91_4_245,,,4.245,
E92_7_289,,,7.289,
E95_4_245,4.245,,,
E22_4_726,4.726,,,
E66_4_966,,,4.966,
E27_6_648,,,6.648,
E74_1_442,1.442,,,
E96_2_964,2.964,,,
E62_0_16,,,,0.16
E106_1_922,1.922,,,
E60_3_204,,,3.204,
E33_3_845,,,3.845,
E16_1_202,1.202,,,
E71_3_124,3.124,,,
E113_5_447,,,5.447,
E21_2_003,2.003,,,
E65_7_049,,,,7.049
E138_1_522,,,1.522,
E20_4_806,4.806,,,
E96_3_364,3.364,,,
E22_5_207,5.207,,,
E13_1_442,1.442,,,
E141_7_049,7.049,,,
E124_6_088,6.088,,,
E58_2_323,2.323,,,
E114_7_289,7.289,,,
E60_5_927,,,5.927,
E114_1_362,1.362,,,
E80_6_728,,6.728,,
E55_2_163,,,2.163,
E94_3_845,,,3.845,
E137_7_289,,,7.289,
E81_2_163,2.163,,,
E108_6_248,6.248,,,
E65_2_723,,,,2.723
E72_7_049,,,7.049,
E16_3_685,3.685,,,
E2_2_884,,,,2.884
E114_2_884,2.884,,,
E95_4_085,4.085,,,
E72_4_165,,,4.165,
E105_3_124,,,3.124,
E145_7_77,,,7.77,
E1_7_369,,,7.369,
E119_4_486,,4.486,,
E49_2_083,,,2.083,
E37_0_481,,,0.481,
E99_1_602,,,1.602,
E41_2_403,,2.403,,
E29_4_886,4.886,,,
E124_7_209,7.209,,,
E55_3_845,,,3.845,
E121_5_527,,5.527,,
E84_6_328,,,,6.328
E110_1_522,,,1.522,
E17_3_444,3.444,,,
E80_1_682,,1.682,,
E21_3_044,3.044,,,
E19_0_401,,,0.401,
E139_0_08,0.08,,,
E18_1_842,1.842,,,
E104_1_362,,,1.362,
E13_6_568,6.568,,,
E49_3_364,,,3.364,
E7_5_287,,,,5.287
E2_3_605,,,,3.605
E137_5_447,,,5.447,
E93_6_008,6.008,,,
E121_7_85,,7.85,,
E21_2_083,2.083,,,
E137_6_969,,,6.969,
E141_3_524,3.524,,,
E74_4_165,4.165,,,
E3_5_847,,,5.847,
E18_6_088,6.088,,,
E83_3_925,,,3.925,
E55_5_207,,,5.207,
E124_5_847,5.847,,,
E115_4_005,4.005,,,
E115_7_289,7.289,,,
E138_2_163,,,2.163,
E91_6_889,,,6.889,
E137_3_925,,,3.925,
E110_2_003,,,2.003,
E104_3_044,,,3.044,
E34_6_408,,,6.408,
E113_2_083,,,2.083,
E123_3_605,,,3.605,
E139_2_964,2.964,,,
E96_7_049,7.049,,,
E124_4_406,4.406,,,
E124_0_401,0.401,,,
E112_2_163,,,2.163,
E8_1_442,,,1.442,
E124_2_723,2.723,,,
E8_0_32,,,0.32,
E37_6_568,,,6.568,
E117_0_641,0.641,,,
E110_0_0,,,0.0,
E126_3_204,,,3.204,
E71_4_646,4.646,,,
E33_1_922,,,1.922,
E66_1_522,,,1.522,
E61_3_845,,3.845,,
E61_3_605,,3.605,,
E145_0_641,,,0.641,
E130_0_881,0.881,,,
E91_3_685,,,3.685,
E146_0_24,0.24,,,
E32_7_85,,7.85,,
E19_2_563,,,2.563,
E48_4_085,,,4.085,
E3_4_806,,,4.806,
E94_7_209,,,7.209,
E81_0_16,0.16,,,
E35_6_008,,,,6.008
E74_3_685,3.685,,,
E145_7_529,,,7.529,
E85_6_648,,,6.648,
E37_4_566,,,4.566,
E89_4_486,,,4.486,
E35_3_044,,,,3.044
E73_6_168,,,6.168,
E110_3_765,,,3.765,
E90_6_728,,,6.728,
E145_3_845,,,3.845,
E133_6_088,6.088,,,
E96_3_845,3.845,,,
E124_3_524,3.524,,,
E86_7_529,,,7.529,
E14_1_762,,1.762,,
E75_4_406,,,4.406,
E106_5_607,5.607,,,
E133_2_643,2.643,,,
E34_4_406,,,4.406,
E110_7_449,,,7.449,
E3_1_762,,,1.762,
E107_3_204,,,3.204,
E107_2_884,,,2.884,
E137_5_527,,,5.527,
E61_6_008,,6.008,,
E61_6_728,,6.728,,
E26_3_284,,,,3.284
E72_3_685,,,3.685,
E84_3_765,,,,3.765
E17_6_328,6.328,,,
E62_2_403,,,,2.403
E17_7_61,7.61,,,
E46_7_129,,,7.129,
E26_0_08,,,,0.08
E96_1_202,1.202,,,
E130_6_488,6.488,,,
E68_6_008,,6.008,,
E121_0_24,,0.24,,
E66_1_362,,,1.362,
E30_0_16,,,0.16,
E3_3_124,,,3.124,
E117_7_69,7.69,,,
E61_3_685,,3.685,,
E88_6_408,,6.408,,
E108_6_488,6.488,,,
E46_1_362,,,1.362,
E33_1_602,,,1.602,
E93_6_648,6.648,,,
E110_3_845,,,3.845,
E37_4_886,,,4.886,
E132_1_282,,1.282,,
E129_5_367,,,5.367,
E141_0_401,0.401,,,
E55_2_083,,,2.083,
E4_6_088,,,6.088,
E24_7_209,,,7.209,
E1_5_527,,,5.527,
E114_7_61,7.61,,,
E26_0_16,,,,0.16
E33_3_444,,,3.444,
E121_2_323,,2.323,,
E145_1_362,,,1.362,
E84_3_925,,,,3.925
E34_1_362,,,1.362,
E23_6_648,,,6.648,
E16_7_93,7.93,,,
E2_1_762,,,,1.762
E31_3_925,,,3.925,
E132_4_325,,4.325,,
E78_7_69,,,7.69,
E108_2_403,2.403,,,
E13_7_93,7.93,,,
E17_4_966,4.966,,,
E120_3_204,,,3.204,
E132_1_202,,1.202,,
E115_0_16,0.16,,,
E98_3_765,,,3.765,
E72_6_648,,,6.648,
E24_4_646,,,4.646,
E73_5_767,,,5.767,
E44_0_641,,,0.641,
E8_0_0,,,0.0,
E57_6_248,6.248,,,
E14_0_561,,0.561,,
E58_0_08,0.08,,,
E96_6_488,6.488,,,
E21_5_367,5.367,,,
E77_0_561,,,0.561,
E74_4_085,4.085,,,
E28_0_0,,,0.0,
E136_5_447,5.447,,,
E138_1_842,,,1.842,
E4_5_527,,,5.527,
E106_5_767,5.767,,,
E16_4_486,4.486,,,
E138_6_889,,,6.889,
E124_5_767,5.767,,,
E44_0_881,,,0.881,
E93_0_801,0.801,,,
E145_1_682,,,1.682,
E58_7_529,7.529,,,
E119_0_401,,0.401,,
E93_6_408,6.408,,,
E3_6_889,,,6.889,
E123_7_61,,,7.61,
E4_6_168,,,6.168,
E108_4_646,4.646,,,
E80_4_005,,4.005,,
E145_3_204,,,3.204,
E27_3_925,,,3.925,
E136_0_561,0.561,,,
E29_5_367,5.367,,,
E104_1_442,,,1.442,
E139_6_248,6.248,,,
E124_7_69,7.69,,,
E49_4_726,,,4.726,
E21_2_643,2.643,,,
E57_1_121,1.121,,,
E96_0_24,0.24,,,
E20_6_328,6.328,,,
E141_7_209,7.209,,,
E33_3_284,,,3.284,
E23_4_165,,,4.165,
E134_6_248,,,6.248,
E66_2_083,,,2.083,
E85_2_243,,,2.243,
E122_3_444,3.444,,,
E120_5_447,,,5.447,
E34_6_088,,,6.088,
E31_0_0,,,0.0,
E89_1_041,,,1.041,
E22_1_602,1.602,,,
E68_4_325,,4.325,,
E126_1_922,,,1.922,
E85_6_728,,,6.728,
E91_2_163,,,2.163,
E20_6_969,6.969,,,
E138_2_323,,,2.323,
E126_3_845,,,3.845,
E61_7_209,,7.209,,
E115_6_969,6.969,,,
E96_4_646,4.646,,,
E122_2_403,2.403,,,
E73_2_643,,,2.643,
E27_0_0,,,0.0,
E8_5_207,,,5.207,
E120_6_969,,,6.969,
E82_2_884,,2.884,,
E45_7_449,,,,7.449
E31_1_922,,,1.922,
E34_2_003,,,2.003,
E22_2_643,2.643,,,
E48_5_207,,,5.207,
E107_4_406,,,4.406,
E108_1_442,1.442,,,
E82_2_483,,2.483,,
E126_7_129,,,7.129,
E16_3_204,3.204,,,
E120_6_728,,,6.728,
E33_7_61,,,7.61,
E62_6_648,,,,6.648
E53_4_806,4.806,,,
E45_6_328,,,,6.328
E32_7_449,,7.449,,
E110_6_809,,,6.809,
E144_2_083,,,2.083,
E112_4_806,,,4.806,
E120_4_085,,,4.085,
E136_2_643,2.643,,,
E82_4_005,,4.005,,
E53_5_607,5.607,,,
E107_3_524,,,3.524,
E34_0_0,,,0.0,
E68_5_207,,5.207,,
E61_2_083,,2.083,,
E26_7_449,,,,7.449
E53_6_328,6.328,,,
E145_1_602,,,1.602,
E133_6_568,6.568,,,
E24_6_008,,,6.008,
E105_6_568,,,6.568,
E99_3_524,,,3.524,
E148_5_367,,,5.367,
E98_4_325,,,4.325,
E113_0_561,,,0.561,
E71_5_046,5.046,,,
E107_4_806,,,4.806,
E83_1_922,,,1.922,
E37_1_922,,,1.922,
E47_3_444,,,3.444,
E10_7_369,,,7.369,
E127_7_049,,,7.049,
E8_1_121,,,1.121,
E19_7_129,,,7.129,
E144_5_527,,,5.527,
E77_4_566,,,4.566,
E75_5_447,,,5.447,
E6_3_765,3.765,,,
E130_5_527,5.527,,,
E72_1_121,,,1.121,
E127_1_602,,,1.602,
E49_6_728,,,6.728,
E7_2_884,,,,2.884
E26_3_605,,,,3.605
E94_4_486,,,4.486,
E98_4_566,,,4.566,
E74_7_69,7.69,,,
E65_3_605,,,,3.605
E6_0_721,0.721,,,
E68_0_08,,0.08,,
E27_2_643,,,2.643,
E132_3_444,,3.444,,
E88_3_124,,3.124,,
E31_4_245,,,4.245,
E102_5_447,,5.447,,
E73_6_008,,,6.008,
E7_6_088,,,,6.088
E21_0_0,0.0,,,
E119_3_925,,3.925,,
E34_2_884,,,2.884,
E30_5_687,,,5.687,
E138_4_646,,,4.646,
E127_5_367,,,5.367,
E130_2_643,2.643,,,
E16_6_168,6.168,,,
E84_5_447,,,,5.447
E55_4_325,,,4.325,
E25_0_721,0.721,,,
E78_4_646,,,4.646,
E55_7_289,,,7.289,
E89_5_367,,,5.367,
E120_5_367,,,5.367,
E16_6_408,6.408,,,
E140_5_687,,,5.687,
E2_4_325,,,,4.325
E146_7_449,7.449,,,
E148_5_527,,,5.527,
E86_3_765,,,3.765,
E34_1_682,,,1.682,
E136_6_008,6.008,,,
E66_0_16,,,0.16,
E19_4_646,,,4.646,
E96_5_527,5.527,,,
E35_6_568,,,,6.568
E124_4_566,4.566,,,
E140_0_961,,,0.961,
E140_1_442,,,1.442,
E107_1_202,,,1.202,
E91_5_607,,,5.607,
E61_3_444,,3.444,,
E104_4_325,,,4.325,
E7_6_568,,,,6.568
E75_4_966,,,4.966,
E121_5_126,,5.126,,
E108_3_124,3.124,,,
E84_4_245,,,,4.245
E28_5_687,,,5.687,
E62_2_483,,,,2.483
E102_3_444,,3.444,,
E38_4_085,,,,4.085
E60_4_646,,,4.646,
E133_1_041,1.041,,,
E62_7_93,,,,7.93
E46_3_044,,,3.044,
E16_4_005,4.005,,,
E99_0_721,,,0.721,
E41_5_847,,5.847,,
E93_0_881,0.881,,,
E77_2_003,,,2.003,
E68_4_646,,4.646,,
E61_7_77,,7.77,,
E14_0_401,,0.401,,
E77_2_403,,,2.403,
E66_2_563,,,2.563,
E115_3_605,3.605,,,
E83_4_486,,,4.486,
E75_1_041,,,1.041,
E138_2_723,,,2.723,
E84_1_522,,,,1.522
E29_7_209,7.209,,,
E16_2_403,2.403,,,
E71_0_561,0.561,,,
E82_1_762,,1.762,,
E82_7_289,,7.289,,
E122_6_248,6.248,,,
E112_3_124,,,3.124,
E25_2_643,2.643,,,
E122_6_328,6.328,,,
E72_2_563,,,2.563,
E58_0_561,0.561,,,
E4_6_648,,,6.648,
E81_5_847,5.847,,,
E91_2_483,,,2.483,
E21_4_005,4.005,,,
E120_2_243,,,2.243,
E133_1_682,1.682,,,
E58_4_966,4.966,,,
E85_1_202,,,1.202,
E140_0_24,,,0.24,
E136_4_325,4.325,,,
E120_5_687,,,5.687,
E1_7_93,,,7.93,
E114_7_69,7.69,,,
E117_1_842,1.842,,,
E91_7_85,,,7.85,
E28_6_408,,,6.408,
E129_2_163,,,2.163,
E144_4_486,,,4.486,
E95_6_248,6.248,,,
E66_1_842,,,1.842,
E96_7_129,7.129,,,
E3_3_364,,,3.364,
E23_2_403,,,2.403,
E31_4_406,,,4.406,
E84_2_243,,,,2.243
E72_4_005,,,4.005,
E68_7_85,,7.85,,
E102_6_728,,6.728,,
E17_0_721,0.721,,,
E8_2_804,,,2.804,
E26_1_202,,,,1.202
E106_6_008,6.008,,,
E89_4_886,,,4.886,
E137_1_442,,,1.442,
E105_7_369,,,7.369,
E139_6_088,6.088,,,
E122_2_723,2.723,,,
E124_3_925,3.925,,,
E18_3_204,3.204,,,
E110_4_406,,,4.406,
E138_1_922,,,1.922,
E138_5_607,,,5.607,
E73_4_005,,,4.005,
E20_4_005,4.005,,,
E81_3_845,3.845,,,
E74_6_408,6.408,,,
E134_5_046,,,5.046,
E66_2_323,,,2.323,
E126_2_964,,,2.964,
E49_0_641,,,0.641,
E41_0_801,,0.801,,
E134_0_961,,,0.961,
E33_0_16,,,0.16,
E132_5_847,,5.847,,
E24_4_566,,,4.566,
E47_7_369,,,7.369,
E38_1_682,,,,1.682
E129_6_728,,,6.728,
E7_6_969,,,,6.969
E114_7_369,7.369,,,
E55_5_847,,,5.847,
E83_6_969,,,6.969,
E104_3_524,,,3.524,
E146_6_488,6.488,,,
E62_4_486,,,,4.486
E53_7_61,7.61,,,
E75_1_682,,,1.682,
E13_2_083,2.083,,,
E110_2_403,,,2.403,
E41_6_728,,6.728,,
E61_5_847,,5.847,,
E13_2_323,2.323,,,
E21_7_77,7.77,,,
E17_1_202,1.202,,,
E61_5_367,,5.367,,
E98_5_367,,,5.367,
E141_6_648,6.648,,,
E30_4_806,,,4.806,
E44_3_124,,,3.124,
E31_6_488,,,6.488,
E110_5_767,,,5.767,
E140_2_323,,,2.323,
E95_0_16,0.16,,,
E85_5_126,,,5.126,
E90_1_842,,,1.842,
E107_1_682,,,1.682,
E140_0_08,,,0.08,
E107_7_289,,,7.289,
E92_2_323,,,2.323,
E80_5_687,,5.687,,
E79_1_202,,,,1.202
E86_2_163,,,2.163,
E19_2_483,,,2.483,
E95_6_408,6.408,,,
E47_7_61,,,7.61,
E8_1_842,,,1.842,
E99_7_049,,,7.049,
E1_4_486,,,4.486,
E138_1_362,,,1.362,
E30_5_927,,,5.927,
E26_1_922,,,,1.922
E16_3_444,3.444,,,
E119_4_886,,4.886,,
E14_4_325,,4.325,,
E50_6_328,,,6.328,
E38_0_32,,,,0.32
E47_7_049,,,7.049,
E7_2_243,,,,2.243
E105_5_767,,,5.767,
E86_0_961,,,0.961,
E117_3_124,3.124,,,
E61_4_406,,4.406,,
E35_3_444,,,,3.444
E136_5_527,5.527,,,
E72_5_607,,,5.607,
E65_4_085,,,,4.085
E89_6_648,,,6.648,
E123_0_801,,,0.801,
E119_6_008,,6.008,,
E98_0_881,,,0.881,
E82_7_449,,7.449,,
E6_5_367,5.367,,,
E112_0_24,,,0.24,
E57_2_083,2.083,,,
E127_0_32,,,0.32,
E49_4_406,,,4.406,
E90_6_168,,,6.168,
E48_4_245,,,4.245,
E10_5_527,,,5.527,
E31_7_209,,,7.209,
E53_5_527,5.527,,,
E122_1_842,1.842,,,
E121_6_408,,6.408,,
E113_5_126,,,5.126,
E17_0_641,0.641,,,
E123_4_566,,,4.566,
E85_6_889,,,6.889,
E121_5_687,,5.687,,
E44_2_083,,,2.083,
E27_1_762,,,1.762,
E122_3_765,3.765,,,
E93_2_643,2.643,,,
E55_1_522,,,1.522,
E121_4_806,,4.806,,
E23_5_527,,,5.527,
E93_4_245,4.245,,,
E129_0_16,,,0.16,
E32_6_008,,6.008,,
E22_7_61,7.61,,,
E32_2_323,,2.323,,
E119_3_124,,3.124,,
E11_3_044,,,3.044,
E145_0_0,,,0.0,
E132_7_449,,7.449,,
E112_0_881,,,0.881,
E136_4_646,4.646,,,
E10_7_85,,,7.85,
E123_3_204,,,3.204,
E108_4_566,4.566,,,
E57_4_726,4.726,,,
E48_0_961,,,0.961,
E107_2_563,,,2.563,
E58_6_328,6.328,,,
E139_3_364,3.364,,,
E38_6_648,,,,6.648
E90_4_726,,,4.726,
E57_5_767,5.767,,,
E96_0_481,0.481,,,
E122_2_323,2.323,,,
E58_0_641,0.641,,,
E140_7_129,,,7.129,
E96_1_442,1.442,,,
E11_5_927,,,5.927,
E78_1_202,,,1.202,
E38_0_641,,,,0.641
E145_2_804,,,2.804,
E122_7_77,7.77,,,
E4_4_325,,,4.325,
E140_7_049,,,7.049,
E77_4_406,,,4.406,
E136_1_682,1.682,,,
E99_4_325,,,4.325,
E49_1_202,,,1.202,
E127_7_209,,,7.209,
E117_7_85,7.85,,,
E105_7_93,,,7.93,
E19_0_16,,,0.16,
E25_6_728,6.728,,,
E81_6_889,6.889,,,
E85_5_927,,,5.927,
E16_6_488,6.488,,,
E58_4_085,4.085,,,
E20_6_488,6.488,,,
E17_0_32,0.32,,,
E144_7_93,,,7.93,
E136_0_481,0.481,,,
E113_5_607,,,5.607,
E139_2_083,2.083,,,
E126_3_444,,,3.444,
E91_0_32,,,0.32,
E25_6_168,6.168,,,
E68_6_889,,6.889,,
E60_5_367,,,5.367,
E88_6_248,,6.248,,
E144_0_961,,,0.961,
E23_0_24,,,0.24,
E37_0_801,,,0.801,
E35_1_842,,,,1.842
E114_2_483,2.483,,,
E141_6_168,6.168,,,
E19_3_605,,,3.605,
E46_1_442,,,1.442,
E124_6_809,6.809,,,
E89_6_248,,,6.248,
E104_1_602,,,1.602,
E29_5_207,5.207,,,
E33_7_529,,,7.529,
E30_7_85,,,7.85,
E53_7_129,7.129,,,
E21_2_804,2.804,,,
E75_0_24,,,0.24,
E146_7_129,7.129,,,
E21_7_93,7.93,,,
E22_3_364,3.364,,,
E120_0_16,,,0.16,
E123_2_483,,,2.483,
E8_4_085,,,4.085,
E37_1_682,,,1.682,
E90_6_408,,,6.408,
E71_7_369,7.369,,,
E32_4_966,,4.966,,
E124_5_046,5.046,,,
E68_7_449,,7.449,,
E136_0_961,0.961,,,
E18_6_568,6.568,,,
E68_5_126,,5.126,,
E66_0_0,,,0.0,
E102_3_925,,3.925,,
E34_3_124,,,3.124,
E45_4_646,,,,4.646
E20_3_605,3.605,,,
E113_6_488,,,6.488,
E141_7_93,7.93,,,
E61_4_005,,4.005,,
E65_5_046,,,,5.046
E123_4_806,,,4.806,
E129_6_328,,,6.328,
E50_7_93,,,7.93,
E25_3_124,3.124,,,
E66_3_124,,,3.124,
E71_5_767,5.767,,,
E108_4_325,4.325,,,
E140_3_284,,,3.284,
E123_5_687,,,5.687,
E61_6_328,,6.328,,
E33_2_003,,,2.003,
E119_4_646,,4.646,,
E99_4_165,,,4.165,
E8_7_449,,,7.449,
E34_6_728,,,6.728,
E82_2_563,,2.563,,
E96_5_927,5.927,,,
E134_7_209,,,7.209,
E53_5_767,5.767,,,
E37_6_969,,,6.969,
E140_1_121,,,1.121,
E61_1_041,,1.041,,
E140_3_765,,,3.765,
E141_0_24,0.24,,,
E31_6_648,,,6.648,
E55_0_961,,,0.961,
E11_0_721,,,0.721,
E86_7_61,,,7.61,
E105_5_447,,,5.447,
E41_0_641,,0.641,,
E62_7_289,,,,7.289
E14_5_847,,5.847,,
E99_5_607,,,5.607,
E120_0_961,,,0.961,
E27_4_566,,,4.566,
E81_4_245,4.245,,,
E132_4_085,,4.085,,
E6_0_32,0.32,,,
E4_7_289,,,7.289,
E11_1_282,,,1.282,
E61_5_126,,5.126,,
E31_4_566,,,4.566,
E132_7_369,,7.369,,
E22_3_845,3.845,,,
E8_4_406,,,4.406,
E2_6_568,,,,6.568
E110_0_24,,,0.24,
E26_0_801,,,,0.801
E136_5_046,5.046,,,
E14_6_088,,6.088,,
E115_5_447,5.447,,,
E26_6_328,,,,6.328
E79_6_568,,,,6.568
E133_7_77,7.77,,,
E75_6_969,,,6.969,
E8_2_323,,,2.323,
E47_6_809,,,6.809,
E86_4_726,,,4.726,
E75_2_804,,,2.804,
E37_0_961,,,0.961,
E38_4_726,,,,4.726
E17_1_602,1.602,,,
E140_0_561,,,0.561,
E119_6_648,,6.648,,
E28_1_362,,,1.362,
E123_2_243,,,2.243,
E74_2_884,2.884,,,
E104_5_927,,,5.927,
E10_1_362,,,1.362,
E49_5_046,,,5.046,
E106_2_643,2.643,,,
E8_3_284,,,3.284,
E89_6_969,,,6.969,
E20_0_961,0.961,,,
E86_0_32,,,0.32,
E33_5_287,,,5.287,
E105_0_721,,,0.721,
E8_4_646,,,4.646,
E85_2_323,,,2.323,
E71_5_207,5.207,,,
E85_7_129,,,7.129,
E17_2_163,2.163,,,
E44_4_406,,,4.406,
E58_2_643,2.643,,,
E3_5_367,,,5.367,
E72_2_884,,,2.884,
E138_4_806,,,4.806,
E91_3_444,,,3.444,
E7_0_0,,,,0.0
E44_5_367,,,5.367,
E120_0_721,,,0.721,
E106_4_486,4.486,,,
E115_4_646,4.646,,,
E16_4_806,4.806,,,
E132_0_881,,0.881,,
E19_3_845,,,3.845,
E19_1_041,,,1.041,
E65_3_444,,,,3.444
E46_6_488,,,6.488,
E11_5_207,,,5.207,
E102_7_129,,7.129,,
E37_6_809,,,6.809,
E75_3_364,,,3.364,
E65_3_925,,,,3.925
E19_1_762,,,1.762,
E122_6_568,6.568,,,
E45_2_723,,,,2.723
E122_7_85,7.85,,,
E49_0_721,,,0.721,
E32_3_124,,3.124,,
E99_4_966,,,4.966,
E47_4_406,,,4.406,
E79_6_008,,,,6.008
E7_7_529,,,,7.529
E102_5_367,,5.367,,
E31_2_163,,,2.163,
E86_2_643,,,2.643,
E27_4_806,,,4.806,
E130_7_61,7.61,,,
E91_7_69,,,7.69,
E41_4_806,,4.806,,
E31_1_202,,,1.202,
E29_7_93,7.93,,,
E58_0_0,0.0,,,
E48_1_522,,,1.522,
E148_2_003,,,2.003,
E84_1_282,,,,1.282
E108_1_362,1.362,,,
E68_1_442,,1.442,,
E124_2_083,2.083,,,
E34_0_881,,,0.881,
E140_3_204,,,3.204,
E31_5_767,,,5.767,
E146_1_202,1.202,,,
E144_5_607,,,5.607,
E127_3_044,,,3.044,
E50_1_442,,,1.442,
E83_4_966,,,4.966,
E1_1_922,,,1.922,
E141_2_723,2.723,,,
E13_3_044,3.044,,,
E7_3_765,,,,3.765
E4_4_165,,,4.165,
E49_5_527,,,5.527,
E73_5_607,,,5.607,
E77_4_646,,,4.646,
E60_7_049,,,7.049,
E124_4_165,4.165,,,
E37_1_602,,,1.602,
E18_6_648,6.648,,,
E38_5_287,,,,5.287
E136_6_809,6.809,,,
E29_6_168,6.168,,,
E23_2_163,,,2.163,
E102_2_563,,2.563,,
E105_3_284,,,3.284,
E93_3_044,3.044,,,
E55_2_243,,,2.243,
E127_1_442,,,1.442,
E85_6_248,,,6.248,
E105_1_682,,,1.682,
E19_0_32,,,0.32,
E77_5_287,,,5.287,
E53_6_088,6.088,,,
E22_2_884,2.884,,,
E30_0_32,,,0.32,
E114_1_522,1.522,,,
E134_6_328,,,6.328,
E14_2_323,,2.323,,
E6_4_806,4.806,,,
E50_4_165,,,4.165,
E139_2_884,2.884,,,
E136_1_202,1.202,,,
E75_4_245,,,4.245,
E6_2_884,2.884,,,
E106_4_646,4.646,,,
E1_1_602,,,1.602,
E29_6_809,6.809,,,
E61_1_762,,1.762,,
E38_1_041,,,,1.041
E117_5_367,5.367,,,
E11_1_442,,,1.442,
E121_6_728,,6.728,,
E1_2_563,,,2.563,
E85_1_522,,,1.522,
E62_7_85,,,,7.85
E92_4_325,,,4.325,
E58_4_165,4.165,,,
E88_1_762,,1.762,,
E94_0_801,,,0.801,
E71_5_527,5.527,,,
E90_4_806,,,4.806,
E23_6_889,,,6.889,
E107_2_163,,,2.163,
E73_1_682,,,1.682,
E65_2_083,,,,2.083
E31_2_964,,,2.964,
E98_2_483,,,2.483,
E86_4_165,,,4.165,
E88_7_209,,7.209,,
E112_6_088,,,6.088,
E60_3_685,,,3.685,
E130_4_726,4.726,,,
E140_3_124,,,3.124,
E84_3_444,,,,3.444
E119_6_728,,6.728,,
E102_4_806,,4.806,,
E124_7_77,7.77,,,
E105_3_605,,,3.605,
E94_4_886,,,4.886,
E74_0_32,0.32,,,
E144_6_728,,,6.728,
E140_5_046,,,5.046,
E45_4_245,,,,4.245
E134_4_085,,,4.085,
E108_7_529,7.529,,,
E28_2_163,,,2.163,
E46_0_08,,,0.08,
E112_3_204,,,3.204,
E17_7_93,7.93,,,
E105_4_486,,,4.486,
E89_5_287,,,5.287,
E38_6_889,,,,6.889
E53_0_16,0.16,,,
E10_3_925,,,3.925,
E81_3_765,3.765,,,
E122_3_925,3.925,,,
E47_6_168,,,6.168,
E46_3_204,,,3.204,
E24_7_369,,,7.369,
E30_3_044,,,3.044,
E18_6_408,6.408,,,
E11_4_486,,,4.486,
E74_4_966,4.966,,,
E65_1_041,,,,1.041
E27_2_403,,,2.403,
E10_6_568,,,6.568,
E19_0_961,,,0.961,
E65_2_163,,,,2.163
E14_0_32,,0.32,,
E17_4_806,4.806,,,
E2_5_287,,,,5.287
E57_4_085,4.085,,,
E41_7_69,,7.69,,
E50_1_041,,,1.041,
E55_6_168,,,6.168,
E91_7_529,,,7.529,
E72_0_0,,,0.0,
E38_6_568,,,,6.568
E2_0_16,,,,0.16
E58_5_847,5.847,,,
E22_2_083,2.083,,,
E146_5_527,5.527,,,
E117_6_408,6.408,,,
E141_5_046,5.046,,,
E146_4_406,4.406,,,
E23_1_121,,,1.121,
E99_2_163,,,2.163,
E57_4_966,4.966,,,
E44_7_129,,,7.129,
E80_2_163,,2.163,,
E71_5_447,5.447,,,
E19_5_527,,,5.527,
E71_3_845,3.845,,,
E132_2_804,,2.804,,
E127_2_563,,,2.563,
E71_2_723,2.723,,,
E38_3_364,,,,3.364
E65_2_643,,,,2.643
E60_6_488,,,6.488,
E105_5_367,,,5.367,
E145_6_568,,,6.568,
E34_5_687,,,5.687,
E49_6_408,,,6.408,
E148_1_041,,,1.041,
E10_1_041,,,1.041,
E107_2_243,,,2.243,
E84_5_687,,,,5.687
E89_7_69,,,7.69,
E126_4_806,,,4.806,
E35_7_61,,,,7.61
E95_0_401,0.401,,,
E95_4_566,4.566,,,
E139_2_003,2.003,,,
E41_3_124,,3.124,,
E30_6_488,,,6.488,
E53_0_561,0.561,,,
E98_1_922,,,1.922,
E81_3_444,3.444,,,
E78_2_884,,,2.884,
E95_1_041,1.041,,,
E58_1_682,1.682,,,
E117_0_561,0.561,,,
E77_7_69,,,7.69,
E114_1_762,1.762,,,
E58_3_925,3.925,,,
E146_4_245,4.245,,,
E80_0_801,,0.801,,
E140_2_403,,,2.403,
E94_7_77,,,7.77,
E2_2_964,,,,2.964
E123_6_008,,,6.008,
E107_2_403,,,2.403,
E60_7_61,,,7.61,
E148_6_488,,,6.488,
E119_1_442,,1.442,,
E3_0_0,,,0.0,
E33_5_767,,,5.767,
E90_4_886,,,4.886,
E30_5_447,,,5.447,
E60_4_165,,,4.165,
E134_2_964,,,2.964,
E28_5_607,,,5.607,
E121_5_767,,5.767,,
E137_2_723,,,2.723,
E124_2_643,2.643,,,
E140_2_483,,,2.483,
E115_1_922,1.922,,,
E122_7_289,7.289,,,
E113_1_362,,,1.362,
E35_4_886,,,,4.886
E19_5_767,,,5.767,
E31_0_881,,,0.881,
E91_1_202,,,1.202,
E85_4_726,,,4.726,
E60_4_486,,,4.486,
E7_5_447,,,,5.447
E4_5_367,,,5.367,
E14_3_845,,3.845,,
E98_5_046,,,5.046,
E22_1_041,1.041,,,
E3_6_969,,,6.969,
E47_2_083,,,2.083,
E99_2_403,,,2.403,
E134_4_566,,,4.566,
E92_5_607,,,5.607,
E57_2_323,2.323,,,
E66_6_889,,,6.889,
E136_0_16,0.16,,,
E88_6_168,,6.168,,
E130_5_847,5.847,,,
E4_2_403,,,2.403,
E74_2_083,2.083,,,
E16_3_284,3.284,,,
E1_6_088,,,6.088,
E78_7_77,,,7.77,
E90_6_889,,,6.889,
E137_3_685,,,3.685,
E57_0_481,0.481,,,
E130_0_32,0.32,,,
E126_2_804,,,2.804,
E17_6_728,6.728,,,
E35_2_243,,,,2.243
E81_7_129,7.129,,,
E88_1_362,,1.362,,
E3_1_922,,,1.922,
E107_5_767,,,5.767,
E122_0_641,0.641,,,
E144_6_328,,,6.328,
E61_2_323,,2.323,,
E98_1_202,,,1.202,
E80_1_121,,1.121,,
E11_0_481,,,0.481,
E46_2_243,,,2.243,
E30_1_762,,,1.762,
E29_2_643,2.643,,,
E8_6_809,,,6.809,
E93_0_561,0.561,,,
E16_1_922,1.922,,,
E129_1_842,,,1.842,
E119_1_121,,1.121,,
E124_4_966,4.966,,,
E55_4_566,,,4.566,
E84_2_884,,,,2.884
E60_3_444,,,3.444,
E130_0_561,0.561,,,
E35_3_124,,,,3.124
E17_4_566,4.566,,,
E94_0_481,,,0.481,
E4_4_886,,,4.886,
E88_5_527,,5.527,,
E107_4_566,,,4.566,
E90_4_966,,,4.966,
E126_4_886,,,4.886,
E145_5_447,,,5.447,
E23_1_842,,,1.842,
E32_6_568,,6.568,,
E68_6_408,,6.408,,
E138_3_444,,,3.444,
E107_1_842,,,1.842,
E68_2_563,,2.563,,
E68_2_723,,2.723,,
E57_4_486,4.486,,,
E134_6_568,,,6.568,
E80_0_401,,0.401,,
E32_1_522,,1.522,,
E120_6_809,,,6.809,
E8_1_762,,,1.762,
E11_2_563,,,2.563,
E47_4_566,,,4.566,
E29_3_925,3.925,,,
E77_0_801,,,0.801,
E139_5_927,5.927,,,
E35_3_685,,,,3.685
E55_7_129,,,7.129,
E73_6_809,,,6.809,
E117_1_121,1.121,,,
E72_5_847,,,5.847,
E37_4_245,,,4.245,
E32_5_447,,5.447,,
E30_2_884,,,2.884,
E47_4_486,,,4.486,
E129_7_129,,,7.129,
E33_6_408,,,6.408,
E31_7_129,,,7.129,
E61_5_927,,5.927,,
E80_3_765,,3.765,,
E113_7_369,,,7.369,
E55_4_005,,,4.005,
E110_2_163,,,2.163,
E41_1_842,,1.842,,
E146_7_369,7.369,,,
E84_1_362,,,,1.362
E92_6_488,,,6.488,
E124_1_121,1.121,,,
E96_4_886,4.886,,,
E75_3_605,,,3.605,
E95_6_969,6.969,,,
E55_0_561,,,0.561,
E90_1_121,,,1.121,
E129_4_245,,,4.245,
E133_3_605,3.605,,,
E92_6_889,,,6.889,
E2_1_282,,,,1.282
E13_5_367,5.367,,,
E91_0_481,,,0.481,
E55_7_85,,,7.85,
E89_7_449,,,7.449,
E19_6_008,,,6.008,
E50_5_527,,,5.527,
E11_7_93,,,7.93,
E114_6_568,6.568,,,
E129_6_648,,,6.648,
E89_7_129,,,7.129,
E105_7_85,,,7.85,
E1_7_69,,,7.69,
E31_0_24,,,0.24,
E120_7_85,,,7.85,
E144_1_282,,,1.282,
E45_3_204,,,,3.204
E37_2_964,,,2.964,
E44_0_961,,,0.961,
E144_2_964,,,2.964,
E140_3_364,,,3.364,
E78_2_964,,,2.964,
E96_7_93,7.93,,,
E141_4_886,4.886,,,
E26_0_561,,,,0.561
E18_7_529,7.529,,,
E77_0_32,,,0.32,
E121_2_403,,2.403,,
E23_0_0,,,0.0,
E29_4_486,4.486,,,
E1_4_085,,,4.085,
E37_6_088,,,6.088,
E35_5_607,,,,5.607
E92_2_483,,,2.483,
E60_0_721,,,0.721,
E48_3_364,,,3.364,
E107_6_248,,,6.248,
E8_7_129,,,7.129,
E82_6_568,,6.568,,
E55_1_362,,,1.362,
E146_6_969,6.969,,,
E120_6_088,,,6.088,
E26_2_964,,,,2.964
E106_4_566,4.566,,,
E106_3_204,3.204,,,
E137_5_126,,,5.126,
E106_7_049,7.049,,,
E14_2_643,,2.643,,
E104_4_085,,,4.085,
E134_4_245,,,4.245,
E136_1_602,1.602,,,
E139_3_765,3.765,,,
E144_0_801,,,0.801,
E105_0_641,,,0.641,
E123_3_124,,,3.124,
E55_6_889,,,6.889,
E104_5_287,,,5.287,
E6_5_207,5.207,,,
E65_7_369,,,,7.369
E139_0_961,0.961,,,
E27_4_085,,,4.085,
E138_1_041,,,1.041,
E133_0_32,0.32,,,
E94_6_008,,,6.008,
E108_2_643,2.643,,,
E27_0_801,,,0.801,
E90_6_008,,,6.008,
E136_1_121,1.121,,,
E96_1_922,1.922,,,
E6_0_881,0.881,,,
E2_1_922,,,,1.922
E127_4_646,,,4.646,
E66_7_85,,,7.85,
E74_4_245,4.245,,,
E140_2_723,,,2.723,
E33_0_641,,,0.641,
E14_2_804,,2.804,,
E44_3_204,,,3.204,
E113_0_881,,,0.881,
E18_7_69,7.69,,,
E16_7_85,7.85,,,
E62_7_61,,,,7.61
E77_3_124,,,3.124,
E38_2_804,,,,2.804
E6_2_483,2.483,,,
E16_6_568,6.568,,,
E112_4_325,,,4.325,
E81_6_328,6.328,,,
E30_2_163,,,2.163,
E41_4_165,,4.165,,
E110_0_32,,,0.32,
E78_6_809,,,6.809,
E119_7_85,,7.85,,
E47_5_287,,,5.287,
E88_2_483,,2.483,,
E117_4_566,4.566,,,
E108_6_568,6.568,,,
E35_3_845,,,,3.845
E85_5_367,,,5.367,
E60_0_401,,,0.401,
E113_0_16,,,0.16,
E8_2_483,,,2.483,
E102_2_243,,2.243,,
E129_7_529,,,7.529,
E85_3_124,,,3.124,
E82_4_085,,4.085,,
E82_2_804,,2.804,,
E91_2_323,,,2.323,
E57_5_046,5.046,,,
E91_7_289,,,7.289,
E65_4_406,,,,4.406
E6_6_488,6.488,,,
E74_1_762,1.762,,,
E105_0_481,,,0.481,
E79_1_041,,,,1.041
E29_1_202,1.202,,,
E126_7_85,,,7.85,
E28_0_881,,,0.881,
E20_2_403,2.403,,,
E132_2_723,,2.723,,
E20_4_486,4.486,,,
E35_6_728,,,,6.728
E74_0_24,0.24,,,
E95_3_605,3.605,,,
E99_0_481,,,0.481,
E29_2_403,2.403,,,
E48_6_088,,,6.088,
E14_7_209,,7.209,,
E8_1_522,,,1.522,
E134_0_801,,,0.801,
E139_5_847,5.847,,,
E93_7_77,7.77,,,
E93_2_483,2.483,,,
E107_6_728,,,6.728,
E47_2_723,,,2.723,
E37_6_889,,,6.889,
E32_6_969,,6.969,,
E17_2_083,2.083,,,
E78_4_406,,,4.406,
E86_0_641,,,0.641,
E22_0_24,0.24,,,
E2_6_728,,,,6.728
E73_5_367,,,5.367,
E89_3_524,,,3.524,
E98_0_801,,,0.801,
E53_1_922,1.922,,,
E60_5_046,,,5.046,
E47_3_524,,,3.524,
E148_0_801,,,0.801,
E26_4_966,,,,4.966
E61_2_723,,2.723,,
E89_2_884,,,2.884,
E75_0_481,,,0.481,
E136_0_24,0.24,,,
E136_2_163,2.163,,,
E99_7_369,,,7.369,
E72_6_408,,,6.408,
E81_3_284,3.284,,,
E2_6_008,,,,6.008
E24_1_842,,,1.842,
E6_7_85,7.85,,,
E65_2_483,,,,2.483
E60_7_85,,,7.85,
E27_7_369,,,7.369,
E81_6_809,6.809,,,
E72_3_124,,,3.124,
E19_3_124,,,3.124,
E62_0_24,,,,0.24
E71_0_24,0.24,,,
E14_1_121,,1.121,,
E136_6_568,6.568,,,
E140_4_566,,,4.566,
E37_4_005,,,4.005,
E18_1_522,1.522,,,
E44_4_325,,,4.325,
E27_3_765,,,3.765,
E86_4_886,,,4.886,
E144_0_08,,,0.08,
E88_0_801,,0.801,,
E55_6_328,,,6.328,
E23_3_685,,,3.685,
E6_2_643,2.643,,,
E30_0_08,,,0.08,
E66_0_801,,,0.801,
E74_0_561,0.561,,,
E144_4_165,,,4.165,
E2_2_483,,,,2.483
E129_3_605,,,3.605,
E31_1_682,,,1.682,
E13_6_088,6.088,,,
E132_3_284,,3.284,,
E124_4_806,4.806,,,
E2_3_364,,,,3.364
E71_5_687,5.687,,,
E26_4_406,,,,4.406
E16_0_401,0.401,,,
E148_2_723,,,2.723,
E16_5_527,5.527,,,
E73_4_806,,,4.806,
E79_4_726,,,,4.726
E108_3_605,3.605,,,
E23_4_966,,,4.966,
E92_0_401,,,0.401,
E122_2_483,2.483,,,
E33_2_243,,,2.243,
E1_7_529,,,7.529,
E141_6_248,6.248,,,
E19_4_085,,,4.085,
E90_7_85,,,7.85,
E49_0_08,,,0.08,
E21_1_362,1.362,,,
E46_1_202,,,1.202,
E24_0_641,,,0.641,
E32_4_566,,4.566,,
E20_0_32,0.32,,,
E113_7_449,,,7.449,
E29_1_362,1.362,,,
E14_3_444,,3.444,,
E57_0_721,0.721,,,
E17_6_809,6.809,,,
E34_7_93,,,7.93,
E129_2_563,,,2.563,
E41_4_486,,4.486,,
E57_1_682,1.682,,,
E53_1_682,1.682,,,
E94_5_687,,,5.687,
E82_0_881,,0.881,,
E32_7_209,,7.209,,
E110_3_284,,,3.284,
E4_2_643,,,2.643,
E122_3_524,3.524,,,
E53_6_889,6.889,,,
E50_5_767,,,5.767,
E83_4_165,,,4.165,
E95_5_527,5.527,,,
E115_6_248,6.248,,,
E127_2_804,,,2.804,
E6_3_284,3.284,,,
E120_7_129,,,7.129,
E126_7_449,,,7.449,
E49_7_289,,,7.289,
E79_6_809,,,,6.809
E50_2_723,,,2.723,
E46_1_922,,,1.922,
E46_6_248,,,6.248,
E33_6_969,,,6.969,
E145_4_966,,,4.966,
E133_7_129,7.129,,,
E110_2_884,,,2.884,
E26_1_362,,,,1.362
E114_1_842,1.842,,,
E49_6_488,,,6.488,
E20_1_041,1.041,,,
E102_3_845,,3.845,,
E148_1_602,,,1.602,
E2_0_401,,,,0.401
E89_2_163,,,2.163,
E2_5_367,,,,5.367
E112_2_804,,,2.804,
E21_7_61,7.61,,,
E82_0_16,,0.16,,
E61_7_289,,7.289,,
E129_4_085,,,4.085,
E80_4_566,,4.566,,
E10_2_083,,,2.083,
E110_0_721,,,0.721,
E106_6_248,6.248,,,
E96_0_881,0.881,,,
E82_1_522,,1.522,,
E71_4_726,4.726,,,
E78_5_527,,,5.527,
E84_2_723,,,,2.723
E94_1_442,,,1.442,
E14_6_969,,6.969,,
E29_6_008,6.008,,,
E19_6_728,,,6.728,
E94_5_927,,,5.927,
E119_2_483,,2.483,,
E73_5_207,,,5.207,
E96_6_969,6.969,,,
E18_1_682,1.682,,,
E89_5_207,,,5.207,
E32_1_682,,1.682,,
E94_3_284,,,3.284,
E44_0_24,,,0.24,
E17_2_403,2.403,,,
E48_5_527,,,5.527,
E90_1_762,,,1.762,
E83_7_61,,,7.61,
E113_3_605,,,3.605,
E38_1_442,,,,1.442
E49_2_483,,,2.483,
E34_3_685,,,3.685,
E86_0_08,,,0.08,
E88_7_77,,7.77,,
E114_4_245,4.245,,,
E140_5_927,,,5.927,
E75_5_527,,,5.527,
E106_0_961,0.961,,,
E112_1_041,,,1.041,
E27_1_282,,,1.282,
E92_4_085,,,4.085,
E33_7_77,,,7.77,
E38_0_0,,,,0.0
E110_5_607,,,5.607,
E37_4_165,,,4.165,
E46_3_524,,,3.524,
E112_6_488,,,6.488,
E85_1_922,,,1.922,
E46_2_323,,,2.323,
E127_6_328,,,6.328,
E132_7_529,,7.529,,
E11_6_889,,,6.889,
E41_5_927,,5.927,,
E27_5_287,,,5.287,
E57_5_447,5.447,,,
E62_2_643,,,,2.643
E137_3_605,,,3.605,
E14_1_842,,1.842,,
E82_6_728,,6.728,,
E104_5_207,,,5.207,
E28_7_449,,,7.449,
E141_0_641,0.641,,,
E57_6_088,6.088,,,
E132_5_527,,5.527,,
E124_0_32,0.32,,,
E134_6_969,,,6.969,
E25_7_289,7.289,,,
E120_7_69,,,7.69,
E38_4_886,,,,4.886
E95_0_561,0.561,,,
E38_1_762,,,,1.762
E112_1_202,,,1.202,
E58_6_088,6.088,,,
E86_6_488,,,6.488,
E94_2_804,,,2.804,
E53_6_168,6.168,,,
E139_7_61,7.61,,,
E80_4_886,,4.886,,
E41_7_449,,7.449,,
E90_0_801,,,0.801,
E22_0_961,0.961,,,
E6_6_728,6.728,,,
E25_2_483,2.483,,,
E132_5_126,,5.126,,
E144_1_762,,,1.762,
E110_7_369,,,7.369,
E89_0_961,,,0.961,
E134_0_08,,,0.08,
E24_3_845,,,3.845,
E25_2_884,2.884,,,
E117_2_643,2.643,,,
E74_6_328,6.328,,,
E6_0_401,0.401,,,
E78_7_449,,,7.449,
E144_6_248,,,6.248,
E127_6_648,,,6.648,
E146_7_289,7.289,,,
E27_1_842,,,1.842,
E102_1_442,,1.442,,
E18_0_561,0.561,,,
E30_3_284,,,3.284,
E22_5_607,5.607,,,
E13_1_762,1.762,,,
E60_1_522,,,1.522,
E107_2_483,,,2.483,
E134_4_005,,,4.005,
E139_7_369,7.369,,,
E106_0_881,0.881,,,
E117_4_325,4.325,,,
E136_4_406,4.406,,,
E122_4_646,4.646,,,
E91_0_881,,,0.881,
E129_7_77,,,7.77,
E49_2_723,,,2.723,
E31_5_046,,,5.046,
E75_3_044,,,3.044,
E68_2_083,,2.083,,
E45_6_728,,,,6.728
E133_6_248,6.248,,,
E27_6_328,,,6.328,
E53_0_08,0.08,,,
E144_1_842,,,1.842,
E126_5_847,,,5.847,
E17_0_481,0.481,,,
E140_7_61,,,7.61,
E117_6_248,6.248,,,
E41_2_483,,2.483,,
E71_6_088,6.088,,,
E81_0_721,0.721,,,
E113_7_85,,,7.85,
E93_3_685,3.685,,,
E132_7_289,,7.289,,
E3_0_08,,,0.08,
E146_5_767,5.767,,,
E120_3_044,,,3.044,
E106_7_209,7.209,,,
E145_0_32,,,0.32,
E13_4_325,4.325,,,
E130_4_085,4.085,,,
E17_5_527,5.527,,,
E106_1_442,1.442,,,
E7_2_964,,,,2.964
E99_5_287,,,5.287,
E121_3_044,,3.044,,
E86_7_85,,,7.85,
E145_4_005,,,4.005,
E55_7_529,,,7.529,
E77_2_723,,,2.723,
E122_2_964,2.964,,,
E8_6_008,,,6.008,
E68_3_364,,3.364,,
E82_1_041,,1.041,,
E93_6_168,6.168,,,
E79_7_289,,,,7.289
E28_5_927,,,5.927,
E46_5_046,,,5.046,
E85_5_046,,,5.046,
E2_3_284,,,,3.284
E140_3_925,,,3.925,
E84_1_202,,,,1.202
E37_3_845,,,3.845,
E94_7_129,,,7.129,
E46_2_884,,,2.884,
E98_0_721,,,0.721,
E10_7_289,,,7.289,
E17_4_165,4.165,,,
E6_4_005,4.005,,,
