,PseudoTime,Time,Experiment
E0_0_0,0.0,0.0,0
E0_0_2,0.02038735983690112,0.2,0
E0_0_4,0.04077471967380224,0.4,0
E0_0_601,0.06126401630988786,0.601,0
E0_0_801,0.081651376146789,0.8009999999999999,0
E0_1_001,0.1020387359836901,1.001,0
E0_1_201,0.12242609582059125,1.2009999999999998,0
E0_1_401,0.14281345565749234,1.401,0
E0_1_602,0.163302752293578,1.6019999999999999,0
E0_1_802,0.1836901121304791,1.8019999999999998,0
E0_2_002,0.2040774719673802,2.002,0
E0_2_202,0.2244648318042813,2.202,0
E0_2_402,0.2448521916411825,2.4019999999999997,0
E0_2_603,0.2653414882772681,2.603,0
E0_2_803,0.2857288481141692,2.803,0
E0_3_003,0.3061162079510703,3.003,0
E0_3_203,0.3265035677879714,3.2030000000000003,0
E0_3_403,0.34689092762487256,3.403,0
E0_3_604,0.3673802242609582,3.6039999999999996,0
E0_3_804,0.3877675840978593,3.804,0
E0_4_004,0.4081549439347604,4.004,0
E0_4_204,0.4285423037716615,4.204,0
E0_4_404,0.4489296636085627,4.404,0
E0_4_605,0.4694189602446484,4.605,0
E0_4_805,0.4898063200815494,4.805,0
E0_5_005,0.5101936799184505,5.005,0
E0_5_205,0.5305810397553516,5.205,0
E0_5_405,0.5509683995922529,5.405,0
E0_5_606,0.5714576962283384,5.606,0
E0_5_806,0.5918450560652395,5.806,0
E0_6_006,0.6122324159021406,6.006,0
E0_6_206,0.6326197757390418,6.206,0
E0_6_406,0.6530071355759428,6.406000000000001,0
E0_6_607,0.6734964322120285,6.607,0
E0_6_807,0.6938837920489297,6.807,0
E0_7_007,0.7142711518858307,7.007000000000001,0
E0_7_207,0.7346585117227319,7.207000000000001,0
E0_7_407,0.7550458715596329,7.407,0
E0_7_608,0.7755351681957185,7.608,0
E0_7_808,0.7959225280326198,7.808,0
E0_8_008,0.8163098878695207,8.008,0
E0_8_208,0.8366972477064221,8.208,0
E0_8_408,0.857084607543323,8.408,0
E0_8_609,0.8775739041794087,8.609,0
E0_8_809,0.8979612640163098,8.809,0
E0_9_009,0.9183486238532109,9.009,0
E0_9_209,0.9387359836901121,9.209,0
E0_9_409,0.9591233435270132,9.408999999999999,0
E0_9_61,0.9796126401630988,9.61,0
E0_9_81,1.0,9.81,0
E1_0_0,0.0,0.0,1
E1_0_2,0.02038735983690112,0.2,1
E1_0_4,0.04077471967380224,0.4,1
E1_0_601,0.06126401630988786,0.601,1
E1_0_801,0.081651376146789,0.8009999999999999,1
E1_1_001,0.1020387359836901,1.001,1
E1_1_201,0.12242609582059125,1.2009999999999998,1
E1_1_401,0.14281345565749234,1.401,1
E1_1_602,0.163302752293578,1.6019999999999999,1
E1_1_802,0.1836901121304791,1.8019999999999998,1
E1_2_002,0.2040774719673802,2.002,1
E1_2_202,0.2244648318042813,2.202,1
E1_2_402,0.2448521916411825,2.4019999999999997,1
E1_2_603,0.2653414882772681,2.603,1
E1_2_803,0.2857288481141692,2.803,1
E1_3_003,0.3061162079510703,3.003,1
E1_3_203,0.3265035677879714,3.2030000000000003,1
E1_3_403,0.34689092762487256,3.403,1
E1_3_604,0.3673802242609582,3.6039999999999996,1
E1_3_804,0.3877675840978593,3.804,1
E1_4_004,0.4081549439347604,4.004,1
E1_4_204,0.4285423037716615,4.204,1
E1_4_404,0.4489296636085627,4.404,1
E1_4_605,0.4694189602446484,4.605,1
E1_4_805,0.4898063200815494,4.805,1
E1_5_005,0.5101936799184505,5.005,1
E1_5_205,0.5305810397553516,5.205,1
E1_5_405,0.5509683995922529,5.405,1
E1_5_606,0.5714576962283384,5.606,1
E1_5_806,0.5918450560652395,5.806,1
E1_6_006,0.6122324159021406,6.006,1
E1_6_206,0.6326197757390418,6.206,1
E1_6_406,0.6530071355759428,6.406000000000001,1
E1_6_607,0.6734964322120285,6.607,1
E1_6_807,0.6938837920489297,6.807,1
E1_7_007,0.7142711518858307,7.007000000000001,1
E1_7_207,0.7346585117227319,7.207000000000001,1
E1_7_407,0.7550458715596329,7.407,1
E1_7_608,0.7755351681957185,7.608,1
E1_7_808,0.7959225280326198,7.808,1
E1_8_008,0.8163098878695207,8.008,1
E1_8_208,0.8366972477064221,8.208,1
E1_8_408,0.857084607543323,8.408,1
E1_8_609,0.8775739041794087,8.609,1
E1_8_809,0.8979612640163098,8.809,1
E1_9_009,0.9183486238532109,9.009,1
E1_9_209,0.9387359836901121,9.209,1
E1_9_409,0.9591233435270132,9.408999999999999,1
E1_9_61,0.9796126401630988,9.61,1
E1_9_81,1.0,9.81,1
E2_0_0,0.0,0.0,2
E2_0_2,0.02038735983690112,0.2,2
E2_0_4,0.04077471967380224,0.4,2
E2_0_601,0.06126401630988786,0.601,2
E2_0_801,0.081651376146789,0.8009999999999999,2
E2_1_001,0.1020387359836901,1.001,2
E2_1_201,0.12242609582059125,1.2009999999999998,2
E2_1_401,0.14281345565749234,1.401,2
E2_1_602,0.163302752293578,1.6019999999999999,2
E2_1_802,0.1836901121304791,1.8019999999999998,2
E2_2_002,0.2040774719673802,2.002,2
E2_2_202,0.2244648318042813,2.202,2
E2_2_402,0.2448521916411825,2.4019999999999997,2
E2_2_603,0.2653414882772681,2.603,2
E2_2_803,0.2857288481141692,2.803,2
E2_3_003,0.3061162079510703,3.003,2
E2_3_203,0.3265035677879714,3.2030000000000003,2
E2_3_403,0.34689092762487256,3.403,2
E2_3_604,0.3673802242609582,3.6039999999999996,2
E2_3_804,0.3877675840978593,3.804,2
E2_4_004,0.4081549439347604,4.004,2
E2_4_204,0.4285423037716615,4.204,2
E2_4_404,0.4489296636085627,4.404,2
E2_4_605,0.4694189602446484,4.605,2
E2_4_805,0.4898063200815494,4.805,2
E2_5_005,0.5101936799184505,5.005,2
E2_5_205,0.5305810397553516,5.205,2
E2_5_405,0.5509683995922529,5.405,2
E2_5_606,0.5714576962283384,5.606,2
E2_5_806,0.5918450560652395,5.806,2
E2_6_006,0.6122324159021406,6.006,2
E2_6_206,0.6326197757390418,6.206,2
E2_6_406,0.6530071355759428,6.406000000000001,2
E2_6_607,0.6734964322120285,6.607,2
E2_6_807,0.6938837920489297,6.807,2
E2_7_007,0.7142711518858307,7.007000000000001,2
E2_7_207,0.7346585117227319,7.207000000000001,2
E2_7_407,0.7550458715596329,7.407,2
E2_7_608,0.7755351681957185,7.608,2
E2_7_808,0.7959225280326198,7.808,2
E2_8_008,0.8163098878695207,8.008,2
E2_8_208,0.8366972477064221,8.208,2
E2_8_408,0.857084607543323,8.408,2
E2_8_609,0.8775739041794087,8.609,2
E2_8_809,0.8979612640163098,8.809,2
E2_9_009,0.9183486238532109,9.009,2
E2_9_209,0.9387359836901121,9.209,2
E2_9_409,0.9591233435270132,9.408999999999999,2
E2_9_61,0.9796126401630988,9.61,2
E2_9_81,1.0,9.81,2
E3_0_0,0.0,0.0,3
E3_0_2,0.02038735983690112,0.2,3
E3_0_4,0.04077471967380224,0.4,3
E3_0_601,0.06126401630988786,0.601,3
E3_0_801,0.081651376146789,0.8009999999999999,3
E3_1_001,0.1020387359836901,1.001,3
E3_1_201,0.12242609582059125,1.2009999999999998,3
E3_1_401,0.14281345565749234,1.401,3
E3_1_602,0.163302752293578,1.6019999999999999,3
E3_1_802,0.1836901121304791,1.8019999999999998,3
E3_2_002,0.2040774719673802,2.002,3
E3_2_202,0.2244648318042813,2.202,3
E3_2_402,0.2448521916411825,2.4019999999999997,3
E3_2_603,0.2653414882772681,2.603,3
E3_2_803,0.2857288481141692,2.803,3
E3_3_003,0.3061162079510703,3.003,3
E3_3_203,0.3265035677879714,3.2030000000000003,3
E3_3_403,0.34689092762487256,3.403,3
E3_3_604,0.3673802242609582,3.6039999999999996,3
E3_3_804,0.3877675840978593,3.804,3
E3_4_004,0.4081549439347604,4.004,3
E3_4_204,0.4285423037716615,4.204,3
E3_4_404,0.4489296636085627,4.404,3
E3_4_605,0.4694189602446484,4.605,3
E3_4_805,0.4898063200815494,4.805,3
E3_5_005,0.5101936799184505,5.005,3
E3_5_205,0.5305810397553516,5.205,3
E3_5_405,0.5509683995922529,5.405,3
E3_5_606,0.5714576962283384,5.606,3
E3_5_806,0.5918450560652395,5.806,3
E3_6_006,0.6122324159021406,6.006,3
E3_6_206,0.6326197757390418,6.206,3
E3_6_406,0.6530071355759428,6.406000000000001,3
E3_6_607,0.6734964322120285,6.607,3
E3_6_807,0.6938837920489297,6.807,3
E3_7_007,0.7142711518858307,7.007000000000001,3
E3_7_207,0.7346585117227319,7.207000000000001,3
E3_7_407,0.7550458715596329,7.407,3
E3_7_608,0.7755351681957185,7.608,3
E3_7_808,0.7959225280326198,7.808,3
E3_8_008,0.8163098878695207,8.008,3
E3_8_208,0.8366972477064221,8.208,3
E3_8_408,0.857084607543323,8.408,3
E3_8_609,0.8775739041794087,8.609,3
E3_8_809,0.8979612640163098,8.809,3
E3_9_009,0.9183486238532109,9.009,3
E3_9_209,0.9387359836901121,9.209,3
E3_9_409,0.9591233435270132,9.408999999999999,3
E3_9_61,0.9796126401630988,9.61,3
E3_9_81,1.0,9.81,3
E4_0_0,0.0,0.0,4
E4_0_2,0.02038735983690112,0.2,4
E4_0_4,0.04077471967380224,0.4,4
E4_0_601,0.06126401630988786,0.601,4
E4_0_801,0.081651376146789,0.8009999999999999,4
E4_1_001,0.1020387359836901,1.001,4
E4_1_201,0.12242609582059125,1.2009999999999998,4
E4_1_401,0.14281345565749234,1.401,4
E4_1_602,0.163302752293578,1.6019999999999999,4
E4_1_802,0.1836901121304791,1.8019999999999998,4
E4_2_002,0.2040774719673802,2.002,4
E4_2_202,0.2244648318042813,2.202,4
E4_2_402,0.2448521916411825,2.4019999999999997,4
E4_2_603,0.2653414882772681,2.603,4
E4_2_803,0.2857288481141692,2.803,4
E4_3_003,0.3061162079510703,3.003,4
E4_3_203,0.3265035677879714,3.2030000000000003,4
E4_3_403,0.34689092762487256,3.403,4
E4_3_604,0.3673802242609582,3.6039999999999996,4
E4_3_804,0.3877675840978593,3.804,4
E4_4_004,0.4081549439347604,4.004,4
E4_4_204,0.4285423037716615,4.204,4
E4_4_404,0.4489296636085627,4.404,4
E4_4_605,0.4694189602446484,4.605,4
E4_4_805,0.4898063200815494,4.805,4
E4_5_005,0.5101936799184505,5.005,4
E4_5_205,0.5305810397553516,5.205,4
E4_5_405,0.5509683995922529,5.405,4
E4_5_606,0.5714576962283384,5.606,4
E4_5_806,0.5918450560652395,5.806,4
E4_6_006,0.6122324159021406,6.006,4
E4_6_206,0.6326197757390418,6.206,4
E4_6_406,0.6530071355759428,6.406000000000001,4
E4_6_607,0.6734964322120285,6.607,4
E4_6_807,0.6938837920489297,6.807,4
E4_7_007,0.7142711518858307,7.007000000000001,4
E4_7_207,0.7346585117227319,7.207000000000001,4
E4_7_407,0.7550458715596329,7.407,4
E4_7_608,0.7755351681957185,7.608,4
E4_7_808,0.7959225280326198,7.808,4
E4_8_008,0.8163098878695207,8.008,4
E4_8_208,0.8366972477064221,8.208,4
E4_8_408,0.857084607543323,8.408,4
E4_8_609,0.8775739041794087,8.609,4
E4_8_809,0.8979612640163098,8.809,4
E4_9_009,0.9183486238532109,9.009,4
E4_9_209,0.9387359836901121,9.209,4
E4_9_409,0.9591233435270132,9.408999999999999,4
E4_9_61,0.9796126401630988,9.61,4
E4_9_81,1.0,9.81,4
E5_0_0,0.0,0.0,5
E5_0_2,0.02038735983690112,0.2,5
E5_0_4,0.04077471967380224,0.4,5
E5_0_601,0.06126401630988786,0.601,5
E5_0_801,0.081651376146789,0.8009999999999999,5
E5_1_001,0.1020387359836901,1.001,5
E5_1_201,0.12242609582059125,1.2009999999999998,5
E5_1_401,0.14281345565749234,1.401,5
E5_1_602,0.163302752293578,1.6019999999999999,5
E5_1_802,0.1836901121304791,1.8019999999999998,5
E5_2_002,0.2040774719673802,2.002,5
E5_2_202,0.2244648318042813,2.202,5
E5_2_402,0.2448521916411825,2.4019999999999997,5
E5_2_603,0.2653414882772681,2.603,5
E5_2_803,0.2857288481141692,2.803,5
E5_3_003,0.3061162079510703,3.003,5
E5_3_203,0.3265035677879714,3.2030000000000003,5
E5_3_403,0.34689092762487256,3.403,5
E5_3_604,0.3673802242609582,3.6039999999999996,5
E5_3_804,0.3877675840978593,3.804,5
E5_4_004,0.4081549439347604,4.004,5
E5_4_204,0.4285423037716615,4.204,5
E5_4_404,0.4489296636085627,4.404,5
E5_4_605,0.4694189602446484,4.605,5
E5_4_805,0.4898063200815494,4.805,5
E5_5_005,0.5101936799184505,5.005,5
E5_5_205,0.5305810397553516,5.205,5
E5_5_405,0.5509683995922529,5.405,5
E5_5_606,0.5714576962283384,5.606,5
E5_5_806,0.5918450560652395,5.806,5
E5_6_006,0.6122324159021406,6.006,5
E5_6_206,0.6326197757390418,6.206,5
E5_6_406,0.6530071355759428,6.406000000000001,5
E5_6_607,0.6734964322120285,6.607,5
E5_6_807,0.6938837920489297,6.807,5
E5_7_007,0.7142711518858307,7.007000000000001,5
E5_7_207,0.7346585117227319,7.207000000000001,5
E5_7_407,0.7550458715596329,7.407,5
E5_7_608,0.7755351681957185,7.608,5
E5_7_808,0.7959225280326198,7.808,5
E5_8_008,0.8163098878695207,8.008,5
E5_8_208,0.8366972477064221,8.208,5
E5_8_408,0.857084607543323,8.408,5
E5_8_609,0.8775739041794087,8.609,5
E5_8_809,0.8979612640163098,8.809,5
E5_9_009,0.9183486238532109,9.009,5
E5_9_209,0.9387359836901121,9.209,5
E5_9_409,0.9591233435270132,9.408999999999999,5
E5_9_61,0.9796126401630988,9.61,5
E5_9_81,1.0,9.81,5
E6_0_0,0.0,0.0,6
E6_0_2,0.02038735983690112,0.2,6
E6_0_4,0.04077471967380224,0.4,6
E6_0_601,0.06126401630988786,0.601,6
E6_0_801,0.081651376146789,0.8009999999999999,6
E6_1_001,0.1020387359836901,1.001,6
E6_1_201,0.12242609582059125,1.2009999999999998,6
E6_1_401,0.14281345565749234,1.401,6
E6_1_602,0.163302752293578,1.6019999999999999,6
E6_1_802,0.1836901121304791,1.8019999999999998,6
E6_2_002,0.2040774719673802,2.002,6
E6_2_202,0.2244648318042813,2.202,6
E6_2_402,0.2448521916411825,2.4019999999999997,6
E6_2_603,0.2653414882772681,2.603,6
E6_2_803,0.2857288481141692,2.803,6
E6_3_003,0.3061162079510703,3.003,6
E6_3_203,0.3265035677879714,3.2030000000000003,6
E6_3_403,0.34689092762487256,3.403,6
E6_3_604,0.3673802242609582,3.6039999999999996,6
E6_3_804,0.3877675840978593,3.804,6
E6_4_004,0.4081549439347604,4.004,6
E6_4_204,0.4285423037716615,4.204,6
E6_4_404,0.4489296636085627,4.404,6
E6_4_605,0.4694189602446484,4.605,6
E6_4_805,0.4898063200815494,4.805,6
E6_5_005,0.5101936799184505,5.005,6
E6_5_205,0.5305810397553516,5.205,6
E6_5_405,0.5509683995922529,5.405,6
E6_5_606,0.5714576962283384,5.606,6
E6_5_806,0.5918450560652395,5.806,6
E6_6_006,0.6122324159021406,6.006,6
E6_6_206,0.6326197757390418,6.206,6
E6_6_406,0.6530071355759428,6.406000000000001,6
E6_6_607,0.6734964322120285,6.607,6
E6_6_807,0.6938837920489297,6.807,6
E6_7_007,0.7142711518858307,7.007000000000001,6
E6_7_207,0.7346585117227319,7.207000000000001,6
E6_7_407,0.7550458715596329,7.407,6
E6_7_608,0.7755351681957185,7.608,6
E6_7_808,0.7959225280326198,7.808,6
E6_8_008,0.8163098878695207,8.008,6
E6_8_208,0.8366972477064221,8.208,6
E6_8_408,0.857084607543323,8.408,6
E6_8_609,0.8775739041794087,8.609,6
E6_8_809,0.8979612640163098,8.809,6
E6_9_009,0.9183486238532109,9.009,6
E6_9_209,0.9387359836901121,9.209,6
E6_9_409,0.9591233435270132,9.408999999999999,6
E6_9_61,0.9796126401630988,9.61,6
E6_9_81,1.0,9.81,6
E7_0_0,0.0,0.0,7
E7_0_2,0.02038735983690112,0.2,7
E7_0_4,0.04077471967380224,0.4,7
E7_0_601,0.06126401630988786,0.601,7
E7_0_801,0.081651376146789,0.8009999999999999,7
E7_1_001,0.1020387359836901,1.001,7
E7_1_201,0.12242609582059125,1.2009999999999998,7
E7_1_401,0.14281345565749234,1.401,7
E7_1_602,0.163302752293578,1.6019999999999999,7
E7_1_802,0.1836901121304791,1.8019999999999998,7
E7_2_002,0.2040774719673802,2.002,7
E7_2_202,0.2244648318042813,2.202,7
E7_2_402,0.2448521916411825,2.4019999999999997,7
E7_2_603,0.2653414882772681,2.603,7
E7_2_803,0.2857288481141692,2.803,7
E7_3_003,0.3061162079510703,3.003,7
E7_3_203,0.3265035677879714,3.2030000000000003,7
E7_3_403,0.34689092762487256,3.403,7
E7_3_604,0.3673802242609582,3.6039999999999996,7
E7_3_804,0.3877675840978593,3.804,7
E7_4_004,0.4081549439347604,4.004,7
E7_4_204,0.4285423037716615,4.204,7
E7_4_404,0.4489296636085627,4.404,7
E7_4_605,0.4694189602446484,4.605,7
E7_4_805,0.4898063200815494,4.805,7
E7_5_005,0.5101936799184505,5.005,7
E7_5_205,0.5305810397553516,5.205,7
E7_5_405,0.5509683995922529,5.405,7
E7_5_606,0.5714576962283384,5.606,7
E7_5_806,0.5918450560652395,5.806,7
E7_6_006,0.6122324159021406,6.006,7
E7_6_206,0.6326197757390418,6.206,7
E7_6_406,0.6530071355759428,6.406000000000001,7
E7_6_607,0.6734964322120285,6.607,7
E7_6_807,0.6938837920489297,6.807,7
E7_7_007,0.7142711518858307,7.007000000000001,7
E7_7_207,0.7346585117227319,7.207000000000001,7
E7_7_407,0.7550458715596329,7.407,7
E7_7_608,0.7755351681957185,7.608,7
E7_7_808,0.7959225280326198,7.808,7
E7_8_008,0.8163098878695207,8.008,7
E7_8_208,0.8366972477064221,8.208,7
E7_8_408,0.857084607543323,8.408,7
E7_8_609,0.8775739041794087,8.609,7
E7_8_809,0.8979612640163098,8.809,7
E7_9_009,0.9183486238532109,9.009,7
E7_9_209,0.9387359836901121,9.209,7
E7_9_409,0.9591233435270132,9.408999999999999,7
E7_9_61,0.9796126401630988,9.61,7
E7_9_81,1.0,9.81,7
E8_0_0,0.0,0.0,8
E8_0_2,0.02038735983690112,0.2,8
E8_0_4,0.04077471967380224,0.4,8
E8_0_601,0.06126401630988786,0.601,8
E8_0_801,0.081651376146789,0.8009999999999999,8
E8_1_001,0.1020387359836901,1.001,8
E8_1_201,0.12242609582059125,1.2009999999999998,8
E8_1_401,0.14281345565749234,1.401,8
E8_1_602,0.163302752293578,1.6019999999999999,8
E8_1_802,0.1836901121304791,1.8019999999999998,8
E8_2_002,0.2040774719673802,2.002,8
E8_2_202,0.2244648318042813,2.202,8
E8_2_402,0.2448521916411825,2.4019999999999997,8
E8_2_603,0.2653414882772681,2.603,8
E8_2_803,0.2857288481141692,2.803,8
E8_3_003,0.3061162079510703,3.003,8
E8_3_203,0.3265035677879714,3.2030000000000003,8
E8_3_403,0.34689092762487256,3.403,8
E8_3_604,0.3673802242609582,3.6039999999999996,8
E8_3_804,0.3877675840978593,3.804,8
E8_4_004,0.4081549439347604,4.004,8
E8_4_204,0.4285423037716615,4.204,8
E8_4_404,0.4489296636085627,4.404,8
E8_4_605,0.4694189602446484,4.605,8
E8_4_805,0.4898063200815494,4.805,8
E8_5_005,0.5101936799184505,5.005,8
E8_5_205,0.5305810397553516,5.205,8
E8_5_405,0.5509683995922529,5.405,8
E8_5_606,0.5714576962283384,5.606,8
E8_5_806,0.5918450560652395,5.806,8
E8_6_006,0.6122324159021406,6.006,8
E8_6_206,0.6326197757390418,6.206,8
E8_6_406,0.6530071355759428,6.406000000000001,8
E8_6_607,0.6734964322120285,6.607,8
E8_6_807,0.6938837920489297,6.807,8
E8_7_007,0.7142711518858307,7.007000000000001,8
E8_7_207,0.7346585117227319,7.207000000000001,8
E8_7_407,0.7550458715596329,7.407,8
E8_7_608,0.7755351681957185,7.608,8
E8_7_808,0.7959225280326198,7.808,8
E8_8_008,0.8163098878695207,8.008,8
E8_8_208,0.8366972477064221,8.208,8
E8_8_408,0.857084607543323,8.408,8
E8_8_609,0.8775739041794087,8.609,8
E8_8_809,0.8979612640163098,8.809,8
E8_9_009,0.9183486238532109,9.009,8
E8_9_209,0.9387359836901121,9.209,8
E8_9_409,0.9591233435270132,9.408999999999999,8
E8_9_61,0.9796126401630988,9.61,8
E8_9_81,1.0,9.81,8
E9_0_0,0.0,0.0,9
E9_0_2,0.02038735983690112,0.2,9
E9_0_4,0.04077471967380224,0.4,9
E9_0_601,0.06126401630988786,0.601,9
E9_0_801,0.081651376146789,0.8009999999999999,9
E9_1_001,0.1020387359836901,1.001,9
E9_1_201,0.12242609582059125,1.2009999999999998,9
E9_1_401,0.14281345565749234,1.401,9
E9_1_602,0.163302752293578,1.6019999999999999,9
E9_1_802,0.1836901121304791,1.8019999999999998,9
E9_2_002,0.2040774719673802,2.002,9
E9_2_202,0.2244648318042813,2.202,9
E9_2_402,0.2448521916411825,2.4019999999999997,9
E9_2_603,0.2653414882772681,2.603,9
E9_2_803,0.2857288481141692,2.803,9
E9_3_003,0.3061162079510703,3.003,9
E9_3_203,0.3265035677879714,3.2030000000000003,9
E9_3_403,0.34689092762487256,3.403,9
E9_3_604,0.3673802242609582,3.6039999999999996,9
E9_3_804,0.3877675840978593,3.804,9
E9_4_004,0.4081549439347604,4.004,9
E9_4_204,0.4285423037716615,4.204,9
E9_4_404,0.4489296636085627,4.404,9
E9_4_605,0.4694189602446484,4.605,9
E9_4_805,0.4898063200815494,4.805,9
E9_5_005,0.5101936799184505,5.005,9
E9_5_205,0.5305810397553516,5.205,9
E9_5_405,0.5509683995922529,5.405,9
E9_5_606,0.5714576962283384,5.606,9
E9_5_806,0.5918450560652395,5.806,9
E9_6_006,0.6122324159021406,6.006,9
E9_6_206,0.6326197757390418,6.206,9
E9_6_406,0.6530071355759428,6.406000000000001,9
E9_6_607,0.6734964322120285,6.607,9
E9_6_807,0.6938837920489297,6.807,9
E9_7_007,0.7142711518858307,7.007000000000001,9
E9_7_207,0.7346585117227319,7.207000000000001,9
E9_7_407,0.7550458715596329,7.407,9
E9_7_608,0.7755351681957185,7.608,9
E9_7_808,0.7959225280326198,7.808,9
E9_8_008,0.8163098878695207,8.008,9
E9_8_208,0.8366972477064221,8.208,9
E9_8_408,0.857084607543323,8.408,9
E9_8_609,0.8775739041794087,8.609,9
E9_8_809,0.8979612640163098,8.809,9
E9_9_009,0.9183486238532109,9.009,9
E9_9_209,0.9387359836901121,9.209,9
E9_9_409,0.9591233435270132,9.408999999999999,9
E9_9_61,0.9796126401630988,9.61,9
E9_9_81,1.0,9.81,9
E10_0_0,0.0,0.0,10
E10_0_2,0.02038735983690112,0.2,10
E10_0_4,0.04077471967380224,0.4,10
E10_0_601,0.06126401630988786,0.601,10
E10_0_801,0.081651376146789,0.8009999999999999,10
E10_1_001,0.1020387359836901,1.001,10
E10_1_201,0.12242609582059125,1.2009999999999998,10
E10_1_401,0.14281345565749234,1.401,10
E10_1_602,0.163302752293578,1.6019999999999999,10
E10_1_802,0.1836901121304791,1.8019999999999998,10
E10_2_002,0.2040774719673802,2.002,10
E10_2_202,0.2244648318042813,2.202,10
E10_2_402,0.2448521916411825,2.4019999999999997,10
E10_2_603,0.2653414882772681,2.603,10
E10_2_803,0.2857288481141692,2.803,10
E10_3_003,0.3061162079510703,3.003,10
E10_3_203,0.3265035677879714,3.2030000000000003,10
E10_3_403,0.34689092762487256,3.403,10
E10_3_604,0.3673802242609582,3.6039999999999996,10
E10_3_804,0.3877675840978593,3.804,10
E10_4_004,0.4081549439347604,4.004,10
E10_4_204,0.4285423037716615,4.204,10
E10_4_404,0.4489296636085627,4.404,10
E10_4_605,0.4694189602446484,4.605,10
E10_4_805,0.4898063200815494,4.805,10
E10_5_005,0.5101936799184505,5.005,10
E10_5_205,0.5305810397553516,5.205,10
E10_5_405,0.5509683995922529,5.405,10
E10_5_606,0.5714576962283384,5.606,10
E10_5_806,0.5918450560652395,5.806,10
E10_6_006,0.6122324159021406,6.006,10
E10_6_206,0.6326197757390418,6.206,10
E10_6_406,0.6530071355759428,6.406000000000001,10
E10_6_607,0.6734964322120285,6.607,10
E10_6_807,0.6938837920489297,6.807,10
E10_7_007,0.7142711518858307,7.007000000000001,10
E10_7_207,0.7346585117227319,7.207000000000001,10
E10_7_407,0.7550458715596329,7.407,10
E10_7_608,0.7755351681957185,7.608,10
E10_7_808,0.7959225280326198,7.808,10
E10_8_008,0.8163098878695207,8.008,10
E10_8_208,0.8366972477064221,8.208,10
E10_8_408,0.857084607543323,8.408,10
E10_8_609,0.8775739041794087,8.609,10
E10_8_809,0.8979612640163098,8.809,10
E10_9_009,0.9183486238532109,9.009,10
E10_9_209,0.9387359836901121,9.209,10
E10_9_409,0.9591233435270132,9.408999999999999,10
E10_9_61,0.9796126401630988,9.61,10
E10_9_81,1.0,9.81,10
E11_0_0,0.0,0.0,11
E11_0_2,0.02038735983690112,0.2,11
E11_0_4,0.04077471967380224,0.4,11
E11_0_601,0.06126401630988786,0.601,11
E11_0_801,0.081651376146789,0.8009999999999999,11
E11_1_001,0.1020387359836901,1.001,11
E11_1_201,0.12242609582059125,1.2009999999999998,11
E11_1_401,0.14281345565749234,1.401,11
E11_1_602,0.163302752293578,1.6019999999999999,11
E11_1_802,0.1836901121304791,1.8019999999999998,11
E11_2_002,0.2040774719673802,2.002,11
E11_2_202,0.2244648318042813,2.202,11
E11_2_402,0.2448521916411825,2.4019999999999997,11
E11_2_603,0.2653414882772681,2.603,11
E11_2_803,0.2857288481141692,2.803,11
E11_3_003,0.3061162079510703,3.003,11
E11_3_203,0.3265035677879714,3.2030000000000003,11
E11_3_403,0.34689092762487256,3.403,11
E11_3_604,0.3673802242609582,3.6039999999999996,11
E11_3_804,0.3877675840978593,3.804,11
E11_4_004,0.4081549439347604,4.004,11
E11_4_204,0.4285423037716615,4.204,11
E11_4_404,0.4489296636085627,4.404,11
E11_4_605,0.4694189602446484,4.605,11
E11_4_805,0.4898063200815494,4.805,11
E11_5_005,0.5101936799184505,5.005,11
E11_5_205,0.5305810397553516,5.205,11
E11_5_405,0.5509683995922529,5.405,11
E11_5_606,0.5714576962283384,5.606,11
E11_5_806,0.5918450560652395,5.806,11
E11_6_006,0.6122324159021406,6.006,11
E11_6_206,0.6326197757390418,6.206,11
E11_6_406,0.6530071355759428,6.406000000000001,11
E11_6_607,0.6734964322120285,6.607,11
E11_6_807,0.6938837920489297,6.807,11
E11_7_007,0.7142711518858307,7.007000000000001,11
E11_7_207,0.7346585117227319,7.207000000000001,11
E11_7_407,0.7550458715596329,7.407,11
E11_7_608,0.7755351681957185,7.608,11
E11_7_808,0.7959225280326198,7.808,11
E11_8_008,0.8163098878695207,8.008,11
E11_8_208,0.8366972477064221,8.208,11
E11_8_408,0.857084607543323,8.408,11
E11_8_609,0.8775739041794087,8.609,11
E11_8_809,0.8979612640163098,8.809,11
E11_9_009,0.9183486238532109,9.009,11
E11_9_209,0.9387359836901121,9.209,11
E11_9_409,0.9591233435270132,9.408999999999999,11
E11_9_61,0.9796126401630988,9.61,11
E11_9_81,1.0,9.81,11
E12_0_0,0.0,0.0,12
E12_0_2,0.02038735983690112,0.2,12
E12_0_4,0.04077471967380224,0.4,12
E12_0_601,0.06126401630988786,0.601,12
E12_0_801,0.081651376146789,0.8009999999999999,12
E12_1_001,0.1020387359836901,1.001,12
E12_1_201,0.12242609582059125,1.2009999999999998,12
E12_1_401,0.14281345565749234,1.401,12
E12_1_602,0.163302752293578,1.6019999999999999,12
E12_1_802,0.1836901121304791,1.8019999999999998,12
E12_2_002,0.2040774719673802,2.002,12
E12_2_202,0.2244648318042813,2.202,12
E12_2_402,0.2448521916411825,2.4019999999999997,12
E12_2_603,0.2653414882772681,2.603,12
E12_2_803,0.2857288481141692,2.803,12
E12_3_003,0.3061162079510703,3.003,12
E12_3_203,0.3265035677879714,3.2030000000000003,12
E12_3_403,0.34689092762487256,3.403,12
E12_3_604,0.3673802242609582,3.6039999999999996,12
E12_3_804,0.3877675840978593,3.804,12
E12_4_004,0.4081549439347604,4.004,12
E12_4_204,0.4285423037716615,4.204,12
E12_4_404,0.4489296636085627,4.404,12
E12_4_605,0.4694189602446484,4.605,12
E12_4_805,0.4898063200815494,4.805,12
E12_5_005,0.5101936799184505,5.005,12
E12_5_205,0.5305810397553516,5.205,12
E12_5_405,0.5509683995922529,5.405,12
E12_5_606,0.5714576962283384,5.606,12
E12_5_806,0.5918450560652395,5.806,12
E12_6_006,0.6122324159021406,6.006,12
E12_6_206,0.6326197757390418,6.206,12
E12_6_406,0.6530071355759428,6.406000000000001,12
E12_6_607,0.6734964322120285,6.607,12
E12_6_807,0.6938837920489297,6.807,12
E12_7_007,0.7142711518858307,7.007000000000001,12
E12_7_207,0.7346585117227319,7.207000000000001,12
E12_7_407,0.7550458715596329,7.407,12
E12_7_608,0.7755351681957185,7.608,12
E12_7_808,0.7959225280326198,7.808,12
E12_8_008,0.8163098878695207,8.008,12
E12_8_208,0.8366972477064221,8.208,12
E12_8_408,0.857084607543323,8.408,12
E12_8_609,0.8775739041794087,8.609,12
E12_8_809,0.8979612640163098,8.809,12
E12_9_009,0.9183486238532109,9.009,12
E12_9_209,0.9387359836901121,9.209,12
E12_9_409,0.9591233435270132,9.408999999999999,12
E12_9_61,0.9796126401630988,9.61,12
E12_9_81,1.0,9.81,12
E13_0_0,0.0,0.0,13
E13_0_2,0.02038735983690112,0.2,13
E13_0_4,0.04077471967380224,0.4,13
E13_0_601,0.06126401630988786,0.601,13
E13_0_801,0.081651376146789,0.8009999999999999,13
E13_1_001,0.1020387359836901,1.001,13
E13_1_201,0.12242609582059125,1.2009999999999998,13
E13_1_401,0.14281345565749234,1.401,13
E13_1_602,0.163302752293578,1.6019999999999999,13
E13_1_802,0.1836901121304791,1.8019999999999998,13
E13_2_002,0.2040774719673802,2.002,13
E13_2_202,0.2244648318042813,2.202,13
E13_2_402,0.2448521916411825,2.4019999999999997,13
E13_2_603,0.2653414882772681,2.603,13
E13_2_803,0.2857288481141692,2.803,13
E13_3_003,0.3061162079510703,3.003,13
E13_3_203,0.3265035677879714,3.2030000000000003,13
E13_3_403,0.34689092762487256,3.403,13
E13_3_604,0.3673802242609582,3.6039999999999996,13
E13_3_804,0.3877675840978593,3.804,13
E13_4_004,0.4081549439347604,4.004,13
E13_4_204,0.4285423037716615,4.204,13
E13_4_404,0.4489296636085627,4.404,13
E13_4_605,0.4694189602446484,4.605,13
E13_4_805,0.4898063200815494,4.805,13
E13_5_005,0.5101936799184505,5.005,13
E13_5_205,0.5305810397553516,5.205,13
E13_5_405,0.5509683995922529,5.405,13
E13_5_606,0.5714576962283384,5.606,13
E13_5_806,0.5918450560652395,5.806,13
E13_6_006,0.6122324159021406,6.006,13
E13_6_206,0.6326197757390418,6.206,13
E13_6_406,0.6530071355759428,6.406000000000001,13
E13_6_607,0.6734964322120285,6.607,13
E13_6_807,0.6938837920489297,6.807,13
E13_7_007,0.7142711518858307,7.007000000000001,13
E13_7_207,0.7346585117227319,7.207000000000001,13
E13_7_407,0.7550458715596329,7.407,13
E13_7_608,0.7755351681957185,7.608,13
E13_7_808,0.7959225280326198,7.808,13
E13_8_008,0.8163098878695207,8.008,13
E13_8_208,0.8366972477064221,8.208,13
E13_8_408,0.857084607543323,8.408,13
E13_8_609,0.8775739041794087,8.609,13
E13_8_809,0.8979612640163098,8.809,13
E13_9_009,0.9183486238532109,9.009,13
E13_9_209,0.9387359836901121,9.209,13
E13_9_409,0.9591233435270132,9.408999999999999,13
E13_9_61,0.9796126401630988,9.61,13
E13_9_81,1.0,9.81,13
E14_0_0,0.0,0.0,14
E14_0_2,0.02038735983690112,0.2,14
E14_0_4,0.04077471967380224,0.4,14
E14_0_601,0.06126401630988786,0.601,14
E14_0_801,0.081651376146789,0.8009999999999999,14
E14_1_001,0.1020387359836901,1.001,14
E14_1_201,0.12242609582059125,1.2009999999999998,14
E14_1_401,0.14281345565749234,1.401,14
E14_1_602,0.163302752293578,1.6019999999999999,14
E14_1_802,0.1836901121304791,1.8019999999999998,14
E14_2_002,0.2040774719673802,2.002,14
E14_2_202,0.2244648318042813,2.202,14
E14_2_402,0.2448521916411825,2.4019999999999997,14
E14_2_603,0.2653414882772681,2.603,14
E14_2_803,0.2857288481141692,2.803,14
E14_3_003,0.3061162079510703,3.003,14
E14_3_203,0.3265035677879714,3.2030000000000003,14
E14_3_403,0.34689092762487256,3.403,14
E14_3_604,0.3673802242609582,3.6039999999999996,14
E14_3_804,0.3877675840978593,3.804,14
E14_4_004,0.4081549439347604,4.004,14
E14_4_204,0.4285423037716615,4.204,14
E14_4_404,0.4489296636085627,4.404,14
E14_4_605,0.4694189602446484,4.605,14
E14_4_805,0.4898063200815494,4.805,14
E14_5_005,0.5101936799184505,5.005,14
E14_5_205,0.5305810397553516,5.205,14
E14_5_405,0.5509683995922529,5.405,14
E14_5_606,0.5714576962283384,5.606,14
E14_5_806,0.5918450560652395,5.806,14
E14_6_006,0.6122324159021406,6.006,14
E14_6_206,0.6326197757390418,6.206,14
E14_6_406,0.6530071355759428,6.406000000000001,14
E14_6_607,0.6734964322120285,6.607,14
E14_6_807,0.6938837920489297,6.807,14
E14_7_007,0.7142711518858307,7.007000000000001,14
E14_7_207,0.7346585117227319,7.207000000000001,14
E14_7_407,0.7550458715596329,7.407,14
E14_7_608,0.7755351681957185,7.608,14
E14_7_808,0.7959225280326198,7.808,14
E14_8_008,0.8163098878695207,8.008,14
E14_8_208,0.8366972477064221,8.208,14
E14_8_408,0.857084607543323,8.408,14
E14_8_609,0.8775739041794087,8.609,14
E14_8_809,0.8979612640163098,8.809,14
E14_9_009,0.9183486238532109,9.009,14
E14_9_209,0.9387359836901121,9.209,14
E14_9_409,0.9591233435270132,9.408999999999999,14
E14_9_61,0.9796126401630988,9.61,14
E14_9_81,1.0,9.81,14
E15_0_0,0.0,0.0,15
E15_0_2,0.02038735983690112,0.2,15
E15_0_4,0.04077471967380224,0.4,15
E15_0_601,0.06126401630988786,0.601,15
E15_0_801,0.081651376146789,0.8009999999999999,15
E15_1_001,0.1020387359836901,1.001,15
E15_1_201,0.12242609582059125,1.2009999999999998,15
E15_1_401,0.14281345565749234,1.401,15
E15_1_602,0.163302752293578,1.6019999999999999,15
E15_1_802,0.1836901121304791,1.8019999999999998,15
E15_2_002,0.2040774719673802,2.002,15
E15_2_202,0.2244648318042813,2.202,15
E15_2_402,0.2448521916411825,2.4019999999999997,15
E15_2_603,0.2653414882772681,2.603,15
E15_2_803,0.2857288481141692,2.803,15
E15_3_003,0.3061162079510703,3.003,15
E15_3_203,0.3265035677879714,3.2030000000000003,15
E15_3_403,0.34689092762487256,3.403,15
E15_3_604,0.3673802242609582,3.6039999999999996,15
E15_3_804,0.3877675840978593,3.804,15
E15_4_004,0.4081549439347604,4.004,15
E15_4_204,0.4285423037716615,4.204,15
E15_4_404,0.4489296636085627,4.404,15
E15_4_605,0.4694189602446484,4.605,15
E15_4_805,0.4898063200815494,4.805,15
E15_5_005,0.5101936799184505,5.005,15
E15_5_205,0.5305810397553516,5.205,15
E15_5_405,0.5509683995922529,5.405,15
E15_5_606,0.5714576962283384,5.606,15
E15_5_806,0.5918450560652395,5.806,15
E15_6_006,0.6122324159021406,6.006,15
E15_6_206,0.6326197757390418,6.206,15
E15_6_406,0.6530071355759428,6.406000000000001,15
E15_6_607,0.6734964322120285,6.607,15
E15_6_807,0.6938837920489297,6.807,15
E15_7_007,0.7142711518858307,7.007000000000001,15
E15_7_207,0.7346585117227319,7.207000000000001,15
E15_7_407,0.7550458715596329,7.407,15
E15_7_608,0.7755351681957185,7.608,15
E15_7_808,0.7959225280326198,7.808,15
E15_8_008,0.8163098878695207,8.008,15
E15_8_208,0.8366972477064221,8.208,15
E15_8_408,0.857084607543323,8.408,15
E15_8_609,0.8775739041794087,8.609,15
E15_8_809,0.8979612640163098,8.809,15
E15_9_009,0.9183486238532109,9.009,15
E15_9_209,0.9387359836901121,9.209,15
E15_9_409,0.9591233435270132,9.408999999999999,15
E15_9_61,0.9796126401630988,9.61,15
E15_9_81,1.0,9.81,15
E16_0_0,0.0,0.0,16
E16_0_2,0.02038735983690112,0.2,16
E16_0_4,0.04077471967380224,0.4,16
E16_0_601,0.06126401630988786,0.601,16
E16_0_801,0.081651376146789,0.8009999999999999,16
E16_1_001,0.1020387359836901,1.001,16
E16_1_201,0.12242609582059125,1.2009999999999998,16
E16_1_401,0.14281345565749234,1.401,16
E16_1_602,0.163302752293578,1.6019999999999999,16
E16_1_802,0.1836901121304791,1.8019999999999998,16
E16_2_002,0.2040774719673802,2.002,16
E16_2_202,0.2244648318042813,2.202,16
E16_2_402,0.2448521916411825,2.4019999999999997,16
E16_2_603,0.2653414882772681,2.603,16
E16_2_803,0.2857288481141692,2.803,16
E16_3_003,0.3061162079510703,3.003,16
E16_3_203,0.3265035677879714,3.2030000000000003,16
E16_3_403,0.34689092762487256,3.403,16
E16_3_604,0.3673802242609582,3.6039999999999996,16
E16_3_804,0.3877675840978593,3.804,16
E16_4_004,0.4081549439347604,4.004,16
E16_4_204,0.4285423037716615,4.204,16
E16_4_404,0.4489296636085627,4.404,16
E16_4_605,0.4694189602446484,4.605,16
E16_4_805,0.4898063200815494,4.805,16
E16_5_005,0.5101936799184505,5.005,16
E16_5_205,0.5305810397553516,5.205,16
E16_5_405,0.5509683995922529,5.405,16
E16_5_606,0.5714576962283384,5.606,16
E16_5_806,0.5918450560652395,5.806,16
E16_6_006,0.6122324159021406,6.006,16
E16_6_206,0.6326197757390418,6.206,16
E16_6_406,0.6530071355759428,6.406000000000001,16
E16_6_607,0.6734964322120285,6.607,16
E16_6_807,0.6938837920489297,6.807,16
E16_7_007,0.7142711518858307,7.007000000000001,16
E16_7_207,0.7346585117227319,7.207000000000001,16
E16_7_407,0.7550458715596329,7.407,16
E16_7_608,0.7755351681957185,7.608,16
E16_7_808,0.7959225280326198,7.808,16
E16_8_008,0.8163098878695207,8.008,16
E16_8_208,0.8366972477064221,8.208,16
E16_8_408,0.857084607543323,8.408,16
E16_8_609,0.8775739041794087,8.609,16
E16_8_809,0.8979612640163098,8.809,16
E16_9_009,0.9183486238532109,9.009,16
E16_9_209,0.9387359836901121,9.209,16
E16_9_409,0.9591233435270132,9.408999999999999,16
E16_9_61,0.9796126401630988,9.61,16
E16_9_81,1.0,9.81,16
E17_0_0,0.0,0.0,17
E17_0_2,0.02038735983690112,0.2,17
E17_0_4,0.04077471967380224,0.4,17
E17_0_601,0.06126401630988786,0.601,17
E17_0_801,0.081651376146789,0.8009999999999999,17
E17_1_001,0.1020387359836901,1.001,17
E17_1_201,0.12242609582059125,1.2009999999999998,17
E17_1_401,0.14281345565749234,1.401,17
E17_1_602,0.163302752293578,1.6019999999999999,17
E17_1_802,0.1836901121304791,1.8019999999999998,17
E17_2_002,0.2040774719673802,2.002,17
E17_2_202,0.2244648318042813,2.202,17
E17_2_402,0.2448521916411825,2.4019999999999997,17
E17_2_603,0.2653414882772681,2.603,17
E17_2_803,0.2857288481141692,2.803,17
E17_3_003,0.3061162079510703,3.003,17
E17_3_203,0.3265035677879714,3.2030000000000003,17
E17_3_403,0.34689092762487256,3.403,17
E17_3_604,0.3673802242609582,3.6039999999999996,17
E17_3_804,0.3877675840978593,3.804,17
E17_4_004,0.4081549439347604,4.004,17
E17_4_204,0.4285423037716615,4.204,17
E17_4_404,0.4489296636085627,4.404,17
E17_4_605,0.4694189602446484,4.605,17
E17_4_805,0.4898063200815494,4.805,17
E17_5_005,0.5101936799184505,5.005,17
E17_5_205,0.5305810397553516,5.205,17
E17_5_405,0.5509683995922529,5.405,17
E17_5_606,0.5714576962283384,5.606,17
E17_5_806,0.5918450560652395,5.806,17
E17_6_006,0.6122324159021406,6.006,17
E17_6_206,0.6326197757390418,6.206,17
E17_6_406,0.6530071355759428,6.406000000000001,17
E17_6_607,0.6734964322120285,6.607,17
E17_6_807,0.6938837920489297,6.807,17
E17_7_007,0.7142711518858307,7.007000000000001,17
E17_7_207,0.7346585117227319,7.207000000000001,17
E17_7_407,0.7550458715596329,7.407,17
E17_7_608,0.7755351681957185,7.608,17
E17_7_808,0.7959225280326198,7.808,17
E17_8_008,0.8163098878695207,8.008,17
E17_8_208,0.8366972477064221,8.208,17
E17_8_408,0.857084607543323,8.408,17
E17_8_609,0.8775739041794087,8.609,17
E17_8_809,0.8979612640163098,8.809,17
E17_9_009,0.9183486238532109,9.009,17
E17_9_209,0.9387359836901121,9.209,17
E17_9_409,0.9591233435270132,9.408999999999999,17
E17_9_61,0.9796126401630988,9.61,17
E17_9_81,1.0,9.81,17
E18_0_0,0.0,0.0,18
E18_0_2,0.02038735983690112,0.2,18
E18_0_4,0.04077471967380224,0.4,18
E18_0_601,0.06126401630988786,0.601,18
E18_0_801,0.081651376146789,0.8009999999999999,18
E18_1_001,0.1020387359836901,1.001,18
E18_1_201,0.12242609582059125,1.2009999999999998,18
E18_1_401,0.14281345565749234,1.401,18
E18_1_602,0.163302752293578,1.6019999999999999,18
E18_1_802,0.1836901121304791,1.8019999999999998,18
E18_2_002,0.2040774719673802,2.002,18
E18_2_202,0.2244648318042813,2.202,18
E18_2_402,0.2448521916411825,2.4019999999999997,18
E18_2_603,0.2653414882772681,2.603,18
E18_2_803,0.2857288481141692,2.803,18
E18_3_003,0.3061162079510703,3.003,18
E18_3_203,0.3265035677879714,3.2030000000000003,18
E18_3_403,0.34689092762487256,3.403,18
E18_3_604,0.3673802242609582,3.6039999999999996,18
E18_3_804,0.3877675840978593,3.804,18
E18_4_004,0.4081549439347604,4.004,18
E18_4_204,0.4285423037716615,4.204,18
E18_4_404,0.4489296636085627,4.404,18
E18_4_605,0.4694189602446484,4.605,18
E18_4_805,0.4898063200815494,4.805,18
E18_5_005,0.5101936799184505,5.005,18
E18_5_205,0.5305810397553516,5.205,18
E18_5_405,0.5509683995922529,5.405,18
E18_5_606,0.5714576962283384,5.606,18
E18_5_806,0.5918450560652395,5.806,18
E18_6_006,0.6122324159021406,6.006,18
E18_6_206,0.6326197757390418,6.206,18
E18_6_406,0.6530071355759428,6.406000000000001,18
E18_6_607,0.6734964322120285,6.607,18
E18_6_807,0.6938837920489297,6.807,18
E18_7_007,0.7142711518858307,7.007000000000001,18
E18_7_207,0.7346585117227319,7.207000000000001,18
E18_7_407,0.7550458715596329,7.407,18
E18_7_608,0.7755351681957185,7.608,18
E18_7_808,0.7959225280326198,7.808,18
E18_8_008,0.8163098878695207,8.008,18
E18_8_208,0.8366972477064221,8.208,18
E18_8_408,0.857084607543323,8.408,18
E18_8_609,0.8775739041794087,8.609,18
E18_8_809,0.8979612640163098,8.809,18
E18_9_009,0.9183486238532109,9.009,18
E18_9_209,0.9387359836901121,9.209,18
E18_9_409,0.9591233435270132,9.408999999999999,18
E18_9_61,0.9796126401630988,9.61,18
E18_9_81,1.0,9.81,18
E19_0_0,0.0,0.0,19
E19_0_2,0.02038735983690112,0.2,19
E19_0_4,0.04077471967380224,0.4,19
E19_0_601,0.06126401630988786,0.601,19
E19_0_801,0.081651376146789,0.8009999999999999,19
E19_1_001,0.1020387359836901,1.001,19
E19_1_201,0.12242609582059125,1.2009999999999998,19
E19_1_401,0.14281345565749234,1.401,19
E19_1_602,0.163302752293578,1.6019999999999999,19
E19_1_802,0.1836901121304791,1.8019999999999998,19
E19_2_002,0.2040774719673802,2.002,19
E19_2_202,0.2244648318042813,2.202,19
E19_2_402,0.2448521916411825,2.4019999999999997,19
E19_2_603,0.2653414882772681,2.603,19
E19_2_803,0.2857288481141692,2.803,19
E19_3_003,0.3061162079510703,3.003,19
E19_3_203,0.3265035677879714,3.2030000000000003,19
E19_3_403,0.34689092762487256,3.403,19
E19_3_604,0.3673802242609582,3.6039999999999996,19
E19_3_804,0.3877675840978593,3.804,19
E19_4_004,0.4081549439347604,4.004,19
E19_4_204,0.4285423037716615,4.204,19
E19_4_404,0.4489296636085627,4.404,19
E19_4_605,0.4694189602446484,4.605,19
E19_4_805,0.4898063200815494,4.805,19
E19_5_005,0.5101936799184505,5.005,19
E19_5_205,0.5305810397553516,5.205,19
E19_5_405,0.5509683995922529,5.405,19
E19_5_606,0.5714576962283384,5.606,19
E19_5_806,0.5918450560652395,5.806,19
E19_6_006,0.6122324159021406,6.006,19
E19_6_206,0.6326197757390418,6.206,19
E19_6_406,0.6530071355759428,6.406000000000001,19
E19_6_607,0.6734964322120285,6.607,19
E19_6_807,0.6938837920489297,6.807,19
E19_7_007,0.7142711518858307,7.007000000000001,19
E19_7_207,0.7346585117227319,7.207000000000001,19
E19_7_407,0.7550458715596329,7.407,19
E19_7_608,0.7755351681957185,7.608,19
E19_7_808,0.7959225280326198,7.808,19
E19_8_008,0.8163098878695207,8.008,19
E19_8_208,0.8366972477064221,8.208,19
E19_8_408,0.857084607543323,8.408,19
E19_8_609,0.8775739041794087,8.609,19
E19_8_809,0.8979612640163098,8.809,19
E19_9_009,0.9183486238532109,9.009,19
E19_9_209,0.9387359836901121,9.209,19
E19_9_409,0.9591233435270132,9.408999999999999,19
E19_9_61,0.9796126401630988,9.61,19
E19_9_81,1.0,9.81,19
E20_0_0,0.0,0.0,20
E20_0_2,0.02038735983690112,0.2,20
E20_0_4,0.04077471967380224,0.4,20
E20_0_601,0.06126401630988786,0.601,20
E20_0_801,0.081651376146789,0.8009999999999999,20
E20_1_001,0.1020387359836901,1.001,20
E20_1_201,0.12242609582059125,1.2009999999999998,20
E20_1_401,0.14281345565749234,1.401,20
E20_1_602,0.163302752293578,1.6019999999999999,20
E20_1_802,0.1836901121304791,1.8019999999999998,20
E20_2_002,0.2040774719673802,2.002,20
E20_2_202,0.2244648318042813,2.202,20
E20_2_402,0.2448521916411825,2.4019999999999997,20
E20_2_603,0.2653414882772681,2.603,20
E20_2_803,0.2857288481141692,2.803,20
E20_3_003,0.3061162079510703,3.003,20
E20_3_203,0.3265035677879714,3.2030000000000003,20
E20_3_403,0.34689092762487256,3.403,20
E20_3_604,0.3673802242609582,3.6039999999999996,20
E20_3_804,0.3877675840978593,3.804,20
E20_4_004,0.4081549439347604,4.004,20
E20_4_204,0.4285423037716615,4.204,20
E20_4_404,0.4489296636085627,4.404,20
E20_4_605,0.4694189602446484,4.605,20
E20_4_805,0.4898063200815494,4.805,20
E20_5_005,0.5101936799184505,5.005,20
E20_5_205,0.5305810397553516,5.205,20
E20_5_405,0.5509683995922529,5.405,20
E20_5_606,0.5714576962283384,5.606,20
E20_5_806,0.5918450560652395,5.806,20
E20_6_006,0.6122324159021406,6.006,20
E20_6_206,0.6326197757390418,6.206,20
E20_6_406,0.6530071355759428,6.406000000000001,20
E20_6_607,0.6734964322120285,6.607,20
E20_6_807,0.6938837920489297,6.807,20
E20_7_007,0.7142711518858307,7.007000000000001,20
E20_7_207,0.7346585117227319,7.207000000000001,20
E20_7_407,0.7550458715596329,7.407,20
E20_7_608,0.7755351681957185,7.608,20
E20_7_808,0.7959225280326198,7.808,20
E20_8_008,0.8163098878695207,8.008,20
E20_8_208,0.8366972477064221,8.208,20
E20_8_408,0.857084607543323,8.408,20
E20_8_609,0.8775739041794087,8.609,20
E20_8_809,0.8979612640163098,8.809,20
E20_9_009,0.9183486238532109,9.009,20
E20_9_209,0.9387359836901121,9.209,20
E20_9_409,0.9591233435270132,9.408999999999999,20
E20_9_61,0.9796126401630988,9.61,20
E20_9_81,1.0,9.81,20
E21_0_0,0.0,0.0,21
E21_0_2,0.02038735983690112,0.2,21
E21_0_4,0.04077471967380224,0.4,21
E21_0_601,0.06126401630988786,0.601,21
E21_0_801,0.081651376146789,0.8009999999999999,21
E21_1_001,0.1020387359836901,1.001,21
E21_1_201,0.12242609582059125,1.2009999999999998,21
E21_1_401,0.14281345565749234,1.401,21
E21_1_602,0.163302752293578,1.6019999999999999,21
E21_1_802,0.1836901121304791,1.8019999999999998,21
E21_2_002,0.2040774719673802,2.002,21
E21_2_202,0.2244648318042813,2.202,21
E21_2_402,0.2448521916411825,2.4019999999999997,21
E21_2_603,0.2653414882772681,2.603,21
E21_2_803,0.2857288481141692,2.803,21
E21_3_003,0.3061162079510703,3.003,21
E21_3_203,0.3265035677879714,3.2030000000000003,21
E21_3_403,0.34689092762487256,3.403,21
E21_3_604,0.3673802242609582,3.6039999999999996,21
E21_3_804,0.3877675840978593,3.804,21
E21_4_004,0.4081549439347604,4.004,21
E21_4_204,0.4285423037716615,4.204,21
E21_4_404,0.4489296636085627,4.404,21
E21_4_605,0.4694189602446484,4.605,21
E21_4_805,0.4898063200815494,4.805,21
E21_5_005,0.5101936799184505,5.005,21
E21_5_205,0.5305810397553516,5.205,21
E21_5_405,0.5509683995922529,5.405,21
E21_5_606,0.5714576962283384,5.606,21
E21_5_806,0.5918450560652395,5.806,21
E21_6_006,0.6122324159021406,6.006,21
E21_6_206,0.6326197757390418,6.206,21
E21_6_406,0.6530071355759428,6.406000000000001,21
E21_6_607,0.6734964322120285,6.607,21
E21_6_807,0.6938837920489297,6.807,21
E21_7_007,0.7142711518858307,7.007000000000001,21
E21_7_207,0.7346585117227319,7.207000000000001,21
E21_7_407,0.7550458715596329,7.407,21
E21_7_608,0.7755351681957185,7.608,21
E21_7_808,0.7959225280326198,7.808,21
E21_8_008,0.8163098878695207,8.008,21
E21_8_208,0.8366972477064221,8.208,21
E21_8_408,0.857084607543323,8.408,21
E21_8_609,0.8775739041794087,8.609,21
E21_8_809,0.8979612640163098,8.809,21
E21_9_009,0.9183486238532109,9.009,21
E21_9_209,0.9387359836901121,9.209,21
E21_9_409,0.9591233435270132,9.408999999999999,21
E21_9_61,0.9796126401630988,9.61,21
E21_9_81,1.0,9.81,21
E22_0_0,0.0,0.0,22
E22_0_2,0.02038735983690112,0.2,22
E22_0_4,0.04077471967380224,0.4,22
E22_0_601,0.06126401630988786,0.601,22
E22_0_801,0.081651376146789,0.8009999999999999,22
E22_1_001,0.1020387359836901,1.001,22
E22_1_201,0.12242609582059125,1.2009999999999998,22
E22_1_401,0.14281345565749234,1.401,22
E22_1_602,0.163302752293578,1.6019999999999999,22
E22_1_802,0.1836901121304791,1.8019999999999998,22
E22_2_002,0.2040774719673802,2.002,22
E22_2_202,0.2244648318042813,2.202,22
E22_2_402,0.2448521916411825,2.4019999999999997,22
E22_2_603,0.2653414882772681,2.603,22
E22_2_803,0.2857288481141692,2.803,22
E22_3_003,0.3061162079510703,3.003,22
E22_3_203,0.3265035677879714,3.2030000000000003,22
E22_3_403,0.34689092762487256,3.403,22
E22_3_604,0.3673802242609582,3.6039999999999996,22
E22_3_804,0.3877675840978593,3.804,22
E22_4_004,0.4081549439347604,4.004,22
E22_4_204,0.4285423037716615,4.204,22
E22_4_404,0.4489296636085627,4.404,22
E22_4_605,0.4694189602446484,4.605,22
E22_4_805,0.4898063200815494,4.805,22
E22_5_005,0.5101936799184505,5.005,22
E22_5_205,0.5305810397553516,5.205,22
E22_5_405,0.5509683995922529,5.405,22
E22_5_606,0.5714576962283384,5.606,22
E22_5_806,0.5918450560652395,5.806,22
E22_6_006,0.6122324159021406,6.006,22
E22_6_206,0.6326197757390418,6.206,22
E22_6_406,0.6530071355759428,6.406000000000001,22
E22_6_607,0.6734964322120285,6.607,22
E22_6_807,0.6938837920489297,6.807,22
E22_7_007,0.7142711518858307,7.007000000000001,22
E22_7_207,0.7346585117227319,7.207000000000001,22
E22_7_407,0.7550458715596329,7.407,22
E22_7_608,0.7755351681957185,7.608,22
E22_7_808,0.7959225280326198,7.808,22
E22_8_008,0.8163098878695207,8.008,22
E22_8_208,0.8366972477064221,8.208,22
E22_8_408,0.857084607543323,8.408,22
E22_8_609,0.8775739041794087,8.609,22
E22_8_809,0.8979612640163098,8.809,22
E22_9_009,0.9183486238532109,9.009,22
E22_9_209,0.9387359836901121,9.209,22
E22_9_409,0.9591233435270132,9.408999999999999,22
E22_9_61,0.9796126401630988,9.61,22
E22_9_81,1.0,9.81,22
E23_0_0,0.0,0.0,23
E23_0_2,0.02038735983690112,0.2,23
E23_0_4,0.04077471967380224,0.4,23
E23_0_601,0.06126401630988786,0.601,23
E23_0_801,0.081651376146789,0.8009999999999999,23
E23_1_001,0.1020387359836901,1.001,23
E23_1_201,0.12242609582059125,1.2009999999999998,23
E23_1_401,0.14281345565749234,1.401,23
E23_1_602,0.163302752293578,1.6019999999999999,23
E23_1_802,0.1836901121304791,1.8019999999999998,23
E23_2_002,0.2040774719673802,2.002,23
E23_2_202,0.2244648318042813,2.202,23
E23_2_402,0.2448521916411825,2.4019999999999997,23
E23_2_603,0.2653414882772681,2.603,23
E23_2_803,0.2857288481141692,2.803,23
E23_3_003,0.3061162079510703,3.003,23
E23_3_203,0.3265035677879714,3.2030000000000003,23
E23_3_403,0.34689092762487256,3.403,23
E23_3_604,0.3673802242609582,3.6039999999999996,23
E23_3_804,0.3877675840978593,3.804,23
E23_4_004,0.4081549439347604,4.004,23
E23_4_204,0.4285423037716615,4.204,23
E23_4_404,0.4489296636085627,4.404,23
E23_4_605,0.4694189602446484,4.605,23
E23_4_805,0.4898063200815494,4.805,23
E23_5_005,0.5101936799184505,5.005,23
E23_5_205,0.5305810397553516,5.205,23
E23_5_405,0.5509683995922529,5.405,23
E23_5_606,0.5714576962283384,5.606,23
E23_5_806,0.5918450560652395,5.806,23
E23_6_006,0.6122324159021406,6.006,23
E23_6_206,0.6326197757390418,6.206,23
E23_6_406,0.6530071355759428,6.406000000000001,23
E23_6_607,0.6734964322120285,6.607,23
E23_6_807,0.6938837920489297,6.807,23
E23_7_007,0.7142711518858307,7.007000000000001,23
E23_7_207,0.7346585117227319,7.207000000000001,23
E23_7_407,0.7550458715596329,7.407,23
E23_7_608,0.7755351681957185,7.608,23
E23_7_808,0.7959225280326198,7.808,23
E23_8_008,0.8163098878695207,8.008,23
E23_8_208,0.8366972477064221,8.208,23
E23_8_408,0.857084607543323,8.408,23
E23_8_609,0.8775739041794087,8.609,23
E23_8_809,0.8979612640163098,8.809,23
E23_9_009,0.9183486238532109,9.009,23
E23_9_209,0.9387359836901121,9.209,23
E23_9_409,0.9591233435270132,9.408999999999999,23
E23_9_61,0.9796126401630988,9.61,23
E23_9_81,1.0,9.81,23
E24_0_0,0.0,0.0,24
E24_0_2,0.02038735983690112,0.2,24
E24_0_4,0.04077471967380224,0.4,24
E24_0_601,0.06126401630988786,0.601,24
E24_0_801,0.081651376146789,0.8009999999999999,24
E24_1_001,0.1020387359836901,1.001,24
E24_1_201,0.12242609582059125,1.2009999999999998,24
E24_1_401,0.14281345565749234,1.401,24
E24_1_602,0.163302752293578,1.6019999999999999,24
E24_1_802,0.1836901121304791,1.8019999999999998,24
E24_2_002,0.2040774719673802,2.002,24
E24_2_202,0.2244648318042813,2.202,24
E24_2_402,0.2448521916411825,2.4019999999999997,24
E24_2_603,0.2653414882772681,2.603,24
E24_2_803,0.2857288481141692,2.803,24
E24_3_003,0.3061162079510703,3.003,24
E24_3_203,0.3265035677879714,3.2030000000000003,24
E24_3_403,0.34689092762487256,3.403,24
E24_3_604,0.3673802242609582,3.6039999999999996,24
E24_3_804,0.3877675840978593,3.804,24
E24_4_004,0.4081549439347604,4.004,24
E24_4_204,0.4285423037716615,4.204,24
E24_4_404,0.4489296636085627,4.404,24
E24_4_605,0.4694189602446484,4.605,24
E24_4_805,0.4898063200815494,4.805,24
E24_5_005,0.5101936799184505,5.005,24
E24_5_205,0.5305810397553516,5.205,24
E24_5_405,0.5509683995922529,5.405,24
E24_5_606,0.5714576962283384,5.606,24
E24_5_806,0.5918450560652395,5.806,24
E24_6_006,0.6122324159021406,6.006,24
E24_6_206,0.6326197757390418,6.206,24
E24_6_406,0.6530071355759428,6.406000000000001,24
E24_6_607,0.6734964322120285,6.607,24
E24_6_807,0.6938837920489297,6.807,24
E24_7_007,0.7142711518858307,7.007000000000001,24
E24_7_207,0.7346585117227319,7.207000000000001,24
E24_7_407,0.7550458715596329,7.407,24
E24_7_608,0.7755351681957185,7.608,24
E24_7_808,0.7959225280326198,7.808,24
E24_8_008,0.8163098878695207,8.008,24
E24_8_208,0.8366972477064221,8.208,24
E24_8_408,0.857084607543323,8.408,24
E24_8_609,0.8775739041794087,8.609,24
E24_8_809,0.8979612640163098,8.809,24
E24_9_009,0.9183486238532109,9.009,24
E24_9_209,0.9387359836901121,9.209,24
E24_9_409,0.9591233435270132,9.408999999999999,24
E24_9_61,0.9796126401630988,9.61,24
E24_9_81,1.0,9.81,24
E25_0_0,0.0,0.0,25
E25_0_2,0.02038735983690112,0.2,25
E25_0_4,0.04077471967380224,0.4,25
E25_0_601,0.06126401630988786,0.601,25
E25_0_801,0.081651376146789,0.8009999999999999,25
E25_1_001,0.1020387359836901,1.001,25
E25_1_201,0.12242609582059125,1.2009999999999998,25
E25_1_401,0.14281345565749234,1.401,25
E25_1_602,0.163302752293578,1.6019999999999999,25
E25_1_802,0.1836901121304791,1.8019999999999998,25
E25_2_002,0.2040774719673802,2.002,25
E25_2_202,0.2244648318042813,2.202,25
E25_2_402,0.2448521916411825,2.4019999999999997,25
E25_2_603,0.2653414882772681,2.603,25
E25_2_803,0.2857288481141692,2.803,25
E25_3_003,0.3061162079510703,3.003,25
E25_3_203,0.3265035677879714,3.2030000000000003,25
E25_3_403,0.34689092762487256,3.403,25
E25_3_604,0.3673802242609582,3.6039999999999996,25
E25_3_804,0.3877675840978593,3.804,25
E25_4_004,0.4081549439347604,4.004,25
E25_4_204,0.4285423037716615,4.204,25
E25_4_404,0.4489296636085627,4.404,25
E25_4_605,0.4694189602446484,4.605,25
E25_4_805,0.4898063200815494,4.805,25
E25_5_005,0.5101936799184505,5.005,25
E25_5_205,0.5305810397553516,5.205,25
E25_5_405,0.5509683995922529,5.405,25
E25_5_606,0.5714576962283384,5.606,25
E25_5_806,0.5918450560652395,5.806,25
E25_6_006,0.6122324159021406,6.006,25
E25_6_206,0.6326197757390418,6.206,25
E25_6_406,0.6530071355759428,6.406000000000001,25
E25_6_607,0.6734964322120285,6.607,25
E25_6_807,0.6938837920489297,6.807,25
E25_7_007,0.7142711518858307,7.007000000000001,25
E25_7_207,0.7346585117227319,7.207000000000001,25
E25_7_407,0.7550458715596329,7.407,25
E25_7_608,0.7755351681957185,7.608,25
E25_7_808,0.7959225280326198,7.808,25
E25_8_008,0.8163098878695207,8.008,25
E25_8_208,0.8366972477064221,8.208,25
E25_8_408,0.857084607543323,8.408,25
E25_8_609,0.8775739041794087,8.609,25
E25_8_809,0.8979612640163098,8.809,25
E25_9_009,0.9183486238532109,9.009,25
E25_9_209,0.9387359836901121,9.209,25
E25_9_409,0.9591233435270132,9.408999999999999,25
E25_9_61,0.9796126401630988,9.61,25
E25_9_81,1.0,9.81,25
E26_0_0,0.0,0.0,26
E26_0_2,0.02038735983690112,0.2,26
E26_0_4,0.04077471967380224,0.4,26
E26_0_601,0.06126401630988786,0.601,26
E26_0_801,0.081651376146789,0.8009999999999999,26
E26_1_001,0.1020387359836901,1.001,26
E26_1_201,0.12242609582059125,1.2009999999999998,26
E26_1_401,0.14281345565749234,1.401,26
E26_1_602,0.163302752293578,1.6019999999999999,26
E26_1_802,0.1836901121304791,1.8019999999999998,26
E26_2_002,0.2040774719673802,2.002,26
E26_2_202,0.2244648318042813,2.202,26
E26_2_402,0.2448521916411825,2.4019999999999997,26
E26_2_603,0.2653414882772681,2.603,26
E26_2_803,0.2857288481141692,2.803,26
E26_3_003,0.3061162079510703,3.003,26
E26_3_203,0.3265035677879714,3.2030000000000003,26
E26_3_403,0.34689092762487256,3.403,26
E26_3_604,0.3673802242609582,3.6039999999999996,26
E26_3_804,0.3877675840978593,3.804,26
E26_4_004,0.4081549439347604,4.004,26
E26_4_204,0.4285423037716615,4.204,26
E26_4_404,0.4489296636085627,4.404,26
E26_4_605,0.4694189602446484,4.605,26
E26_4_805,0.4898063200815494,4.805,26
E26_5_005,0.5101936799184505,5.005,26
E26_5_205,0.5305810397553516,5.205,26
E26_5_405,0.5509683995922529,5.405,26
E26_5_606,0.5714576962283384,5.606,26
E26_5_806,0.5918450560652395,5.806,26
E26_6_006,0.6122324159021406,6.006,26
E26_6_206,0.6326197757390418,6.206,26
E26_6_406,0.6530071355759428,6.406000000000001,26
E26_6_607,0.6734964322120285,6.607,26
E26_6_807,0.6938837920489297,6.807,26
E26_7_007,0.7142711518858307,7.007000000000001,26
E26_7_207,0.7346585117227319,7.207000000000001,26
E26_7_407,0.7550458715596329,7.407,26
E26_7_608,0.7755351681957185,7.608,26
E26_7_808,0.7959225280326198,7.808,26
E26_8_008,0.8163098878695207,8.008,26
E26_8_208,0.8366972477064221,8.208,26
E26_8_408,0.857084607543323,8.408,26
E26_8_609,0.8775739041794087,8.609,26
E26_8_809,0.8979612640163098,8.809,26
E26_9_009,0.9183486238532109,9.009,26
E26_9_209,0.9387359836901121,9.209,26
E26_9_409,0.9591233435270132,9.408999999999999,26
E26_9_61,0.9796126401630988,9.61,26
E26_9_81,1.0,9.81,26
E27_0_0,0.0,0.0,27
E27_0_2,0.02038735983690112,0.2,27
E27_0_4,0.04077471967380224,0.4,27
E27_0_601,0.06126401630988786,0.601,27
E27_0_801,0.081651376146789,0.8009999999999999,27
E27_1_001,0.1020387359836901,1.001,27
E27_1_201,0.12242609582059125,1.2009999999999998,27
E27_1_401,0.14281345565749234,1.401,27
E27_1_602,0.163302752293578,1.6019999999999999,27
E27_1_802,0.1836901121304791,1.8019999999999998,27
E27_2_002,0.2040774719673802,2.002,27
E27_2_202,0.2244648318042813,2.202,27
E27_2_402,0.2448521916411825,2.4019999999999997,27
E27_2_603,0.2653414882772681,2.603,27
E27_2_803,0.2857288481141692,2.803,27
E27_3_003,0.3061162079510703,3.003,27
E27_3_203,0.3265035677879714,3.2030000000000003,27
E27_3_403,0.34689092762487256,3.403,27
E27_3_604,0.3673802242609582,3.6039999999999996,27
E27_3_804,0.3877675840978593,3.804,27
E27_4_004,0.4081549439347604,4.004,27
E27_4_204,0.4285423037716615,4.204,27
E27_4_404,0.4489296636085627,4.404,27
E27_4_605,0.4694189602446484,4.605,27
E27_4_805,0.4898063200815494,4.805,27
E27_5_005,0.5101936799184505,5.005,27
E27_5_205,0.5305810397553516,5.205,27
E27_5_405,0.5509683995922529,5.405,27
E27_5_606,0.5714576962283384,5.606,27
E27_5_806,0.5918450560652395,5.806,27
E27_6_006,0.6122324159021406,6.006,27
E27_6_206,0.6326197757390418,6.206,27
E27_6_406,0.6530071355759428,6.406000000000001,27
E27_6_607,0.6734964322120285,6.607,27
E27_6_807,0.6938837920489297,6.807,27
E27_7_007,0.7142711518858307,7.007000000000001,27
E27_7_207,0.7346585117227319,7.207000000000001,27
E27_7_407,0.7550458715596329,7.407,27
E27_7_608,0.7755351681957185,7.608,27
E27_7_808,0.7959225280326198,7.808,27
E27_8_008,0.8163098878695207,8.008,27
E27_8_208,0.8366972477064221,8.208,27
E27_8_408,0.857084607543323,8.408,27
E27_8_609,0.8775739041794087,8.609,27
E27_8_809,0.8979612640163098,8.809,27
E27_9_009,0.9183486238532109,9.009,27
E27_9_209,0.9387359836901121,9.209,27
E27_9_409,0.9591233435270132,9.408999999999999,27
E27_9_61,0.9796126401630988,9.61,27
E27_9_81,1.0,9.81,27
E28_0_0,0.0,0.0,28
E28_0_2,0.02038735983690112,0.2,28
E28_0_4,0.04077471967380224,0.4,28
E28_0_601,0.06126401630988786,0.601,28
E28_0_801,0.081651376146789,0.8009999999999999,28
E28_1_001,0.1020387359836901,1.001,28
E28_1_201,0.12242609582059125,1.2009999999999998,28
E28_1_401,0.14281345565749234,1.401,28
E28_1_602,0.163302752293578,1.6019999999999999,28
E28_1_802,0.1836901121304791,1.8019999999999998,28
E28_2_002,0.2040774719673802,2.002,28
E28_2_202,0.2244648318042813,2.202,28
E28_2_402,0.2448521916411825,2.4019999999999997,28
E28_2_603,0.2653414882772681,2.603,28
E28_2_803,0.2857288481141692,2.803,28
E28_3_003,0.3061162079510703,3.003,28
E28_3_203,0.3265035677879714,3.2030000000000003,28
E28_3_403,0.34689092762487256,3.403,28
E28_3_604,0.3673802242609582,3.6039999999999996,28
E28_3_804,0.3877675840978593,3.804,28
E28_4_004,0.4081549439347604,4.004,28
E28_4_204,0.4285423037716615,4.204,28
E28_4_404,0.4489296636085627,4.404,28
E28_4_605,0.4694189602446484,4.605,28
E28_4_805,0.4898063200815494,4.805,28
E28_5_005,0.5101936799184505,5.005,28
E28_5_205,0.5305810397553516,5.205,28
E28_5_405,0.5509683995922529,5.405,28
E28_5_606,0.5714576962283384,5.606,28
E28_5_806,0.5918450560652395,5.806,28
E28_6_006,0.6122324159021406,6.006,28
E28_6_206,0.6326197757390418,6.206,28
E28_6_406,0.6530071355759428,6.406000000000001,28
E28_6_607,0.6734964322120285,6.607,28
E28_6_807,0.6938837920489297,6.807,28
E28_7_007,0.7142711518858307,7.007000000000001,28
E28_7_207,0.7346585117227319,7.207000000000001,28
E28_7_407,0.7550458715596329,7.407,28
E28_7_608,0.7755351681957185,7.608,28
E28_7_808,0.7959225280326198,7.808,28
E28_8_008,0.8163098878695207,8.008,28
E28_8_208,0.8366972477064221,8.208,28
E28_8_408,0.857084607543323,8.408,28
E28_8_609,0.8775739041794087,8.609,28
E28_8_809,0.8979612640163098,8.809,28
E28_9_009,0.9183486238532109,9.009,28
E28_9_209,0.9387359836901121,9.209,28
E28_9_409,0.9591233435270132,9.408999999999999,28
E28_9_61,0.9796126401630988,9.61,28
E28_9_81,1.0,9.81,28
E29_0_0,0.0,0.0,29
E29_0_2,0.02038735983690112,0.2,29
E29_0_4,0.04077471967380224,0.4,29
E29_0_601,0.06126401630988786,0.601,29
E29_0_801,0.081651376146789,0.8009999999999999,29
E29_1_001,0.1020387359836901,1.001,29
E29_1_201,0.12242609582059125,1.2009999999999998,29
E29_1_401,0.14281345565749234,1.401,29
E29_1_602,0.163302752293578,1.6019999999999999,29
E29_1_802,0.1836901121304791,1.8019999999999998,29
E29_2_002,0.2040774719673802,2.002,29
E29_2_202,0.2244648318042813,2.202,29
E29_2_402,0.2448521916411825,2.4019999999999997,29
E29_2_603,0.2653414882772681,2.603,29
E29_2_803,0.2857288481141692,2.803,29
E29_3_003,0.3061162079510703,3.003,29
E29_3_203,0.3265035677879714,3.2030000000000003,29
E29_3_403,0.34689092762487256,3.403,29
E29_3_604,0.3673802242609582,3.6039999999999996,29
E29_3_804,0.3877675840978593,3.804,29
E29_4_004,0.4081549439347604,4.004,29
E29_4_204,0.4285423037716615,4.204,29
E29_4_404,0.4489296636085627,4.404,29
E29_4_605,0.4694189602446484,4.605,29
E29_4_805,0.4898063200815494,4.805,29
E29_5_005,0.5101936799184505,5.005,29
E29_5_205,0.5305810397553516,5.205,29
E29_5_405,0.5509683995922529,5.405,29
E29_5_606,0.5714576962283384,5.606,29
E29_5_806,0.5918450560652395,5.806,29
E29_6_006,0.6122324159021406,6.006,29
E29_6_206,0.6326197757390418,6.206,29
E29_6_406,0.6530071355759428,6.406000000000001,29
E29_6_607,0.6734964322120285,6.607,29
E29_6_807,0.6938837920489297,6.807,29
E29_7_007,0.7142711518858307,7.007000000000001,29
E29_7_207,0.7346585117227319,7.207000000000001,29
E29_7_407,0.7550458715596329,7.407,29
E29_7_608,0.7755351681957185,7.608,29
E29_7_808,0.7959225280326198,7.808,29
E29_8_008,0.8163098878695207,8.008,29
E29_8_208,0.8366972477064221,8.208,29
E29_8_408,0.857084607543323,8.408,29
E29_8_609,0.8775739041794087,8.609,29
E29_8_809,0.8979612640163098,8.809,29
E29_9_009,0.9183486238532109,9.009,29
E29_9_209,0.9387359836901121,9.209,29
E29_9_409,0.9591233435270132,9.408999999999999,29
E29_9_61,0.9796126401630988,9.61,29
E29_9_81,1.0,9.81,29
E30_0_0,0.0,0.0,30
E30_0_2,0.02038735983690112,0.2,30
E30_0_4,0.04077471967380224,0.4,30
E30_0_601,0.06126401630988786,0.601,30
E30_0_801,0.081651376146789,0.8009999999999999,30
E30_1_001,0.1020387359836901,1.001,30
E30_1_201,0.12242609582059125,1.2009999999999998,30
E30_1_401,0.14281345565749234,1.401,30
E30_1_602,0.163302752293578,1.6019999999999999,30
E30_1_802,0.1836901121304791,1.8019999999999998,30
E30_2_002,0.2040774719673802,2.002,30
E30_2_202,0.2244648318042813,2.202,30
E30_2_402,0.2448521916411825,2.4019999999999997,30
E30_2_603,0.2653414882772681,2.603,30
E30_2_803,0.2857288481141692,2.803,30
E30_3_003,0.3061162079510703,3.003,30
E30_3_203,0.3265035677879714,3.2030000000000003,30
E30_3_403,0.34689092762487256,3.403,30
E30_3_604,0.3673802242609582,3.6039999999999996,30
E30_3_804,0.3877675840978593,3.804,30
E30_4_004,0.4081549439347604,4.004,30
E30_4_204,0.4285423037716615,4.204,30
E30_4_404,0.4489296636085627,4.404,30
E30_4_605,0.4694189602446484,4.605,30
E30_4_805,0.4898063200815494,4.805,30
E30_5_005,0.5101936799184505,5.005,30
E30_5_205,0.5305810397553516,5.205,30
E30_5_405,0.5509683995922529,5.405,30
E30_5_606,0.5714576962283384,5.606,30
E30_5_806,0.5918450560652395,5.806,30
E30_6_006,0.6122324159021406,6.006,30
E30_6_206,0.6326197757390418,6.206,30
E30_6_406,0.6530071355759428,6.406000000000001,30
E30_6_607,0.6734964322120285,6.607,30
E30_6_807,0.6938837920489297,6.807,30
E30_7_007,0.7142711518858307,7.007000000000001,30
E30_7_207,0.7346585117227319,7.207000000000001,30
E30_7_407,0.7550458715596329,7.407,30
E30_7_608,0.7755351681957185,7.608,30
E30_7_808,0.7959225280326198,7.808,30
E30_8_008,0.8163098878695207,8.008,30
E30_8_208,0.8366972477064221,8.208,30
E30_8_408,0.857084607543323,8.408,30
E30_8_609,0.8775739041794087,8.609,30
E30_8_809,0.8979612640163098,8.809,30
E30_9_009,0.9183486238532109,9.009,30
E30_9_209,0.9387359836901121,9.209,30
E30_9_409,0.9591233435270132,9.408999999999999,30
E30_9_61,0.9796126401630988,9.61,30
E30_9_81,1.0,9.81,30
E31_0_0,0.0,0.0,31
E31_0_2,0.02038735983690112,0.2,31
E31_0_4,0.04077471967380224,0.4,31
E31_0_601,0.06126401630988786,0.601,31
E31_0_801,0.081651376146789,0.8009999999999999,31
E31_1_001,0.1020387359836901,1.001,31
E31_1_201,0.12242609582059125,1.2009999999999998,31
E31_1_401,0.14281345565749234,1.401,31
E31_1_602,0.163302752293578,1.6019999999999999,31
E31_1_802,0.1836901121304791,1.8019999999999998,31
E31_2_002,0.2040774719673802,2.002,31
E31_2_202,0.2244648318042813,2.202,31
E31_2_402,0.2448521916411825,2.4019999999999997,31
E31_2_603,0.2653414882772681,2.603,31
E31_2_803,0.2857288481141692,2.803,31
E31_3_003,0.3061162079510703,3.003,31
E31_3_203,0.3265035677879714,3.2030000000000003,31
E31_3_403,0.34689092762487256,3.403,31
E31_3_604,0.3673802242609582,3.6039999999999996,31
E31_3_804,0.3877675840978593,3.804,31
E31_4_004,0.4081549439347604,4.004,31
E31_4_204,0.4285423037716615,4.204,31
E31_4_404,0.4489296636085627,4.404,31
E31_4_605,0.4694189602446484,4.605,31
E31_4_805,0.4898063200815494,4.805,31
E31_5_005,0.5101936799184505,5.005,31
E31_5_205,0.5305810397553516,5.205,31
E31_5_405,0.5509683995922529,5.405,31
E31_5_606,0.5714576962283384,5.606,31
E31_5_806,0.5918450560652395,5.806,31
E31_6_006,0.6122324159021406,6.006,31
E31_6_206,0.6326197757390418,6.206,31
E31_6_406,0.6530071355759428,6.406000000000001,31
E31_6_607,0.6734964322120285,6.607,31
E31_6_807,0.6938837920489297,6.807,31
E31_7_007,0.7142711518858307,7.007000000000001,31
E31_7_207,0.7346585117227319,7.207000000000001,31
E31_7_407,0.7550458715596329,7.407,31
E31_7_608,0.7755351681957185,7.608,31
E31_7_808,0.7959225280326198,7.808,31
E31_8_008,0.8163098878695207,8.008,31
E31_8_208,0.8366972477064221,8.208,31
E31_8_408,0.857084607543323,8.408,31
E31_8_609,0.8775739041794087,8.609,31
E31_8_809,0.8979612640163098,8.809,31
E31_9_009,0.9183486238532109,9.009,31
E31_9_209,0.9387359836901121,9.209,31
E31_9_409,0.9591233435270132,9.408999999999999,31
E31_9_61,0.9796126401630988,9.61,31
E31_9_81,1.0,9.81,31
E32_0_0,0.0,0.0,32
E32_0_2,0.02038735983690112,0.2,32
E32_0_4,0.04077471967380224,0.4,32
E32_0_601,0.06126401630988786,0.601,32
E32_0_801,0.081651376146789,0.8009999999999999,32
E32_1_001,0.1020387359836901,1.001,32
E32_1_201,0.12242609582059125,1.2009999999999998,32
E32_1_401,0.14281345565749234,1.401,32
E32_1_602,0.163302752293578,1.6019999999999999,32
E32_1_802,0.1836901121304791,1.8019999999999998,32
E32_2_002,0.2040774719673802,2.002,32
E32_2_202,0.2244648318042813,2.202,32
E32_2_402,0.2448521916411825,2.4019999999999997,32
E32_2_603,0.2653414882772681,2.603,32
E32_2_803,0.2857288481141692,2.803,32
E32_3_003,0.3061162079510703,3.003,32
E32_3_203,0.3265035677879714,3.2030000000000003,32
E32_3_403,0.34689092762487256,3.403,32
E32_3_604,0.3673802242609582,3.6039999999999996,32
E32_3_804,0.3877675840978593,3.804,32
E32_4_004,0.4081549439347604,4.004,32
E32_4_204,0.4285423037716615,4.204,32
E32_4_404,0.4489296636085627,4.404,32
E32_4_605,0.4694189602446484,4.605,32
E32_4_805,0.4898063200815494,4.805,32
E32_5_005,0.5101936799184505,5.005,32
E32_5_205,0.5305810397553516,5.205,32
E32_5_405,0.5509683995922529,5.405,32
E32_5_606,0.5714576962283384,5.606,32
E32_5_806,0.5918450560652395,5.806,32
E32_6_006,0.6122324159021406,6.006,32
E32_6_206,0.6326197757390418,6.206,32
E32_6_406,0.6530071355759428,6.406000000000001,32
E32_6_607,0.6734964322120285,6.607,32
E32_6_807,0.6938837920489297,6.807,32
E32_7_007,0.7142711518858307,7.007000000000001,32
E32_7_207,0.7346585117227319,7.207000000000001,32
E32_7_407,0.7550458715596329,7.407,32
E32_7_608,0.7755351681957185,7.608,32
E32_7_808,0.7959225280326198,7.808,32
E32_8_008,0.8163098878695207,8.008,32
E32_8_208,0.8366972477064221,8.208,32
E32_8_408,0.857084607543323,8.408,32
E32_8_609,0.8775739041794087,8.609,32
E32_8_809,0.8979612640163098,8.809,32
E32_9_009,0.9183486238532109,9.009,32
E32_9_209,0.9387359836901121,9.209,32
E32_9_409,0.9591233435270132,9.408999999999999,32
E32_9_61,0.9796126401630988,9.61,32
E32_9_81,1.0,9.81,32
E33_0_0,0.0,0.0,33
E33_0_2,0.02038735983690112,0.2,33
E33_0_4,0.04077471967380224,0.4,33
E33_0_601,0.06126401630988786,0.601,33
E33_0_801,0.081651376146789,0.8009999999999999,33
E33_1_001,0.1020387359836901,1.001,33
E33_1_201,0.12242609582059125,1.2009999999999998,33
E33_1_401,0.14281345565749234,1.401,33
E33_1_602,0.163302752293578,1.6019999999999999,33
E33_1_802,0.1836901121304791,1.8019999999999998,33
E33_2_002,0.2040774719673802,2.002,33
E33_2_202,0.2244648318042813,2.202,33
E33_2_402,0.2448521916411825,2.4019999999999997,33
E33_2_603,0.2653414882772681,2.603,33
E33_2_803,0.2857288481141692,2.803,33
E33_3_003,0.3061162079510703,3.003,33
E33_3_203,0.3265035677879714,3.2030000000000003,33
E33_3_403,0.34689092762487256,3.403,33
E33_3_604,0.3673802242609582,3.6039999999999996,33
E33_3_804,0.3877675840978593,3.804,33
E33_4_004,0.4081549439347604,4.004,33
E33_4_204,0.4285423037716615,4.204,33
E33_4_404,0.4489296636085627,4.404,33
E33_4_605,0.4694189602446484,4.605,33
E33_4_805,0.4898063200815494,4.805,33
E33_5_005,0.5101936799184505,5.005,33
E33_5_205,0.5305810397553516,5.205,33
E33_5_405,0.5509683995922529,5.405,33
E33_5_606,0.5714576962283384,5.606,33
E33_5_806,0.5918450560652395,5.806,33
E33_6_006,0.6122324159021406,6.006,33
E33_6_206,0.6326197757390418,6.206,33
E33_6_406,0.6530071355759428,6.406000000000001,33
E33_6_607,0.6734964322120285,6.607,33
E33_6_807,0.6938837920489297,6.807,33
E33_7_007,0.7142711518858307,7.007000000000001,33
E33_7_207,0.7346585117227319,7.207000000000001,33
E33_7_407,0.7550458715596329,7.407,33
E33_7_608,0.7755351681957185,7.608,33
E33_7_808,0.7959225280326198,7.808,33
E33_8_008,0.8163098878695207,8.008,33
E33_8_208,0.8366972477064221,8.208,33
E33_8_408,0.857084607543323,8.408,33
E33_8_609,0.8775739041794087,8.609,33
E33_8_809,0.8979612640163098,8.809,33
E33_9_009,0.9183486238532109,9.009,33
E33_9_209,0.9387359836901121,9.209,33
E33_9_409,0.9591233435270132,9.408999999999999,33
E33_9_61,0.9796126401630988,9.61,33
E33_9_81,1.0,9.81,33
E34_0_0,0.0,0.0,34
E34_0_2,0.02038735983690112,0.2,34
E34_0_4,0.04077471967380224,0.4,34
E34_0_601,0.06126401630988786,0.601,34
E34_0_801,0.081651376146789,0.8009999999999999,34
E34_1_001,0.1020387359836901,1.001,34
E34_1_201,0.12242609582059125,1.2009999999999998,34
E34_1_401,0.14281345565749234,1.401,34
E34_1_602,0.163302752293578,1.6019999999999999,34
E34_1_802,0.1836901121304791,1.8019999999999998,34
E34_2_002,0.2040774719673802,2.002,34
E34_2_202,0.2244648318042813,2.202,34
E34_2_402,0.2448521916411825,2.4019999999999997,34
E34_2_603,0.2653414882772681,2.603,34
E34_2_803,0.2857288481141692,2.803,34
E34_3_003,0.3061162079510703,3.003,34
E34_3_203,0.3265035677879714,3.2030000000000003,34
E34_3_403,0.34689092762487256,3.403,34
E34_3_604,0.3673802242609582,3.6039999999999996,34
E34_3_804,0.3877675840978593,3.804,34
E34_4_004,0.4081549439347604,4.004,34
E34_4_204,0.4285423037716615,4.204,34
E34_4_404,0.4489296636085627,4.404,34
E34_4_605,0.4694189602446484,4.605,34
E34_4_805,0.4898063200815494,4.805,34
E34_5_005,0.5101936799184505,5.005,34
E34_5_205,0.5305810397553516,5.205,34
E34_5_405,0.5509683995922529,5.405,34
E34_5_606,0.5714576962283384,5.606,34
E34_5_806,0.5918450560652395,5.806,34
E34_6_006,0.6122324159021406,6.006,34
E34_6_206,0.6326197757390418,6.206,34
E34_6_406,0.6530071355759428,6.406000000000001,34
E34_6_607,0.6734964322120285,6.607,34
E34_6_807,0.6938837920489297,6.807,34
E34_7_007,0.7142711518858307,7.007000000000001,34
E34_7_207,0.7346585117227319,7.207000000000001,34
E34_7_407,0.7550458715596329,7.407,34
E34_7_608,0.7755351681957185,7.608,34
E34_7_808,0.7959225280326198,7.808,34
E34_8_008,0.8163098878695207,8.008,34
E34_8_208,0.8366972477064221,8.208,34
E34_8_408,0.857084607543323,8.408,34
E34_8_609,0.8775739041794087,8.609,34
E34_8_809,0.8979612640163098,8.809,34
E34_9_009,0.9183486238532109,9.009,34
E34_9_209,0.9387359836901121,9.209,34
E34_9_409,0.9591233435270132,9.408999999999999,34
E34_9_61,0.9796126401630988,9.61,34
E34_9_81,1.0,9.81,34
E35_0_0,0.0,0.0,35
E35_0_2,0.02038735983690112,0.2,35
E35_0_4,0.04077471967380224,0.4,35
E35_0_601,0.06126401630988786,0.601,35
E35_0_801,0.081651376146789,0.8009999999999999,35
E35_1_001,0.1020387359836901,1.001,35
E35_1_201,0.12242609582059125,1.2009999999999998,35
E35_1_401,0.14281345565749234,1.401,35
E35_1_602,0.163302752293578,1.6019999999999999,35
E35_1_802,0.1836901121304791,1.8019999999999998,35
E35_2_002,0.2040774719673802,2.002,35
E35_2_202,0.2244648318042813,2.202,35
E35_2_402,0.2448521916411825,2.4019999999999997,35
E35_2_603,0.2653414882772681,2.603,35
E35_2_803,0.2857288481141692,2.803,35
E35_3_003,0.3061162079510703,3.003,35
E35_3_203,0.3265035677879714,3.2030000000000003,35
E35_3_403,0.34689092762487256,3.403,35
E35_3_604,0.3673802242609582,3.6039999999999996,35
E35_3_804,0.3877675840978593,3.804,35
E35_4_004,0.4081549439347604,4.004,35
E35_4_204,0.4285423037716615,4.204,35
E35_4_404,0.4489296636085627,4.404,35
E35_4_605,0.4694189602446484,4.605,35
E35_4_805,0.4898063200815494,4.805,35
E35_5_005,0.5101936799184505,5.005,35
E35_5_205,0.5305810397553516,5.205,35
E35_5_405,0.5509683995922529,5.405,35
E35_5_606,0.5714576962283384,5.606,35
E35_5_806,0.5918450560652395,5.806,35
E35_6_006,0.6122324159021406,6.006,35
E35_6_206,0.6326197757390418,6.206,35
E35_6_406,0.6530071355759428,6.406000000000001,35
E35_6_607,0.6734964322120285,6.607,35
E35_6_807,0.6938837920489297,6.807,35
E35_7_007,0.7142711518858307,7.007000000000001,35
E35_7_207,0.7346585117227319,7.207000000000001,35
E35_7_407,0.7550458715596329,7.407,35
E35_7_608,0.7755351681957185,7.608,35
E35_7_808,0.7959225280326198,7.808,35
E35_8_008,0.8163098878695207,8.008,35
E35_8_208,0.8366972477064221,8.208,35
E35_8_408,0.857084607543323,8.408,35
E35_8_609,0.8775739041794087,8.609,35
E35_8_809,0.8979612640163098,8.809,35
E35_9_009,0.9183486238532109,9.009,35
E35_9_209,0.9387359836901121,9.209,35
E35_9_409,0.9591233435270132,9.408999999999999,35
E35_9_61,0.9796126401630988,9.61,35
E35_9_81,1.0,9.81,35
E36_0_0,0.0,0.0,36
E36_0_2,0.02038735983690112,0.2,36
E36_0_4,0.04077471967380224,0.4,36
E36_0_601,0.06126401630988786,0.601,36
E36_0_801,0.081651376146789,0.8009999999999999,36
E36_1_001,0.1020387359836901,1.001,36
E36_1_201,0.12242609582059125,1.2009999999999998,36
E36_1_401,0.14281345565749234,1.401,36
E36_1_602,0.163302752293578,1.6019999999999999,36
E36_1_802,0.1836901121304791,1.8019999999999998,36
E36_2_002,0.2040774719673802,2.002,36
E36_2_202,0.2244648318042813,2.202,36
E36_2_402,0.2448521916411825,2.4019999999999997,36
E36_2_603,0.2653414882772681,2.603,36
E36_2_803,0.2857288481141692,2.803,36
E36_3_003,0.3061162079510703,3.003,36
E36_3_203,0.3265035677879714,3.2030000000000003,36
E36_3_403,0.34689092762487256,3.403,36
E36_3_604,0.3673802242609582,3.6039999999999996,36
E36_3_804,0.3877675840978593,3.804,36
E36_4_004,0.4081549439347604,4.004,36
E36_4_204,0.4285423037716615,4.204,36
E36_4_404,0.4489296636085627,4.404,36
E36_4_605,0.4694189602446484,4.605,36
E36_4_805,0.4898063200815494,4.805,36
E36_5_005,0.5101936799184505,5.005,36
E36_5_205,0.5305810397553516,5.205,36
E36_5_405,0.5509683995922529,5.405,36
E36_5_606,0.5714576962283384,5.606,36
E36_5_806,0.5918450560652395,5.806,36
E36_6_006,0.6122324159021406,6.006,36
E36_6_206,0.6326197757390418,6.206,36
E36_6_406,0.6530071355759428,6.406000000000001,36
E36_6_607,0.6734964322120285,6.607,36
E36_6_807,0.6938837920489297,6.807,36
E36_7_007,0.7142711518858307,7.007000000000001,36
E36_7_207,0.7346585117227319,7.207000000000001,36
E36_7_407,0.7550458715596329,7.407,36
E36_7_608,0.7755351681957185,7.608,36
E36_7_808,0.7959225280326198,7.808,36
E36_8_008,0.8163098878695207,8.008,36
E36_8_208,0.8366972477064221,8.208,36
E36_8_408,0.857084607543323,8.408,36
E36_8_609,0.8775739041794087,8.609,36
E36_8_809,0.8979612640163098,8.809,36
E36_9_009,0.9183486238532109,9.009,36
E36_9_209,0.9387359836901121,9.209,36
E36_9_409,0.9591233435270132,9.408999999999999,36
E36_9_61,0.9796126401630988,9.61,36
E36_9_81,1.0,9.81,36
E37_0_0,0.0,0.0,37
E37_0_2,0.02038735983690112,0.2,37
E37_0_4,0.04077471967380224,0.4,37
E37_0_601,0.06126401630988786,0.601,37
E37_0_801,0.081651376146789,0.8009999999999999,37
E37_1_001,0.1020387359836901,1.001,37
E37_1_201,0.12242609582059125,1.2009999999999998,37
E37_1_401,0.14281345565749234,1.401,37
E37_1_602,0.163302752293578,1.6019999999999999,37
E37_1_802,0.1836901121304791,1.8019999999999998,37
E37_2_002,0.2040774719673802,2.002,37
E37_2_202,0.2244648318042813,2.202,37
E37_2_402,0.2448521916411825,2.4019999999999997,37
E37_2_603,0.2653414882772681,2.603,37
E37_2_803,0.2857288481141692,2.803,37
E37_3_003,0.3061162079510703,3.003,37
E37_3_203,0.3265035677879714,3.2030000000000003,37
E37_3_403,0.34689092762487256,3.403,37
E37_3_604,0.3673802242609582,3.6039999999999996,37
E37_3_804,0.3877675840978593,3.804,37
E37_4_004,0.4081549439347604,4.004,37
E37_4_204,0.4285423037716615,4.204,37
E37_4_404,0.4489296636085627,4.404,37
E37_4_605,0.4694189602446484,4.605,37
E37_4_805,0.4898063200815494,4.805,37
E37_5_005,0.5101936799184505,5.005,37
E37_5_205,0.5305810397553516,5.205,37
E37_5_405,0.5509683995922529,5.405,37
E37_5_606,0.5714576962283384,5.606,37
E37_5_806,0.5918450560652395,5.806,37
E37_6_006,0.6122324159021406,6.006,37
E37_6_206,0.6326197757390418,6.206,37
E37_6_406,0.6530071355759428,6.406000000000001,37
E37_6_607,0.6734964322120285,6.607,37
E37_6_807,0.6938837920489297,6.807,37
E37_7_007,0.7142711518858307,7.007000000000001,37
E37_7_207,0.7346585117227319,7.207000000000001,37
E37_7_407,0.7550458715596329,7.407,37
E37_7_608,0.7755351681957185,7.608,37
E37_7_808,0.7959225280326198,7.808,37
E37_8_008,0.8163098878695207,8.008,37
E37_8_208,0.8366972477064221,8.208,37
E37_8_408,0.857084607543323,8.408,37
E37_8_609,0.8775739041794087,8.609,37
E37_8_809,0.8979612640163098,8.809,37
E37_9_009,0.9183486238532109,9.009,37
E37_9_209,0.9387359836901121,9.209,37
E37_9_409,0.9591233435270132,9.408999999999999,37
E37_9_61,0.9796126401630988,9.61,37
E37_9_81,1.0,9.81,37
E38_0_0,0.0,0.0,38
E38_0_2,0.02038735983690112,0.2,38
E38_0_4,0.04077471967380224,0.4,38
E38_0_601,0.06126401630988786,0.601,38
E38_0_801,0.081651376146789,0.8009999999999999,38
E38_1_001,0.1020387359836901,1.001,38
E38_1_201,0.12242609582059125,1.2009999999999998,38
E38_1_401,0.14281345565749234,1.401,38
E38_1_602,0.163302752293578,1.6019999999999999,38
E38_1_802,0.1836901121304791,1.8019999999999998,38
E38_2_002,0.2040774719673802,2.002,38
E38_2_202,0.2244648318042813,2.202,38
E38_2_402,0.2448521916411825,2.4019999999999997,38
E38_2_603,0.2653414882772681,2.603,38
E38_2_803,0.2857288481141692,2.803,38
E38_3_003,0.3061162079510703,3.003,38
E38_3_203,0.3265035677879714,3.2030000000000003,38
E38_3_403,0.34689092762487256,3.403,38
E38_3_604,0.3673802242609582,3.6039999999999996,38
E38_3_804,0.3877675840978593,3.804,38
E38_4_004,0.4081549439347604,4.004,38
E38_4_204,0.4285423037716615,4.204,38
E38_4_404,0.4489296636085627,4.404,38
E38_4_605,0.4694189602446484,4.605,38
E38_4_805,0.4898063200815494,4.805,38
E38_5_005,0.5101936799184505,5.005,38
E38_5_205,0.5305810397553516,5.205,38
E38_5_405,0.5509683995922529,5.405,38
E38_5_606,0.5714576962283384,5.606,38
E38_5_806,0.5918450560652395,5.806,38
E38_6_006,0.6122324159021406,6.006,38
E38_6_206,0.6326197757390418,6.206,38
E38_6_406,0.6530071355759428,6.406000000000001,38
E38_6_607,0.6734964322120285,6.607,38
E38_6_807,0.6938837920489297,6.807,38
E38_7_007,0.7142711518858307,7.007000000000001,38
E38_7_207,0.7346585117227319,7.207000000000001,38
E38_7_407,0.7550458715596329,7.407,38
E38_7_608,0.7755351681957185,7.608,38
E38_7_808,0.7959225280326198,7.808,38
E38_8_008,0.8163098878695207,8.008,38
E38_8_208,0.8366972477064221,8.208,38
E38_8_408,0.857084607543323,8.408,38
E38_8_609,0.8775739041794087,8.609,38
E38_8_809,0.8979612640163098,8.809,38
E38_9_009,0.9183486238532109,9.009,38
E38_9_209,0.9387359836901121,9.209,38
E38_9_409,0.9591233435270132,9.408999999999999,38
E38_9_61,0.9796126401630988,9.61,38
E38_9_81,1.0,9.81,38
E39_0_0,0.0,0.0,39
E39_0_2,0.02038735983690112,0.2,39
E39_0_4,0.04077471967380224,0.4,39
E39_0_601,0.06126401630988786,0.601,39
E39_0_801,0.081651376146789,0.8009999999999999,39
E39_1_001,0.1020387359836901,1.001,39
E39_1_201,0.12242609582059125,1.2009999999999998,39
E39_1_401,0.14281345565749234,1.401,39
E39_1_602,0.163302752293578,1.6019999999999999,39
E39_1_802,0.1836901121304791,1.8019999999999998,39
E39_2_002,0.2040774719673802,2.002,39
E39_2_202,0.2244648318042813,2.202,39
E39_2_402,0.2448521916411825,2.4019999999999997,39
E39_2_603,0.2653414882772681,2.603,39
E39_2_803,0.2857288481141692,2.803,39
E39_3_003,0.3061162079510703,3.003,39
E39_3_203,0.3265035677879714,3.2030000000000003,39
E39_3_403,0.34689092762487256,3.403,39
E39_3_604,0.3673802242609582,3.6039999999999996,39
E39_3_804,0.3877675840978593,3.804,39
E39_4_004,0.4081549439347604,4.004,39
E39_4_204,0.4285423037716615,4.204,39
E39_4_404,0.4489296636085627,4.404,39
E39_4_605,0.4694189602446484,4.605,39
E39_4_805,0.4898063200815494,4.805,39
E39_5_005,0.5101936799184505,5.005,39
E39_5_205,0.5305810397553516,5.205,39
E39_5_405,0.5509683995922529,5.405,39
E39_5_606,0.5714576962283384,5.606,39
E39_5_806,0.5918450560652395,5.806,39
E39_6_006,0.6122324159021406,6.006,39
E39_6_206,0.6326197757390418,6.206,39
E39_6_406,0.6530071355759428,6.406000000000001,39
E39_6_607,0.6734964322120285,6.607,39
E39_6_807,0.6938837920489297,6.807,39
E39_7_007,0.7142711518858307,7.007000000000001,39
E39_7_207,0.7346585117227319,7.207000000000001,39
E39_7_407,0.7550458715596329,7.407,39
E39_7_608,0.7755351681957185,7.608,39
E39_7_808,0.7959225280326198,7.808,39
E39_8_008,0.8163098878695207,8.008,39
E39_8_208,0.8366972477064221,8.208,39
E39_8_408,0.857084607543323,8.408,39
E39_8_609,0.8775739041794087,8.609,39
E39_8_809,0.8979612640163098,8.809,39
E39_9_009,0.9183486238532109,9.009,39
E39_9_209,0.9387359836901121,9.209,39
E39_9_409,0.9591233435270132,9.408999999999999,39
E39_9_61,0.9796126401630988,9.61,39
E39_9_81,1.0,9.81,39
E40_0_0,0.0,0.0,40
E40_0_2,0.02038735983690112,0.2,40
E40_0_4,0.04077471967380224,0.4,40
E40_0_601,0.06126401630988786,0.601,40
E40_0_801,0.081651376146789,0.8009999999999999,40
E40_1_001,0.1020387359836901,1.001,40
E40_1_201,0.12242609582059125,1.2009999999999998,40
E40_1_401,0.14281345565749234,1.401,40
E40_1_602,0.163302752293578,1.6019999999999999,40
E40_1_802,0.1836901121304791,1.8019999999999998,40
E40_2_002,0.2040774719673802,2.002,40
E40_2_202,0.2244648318042813,2.202,40
E40_2_402,0.2448521916411825,2.4019999999999997,40
E40_2_603,0.2653414882772681,2.603,40
E40_2_803,0.2857288481141692,2.803,40
E40_3_003,0.3061162079510703,3.003,40
E40_3_203,0.3265035677879714,3.2030000000000003,40
E40_3_403,0.34689092762487256,3.403,40
E40_3_604,0.3673802242609582,3.6039999999999996,40
E40_3_804,0.3877675840978593,3.804,40
E40_4_004,0.4081549439347604,4.004,40
E40_4_204,0.4285423037716615,4.204,40
E40_4_404,0.4489296636085627,4.404,40
E40_4_605,0.4694189602446484,4.605,40
E40_4_805,0.4898063200815494,4.805,40
E40_5_005,0.5101936799184505,5.005,40
E40_5_205,0.5305810397553516,5.205,40
E40_5_405,0.5509683995922529,5.405,40
E40_5_606,0.5714576962283384,5.606,40
E40_5_806,0.5918450560652395,5.806,40
E40_6_006,0.6122324159021406,6.006,40
E40_6_206,0.6326197757390418,6.206,40
E40_6_406,0.6530071355759428,6.406000000000001,40
E40_6_607,0.6734964322120285,6.607,40
E40_6_807,0.6938837920489297,6.807,40
E40_7_007,0.7142711518858307,7.007000000000001,40
E40_7_207,0.7346585117227319,7.207000000000001,40
E40_7_407,0.7550458715596329,7.407,40
E40_7_608,0.7755351681957185,7.608,40
E40_7_808,0.7959225280326198,7.808,40
E40_8_008,0.8163098878695207,8.008,40
E40_8_208,0.8366972477064221,8.208,40
E40_8_408,0.857084607543323,8.408,40
E40_8_609,0.8775739041794087,8.609,40
E40_8_809,0.8979612640163098,8.809,40
E40_9_009,0.9183486238532109,9.009,40
E40_9_209,0.9387359836901121,9.209,40
E40_9_409,0.9591233435270132,9.408999999999999,40
E40_9_61,0.9796126401630988,9.61,40
E40_9_81,1.0,9.81,40
E41_0_0,0.0,0.0,41
E41_0_2,0.02038735983690112,0.2,41
E41_0_4,0.04077471967380224,0.4,41
E41_0_601,0.06126401630988786,0.601,41
E41_0_801,0.081651376146789,0.8009999999999999,41
E41_1_001,0.1020387359836901,1.001,41
E41_1_201,0.12242609582059125,1.2009999999999998,41
E41_1_401,0.14281345565749234,1.401,41
E41_1_602,0.163302752293578,1.6019999999999999,41
E41_1_802,0.1836901121304791,1.8019999999999998,41
E41_2_002,0.2040774719673802,2.002,41
E41_2_202,0.2244648318042813,2.202,41
E41_2_402,0.2448521916411825,2.4019999999999997,41
E41_2_603,0.2653414882772681,2.603,41
E41_2_803,0.2857288481141692,2.803,41
E41_3_003,0.3061162079510703,3.003,41
E41_3_203,0.3265035677879714,3.2030000000000003,41
E41_3_403,0.34689092762487256,3.403,41
E41_3_604,0.3673802242609582,3.6039999999999996,41
E41_3_804,0.3877675840978593,3.804,41
E41_4_004,0.4081549439347604,4.004,41
E41_4_204,0.4285423037716615,4.204,41
E41_4_404,0.4489296636085627,4.404,41
E41_4_605,0.4694189602446484,4.605,41
E41_4_805,0.4898063200815494,4.805,41
E41_5_005,0.5101936799184505,5.005,41
E41_5_205,0.5305810397553516,5.205,41
E41_5_405,0.5509683995922529,5.405,41
E41_5_606,0.5714576962283384,5.606,41
E41_5_806,0.5918450560652395,5.806,41
E41_6_006,0.6122324159021406,6.006,41
E41_6_206,0.6326197757390418,6.206,41
E41_6_406,0.6530071355759428,6.406000000000001,41
E41_6_607,0.6734964322120285,6.607,41
E41_6_807,0.6938837920489297,6.807,41
E41_7_007,0.7142711518858307,7.007000000000001,41
E41_7_207,0.7346585117227319,7.207000000000001,41
E41_7_407,0.7550458715596329,7.407,41
E41_7_608,0.7755351681957185,7.608,41
E41_7_808,0.7959225280326198,7.808,41
E41_8_008,0.8163098878695207,8.008,41
E41_8_208,0.8366972477064221,8.208,41
E41_8_408,0.857084607543323,8.408,41
E41_8_609,0.8775739041794087,8.609,41
E41_8_809,0.8979612640163098,8.809,41
E41_9_009,0.9183486238532109,9.009,41
E41_9_209,0.9387359836901121,9.209,41
E41_9_409,0.9591233435270132,9.408999999999999,41
E41_9_61,0.9796126401630988,9.61,41
E41_9_81,1.0,9.81,41
E42_0_0,0.0,0.0,42
E42_0_2,0.02038735983690112,0.2,42
E42_0_4,0.04077471967380224,0.4,42
E42_0_601,0.06126401630988786,0.601,42
E42_0_801,0.081651376146789,0.8009999999999999,42
E42_1_001,0.1020387359836901,1.001,42
E42_1_201,0.12242609582059125,1.2009999999999998,42
E42_1_401,0.14281345565749234,1.401,42
E42_1_602,0.163302752293578,1.6019999999999999,42
E42_1_802,0.1836901121304791,1.8019999999999998,42
E42_2_002,0.2040774719673802,2.002,42
E42_2_202,0.2244648318042813,2.202,42
E42_2_402,0.2448521916411825,2.4019999999999997,42
E42_2_603,0.2653414882772681,2.603,42
E42_2_803,0.2857288481141692,2.803,42
E42_3_003,0.3061162079510703,3.003,42
E42_3_203,0.3265035677879714,3.2030000000000003,42
E42_3_403,0.34689092762487256,3.403,42
E42_3_604,0.3673802242609582,3.6039999999999996,42
E42_3_804,0.3877675840978593,3.804,42
E42_4_004,0.4081549439347604,4.004,42
E42_4_204,0.4285423037716615,4.204,42
E42_4_404,0.4489296636085627,4.404,42
E42_4_605,0.4694189602446484,4.605,42
E42_4_805,0.4898063200815494,4.805,42
E42_5_005,0.5101936799184505,5.005,42
E42_5_205,0.5305810397553516,5.205,42
E42_5_405,0.5509683995922529,5.405,42
E42_5_606,0.5714576962283384,5.606,42
E42_5_806,0.5918450560652395,5.806,42
E42_6_006,0.6122324159021406,6.006,42
E42_6_206,0.6326197757390418,6.206,42
E42_6_406,0.6530071355759428,6.406000000000001,42
E42_6_607,0.6734964322120285,6.607,42
E42_6_807,0.6938837920489297,6.807,42
E42_7_007,0.7142711518858307,7.007000000000001,42
E42_7_207,0.7346585117227319,7.207000000000001,42
E42_7_407,0.7550458715596329,7.407,42
E42_7_608,0.7755351681957185,7.608,42
E42_7_808,0.7959225280326198,7.808,42
E42_8_008,0.8163098878695207,8.008,42
E42_8_208,0.8366972477064221,8.208,42
E42_8_408,0.857084607543323,8.408,42
E42_8_609,0.8775739041794087,8.609,42
E42_8_809,0.8979612640163098,8.809,42
E42_9_009,0.9183486238532109,9.009,42
E42_9_209,0.9387359836901121,9.209,42
E42_9_409,0.9591233435270132,9.408999999999999,42
E42_9_61,0.9796126401630988,9.61,42
E42_9_81,1.0,9.81,42
E43_0_0,0.0,0.0,43
E43_0_2,0.02038735983690112,0.2,43
E43_0_4,0.04077471967380224,0.4,43
E43_0_601,0.06126401630988786,0.601,43
E43_0_801,0.081651376146789,0.8009999999999999,43
E43_1_001,0.1020387359836901,1.001,43
E43_1_201,0.12242609582059125,1.2009999999999998,43
E43_1_401,0.14281345565749234,1.401,43
E43_1_602,0.163302752293578,1.6019999999999999,43
E43_1_802,0.1836901121304791,1.8019999999999998,43
E43_2_002,0.2040774719673802,2.002,43
E43_2_202,0.2244648318042813,2.202,43
E43_2_402,0.2448521916411825,2.4019999999999997,43
E43_2_603,0.2653414882772681,2.603,43
E43_2_803,0.2857288481141692,2.803,43
E43_3_003,0.3061162079510703,3.003,43
E43_3_203,0.3265035677879714,3.2030000000000003,43
E43_3_403,0.34689092762487256,3.403,43
E43_3_604,0.3673802242609582,3.6039999999999996,43
E43_3_804,0.3877675840978593,3.804,43
E43_4_004,0.4081549439347604,4.004,43
E43_4_204,0.4285423037716615,4.204,43
E43_4_404,0.4489296636085627,4.404,43
E43_4_605,0.4694189602446484,4.605,43
E43_4_805,0.4898063200815494,4.805,43
E43_5_005,0.5101936799184505,5.005,43
E43_5_205,0.5305810397553516,5.205,43
E43_5_405,0.5509683995922529,5.405,43
E43_5_606,0.5714576962283384,5.606,43
E43_5_806,0.5918450560652395,5.806,43
E43_6_006,0.6122324159021406,6.006,43
E43_6_206,0.6326197757390418,6.206,43
E43_6_406,0.6530071355759428,6.406000000000001,43
E43_6_607,0.6734964322120285,6.607,43
E43_6_807,0.6938837920489297,6.807,43
E43_7_007,0.7142711518858307,7.007000000000001,43
E43_7_207,0.7346585117227319,7.207000000000001,43
E43_7_407,0.7550458715596329,7.407,43
E43_7_608,0.7755351681957185,7.608,43
E43_7_808,0.7959225280326198,7.808,43
E43_8_008,0.8163098878695207,8.008,43
E43_8_208,0.8366972477064221,8.208,43
E43_8_408,0.857084607543323,8.408,43
E43_8_609,0.8775739041794087,8.609,43
E43_8_809,0.8979612640163098,8.809,43
E43_9_009,0.9183486238532109,9.009,43
E43_9_209,0.9387359836901121,9.209,43
E43_9_409,0.9591233435270132,9.408999999999999,43
E43_9_61,0.9796126401630988,9.61,43
E43_9_81,1.0,9.81,43
E44_0_0,0.0,0.0,44
E44_0_2,0.02038735983690112,0.2,44
E44_0_4,0.04077471967380224,0.4,44
E44_0_601,0.06126401630988786,0.601,44
E44_0_801,0.081651376146789,0.8009999999999999,44
E44_1_001,0.1020387359836901,1.001,44
E44_1_201,0.12242609582059125,1.2009999999999998,44
E44_1_401,0.14281345565749234,1.401,44
E44_1_602,0.163302752293578,1.6019999999999999,44
E44_1_802,0.1836901121304791,1.8019999999999998,44
E44_2_002,0.2040774719673802,2.002,44
E44_2_202,0.2244648318042813,2.202,44
E44_2_402,0.2448521916411825,2.4019999999999997,44
E44_2_603,0.2653414882772681,2.603,44
E44_2_803,0.2857288481141692,2.803,44
E44_3_003,0.3061162079510703,3.003,44
E44_3_203,0.3265035677879714,3.2030000000000003,44
E44_3_403,0.34689092762487256,3.403,44
E44_3_604,0.3673802242609582,3.6039999999999996,44
E44_3_804,0.3877675840978593,3.804,44
E44_4_004,0.4081549439347604,4.004,44
E44_4_204,0.4285423037716615,4.204,44
E44_4_404,0.4489296636085627,4.404,44
E44_4_605,0.4694189602446484,4.605,44
E44_4_805,0.4898063200815494,4.805,44
E44_5_005,0.5101936799184505,5.005,44
E44_5_205,0.5305810397553516,5.205,44
E44_5_405,0.5509683995922529,5.405,44
E44_5_606,0.5714576962283384,5.606,44
E44_5_806,0.5918450560652395,5.806,44
E44_6_006,0.6122324159021406,6.006,44
E44_6_206,0.6326197757390418,6.206,44
E44_6_406,0.6530071355759428,6.406000000000001,44
E44_6_607,0.6734964322120285,6.607,44
E44_6_807,0.6938837920489297,6.807,44
E44_7_007,0.7142711518858307,7.007000000000001,44
E44_7_207,0.7346585117227319,7.207000000000001,44
E44_7_407,0.7550458715596329,7.407,44
E44_7_608,0.7755351681957185,7.608,44
E44_7_808,0.7959225280326198,7.808,44
E44_8_008,0.8163098878695207,8.008,44
E44_8_208,0.8366972477064221,8.208,44
E44_8_408,0.857084607543323,8.408,44
E44_8_609,0.8775739041794087,8.609,44
E44_8_809,0.8979612640163098,8.809,44
E44_9_009,0.9183486238532109,9.009,44
E44_9_209,0.9387359836901121,9.209,44
E44_9_409,0.9591233435270132,9.408999999999999,44
E44_9_61,0.9796126401630988,9.61,44
E44_9_81,1.0,9.81,44
E45_0_0,0.0,0.0,45
E45_0_2,0.02038735983690112,0.2,45
E45_0_4,0.04077471967380224,0.4,45
E45_0_601,0.06126401630988786,0.601,45
E45_0_801,0.081651376146789,0.8009999999999999,45
E45_1_001,0.1020387359836901,1.001,45
E45_1_201,0.12242609582059125,1.2009999999999998,45
E45_1_401,0.14281345565749234,1.401,45
E45_1_602,0.163302752293578,1.6019999999999999,45
E45_1_802,0.1836901121304791,1.8019999999999998,45
E45_2_002,0.2040774719673802,2.002,45
E45_2_202,0.2244648318042813,2.202,45
E45_2_402,0.2448521916411825,2.4019999999999997,45
E45_2_603,0.2653414882772681,2.603,45
E45_2_803,0.2857288481141692,2.803,45
E45_3_003,0.3061162079510703,3.003,45
E45_3_203,0.3265035677879714,3.2030000000000003,45
E45_3_403,0.34689092762487256,3.403,45
E45_3_604,0.3673802242609582,3.6039999999999996,45
E45_3_804,0.3877675840978593,3.804,45
E45_4_004,0.4081549439347604,4.004,45
E45_4_204,0.4285423037716615,4.204,45
E45_4_404,0.4489296636085627,4.404,45
E45_4_605,0.4694189602446484,4.605,45
E45_4_805,0.4898063200815494,4.805,45
E45_5_005,0.5101936799184505,5.005,45
E45_5_205,0.5305810397553516,5.205,45
E45_5_405,0.5509683995922529,5.405,45
E45_5_606,0.5714576962283384,5.606,45
E45_5_806,0.5918450560652395,5.806,45
E45_6_006,0.6122324159021406,6.006,45
E45_6_206,0.6326197757390418,6.206,45
E45_6_406,0.6530071355759428,6.406000000000001,45
E45_6_607,0.6734964322120285,6.607,45
E45_6_807,0.6938837920489297,6.807,45
E45_7_007,0.7142711518858307,7.007000000000001,45
E45_7_207,0.7346585117227319,7.207000000000001,45
E45_7_407,0.7550458715596329,7.407,45
E45_7_608,0.7755351681957185,7.608,45
E45_7_808,0.7959225280326198,7.808,45
E45_8_008,0.8163098878695207,8.008,45
E45_8_208,0.8366972477064221,8.208,45
E45_8_408,0.857084607543323,8.408,45
E45_8_609,0.8775739041794087,8.609,45
E45_8_809,0.8979612640163098,8.809,45
E45_9_009,0.9183486238532109,9.009,45
E45_9_209,0.9387359836901121,9.209,45
E45_9_409,0.9591233435270132,9.408999999999999,45
E45_9_61,0.9796126401630988,9.61,45
E45_9_81,1.0,9.81,45
E46_0_0,0.0,0.0,46
E46_0_2,0.02038735983690112,0.2,46
E46_0_4,0.04077471967380224,0.4,46
E46_0_601,0.06126401630988786,0.601,46
E46_0_801,0.081651376146789,0.8009999999999999,46
E46_1_001,0.1020387359836901,1.001,46
E46_1_201,0.12242609582059125,1.2009999999999998,46
E46_1_401,0.14281345565749234,1.401,46
E46_1_602,0.163302752293578,1.6019999999999999,46
E46_1_802,0.1836901121304791,1.8019999999999998,46
E46_2_002,0.2040774719673802,2.002,46
E46_2_202,0.2244648318042813,2.202,46
E46_2_402,0.2448521916411825,2.4019999999999997,46
E46_2_603,0.2653414882772681,2.603,46
E46_2_803,0.2857288481141692,2.803,46
E46_3_003,0.3061162079510703,3.003,46
E46_3_203,0.3265035677879714,3.2030000000000003,46
E46_3_403,0.34689092762487256,3.403,46
E46_3_604,0.3673802242609582,3.6039999999999996,46
E46_3_804,0.3877675840978593,3.804,46
E46_4_004,0.4081549439347604,4.004,46
E46_4_204,0.4285423037716615,4.204,46
E46_4_404,0.4489296636085627,4.404,46
E46_4_605,0.4694189602446484,4.605,46
E46_4_805,0.4898063200815494,4.805,46
E46_5_005,0.5101936799184505,5.005,46
E46_5_205,0.5305810397553516,5.205,46
E46_5_405,0.5509683995922529,5.405,46
E46_5_606,0.5714576962283384,5.606,46
E46_5_806,0.5918450560652395,5.806,46
E46_6_006,0.6122324159021406,6.006,46
E46_6_206,0.6326197757390418,6.206,46
E46_6_406,0.6530071355759428,6.406000000000001,46
E46_6_607,0.6734964322120285,6.607,46
E46_6_807,0.6938837920489297,6.807,46
E46_7_007,0.7142711518858307,7.007000000000001,46
E46_7_207,0.7346585117227319,7.207000000000001,46
E46_7_407,0.7550458715596329,7.407,46
E46_7_608,0.7755351681957185,7.608,46
E46_7_808,0.7959225280326198,7.808,46
E46_8_008,0.8163098878695207,8.008,46
E46_8_208,0.8366972477064221,8.208,46
E46_8_408,0.857084607543323,8.408,46
E46_8_609,0.8775739041794087,8.609,46
E46_8_809,0.8979612640163098,8.809,46
E46_9_009,0.9183486238532109,9.009,46
E46_9_209,0.9387359836901121,9.209,46
E46_9_409,0.9591233435270132,9.408999999999999,46
E46_9_61,0.9796126401630988,9.61,46
E46_9_81,1.0,9.81,46
E47_0_0,0.0,0.0,47
E47_0_2,0.02038735983690112,0.2,47
E47_0_4,0.04077471967380224,0.4,47
E47_0_601,0.06126401630988786,0.601,47
E47_0_801,0.081651376146789,0.8009999999999999,47
E47_1_001,0.1020387359836901,1.001,47
E47_1_201,0.12242609582059125,1.2009999999999998,47
E47_1_401,0.14281345565749234,1.401,47
E47_1_602,0.163302752293578,1.6019999999999999,47
E47_1_802,0.1836901121304791,1.8019999999999998,47
E47_2_002,0.2040774719673802,2.002,47
E47_2_202,0.2244648318042813,2.202,47
E47_2_402,0.2448521916411825,2.4019999999999997,47
E47_2_603,0.2653414882772681,2.603,47
E47_2_803,0.2857288481141692,2.803,47
E47_3_003,0.3061162079510703,3.003,47
E47_3_203,0.3265035677879714,3.2030000000000003,47
E47_3_403,0.34689092762487256,3.403,47
E47_3_604,0.3673802242609582,3.6039999999999996,47
E47_3_804,0.3877675840978593,3.804,47
E47_4_004,0.4081549439347604,4.004,47
E47_4_204,0.4285423037716615,4.204,47
E47_4_404,0.4489296636085627,4.404,47
E47_4_605,0.4694189602446484,4.605,47
E47_4_805,0.4898063200815494,4.805,47
E47_5_005,0.5101936799184505,5.005,47
E47_5_205,0.5305810397553516,5.205,47
E47_5_405,0.5509683995922529,5.405,47
E47_5_606,0.5714576962283384,5.606,47
E47_5_806,0.5918450560652395,5.806,47
E47_6_006,0.6122324159021406,6.006,47
E47_6_206,0.6326197757390418,6.206,47
E47_6_406,0.6530071355759428,6.406000000000001,47
E47_6_607,0.6734964322120285,6.607,47
E47_6_807,0.6938837920489297,6.807,47
E47_7_007,0.7142711518858307,7.007000000000001,47
E47_7_207,0.7346585117227319,7.207000000000001,47
E47_7_407,0.7550458715596329,7.407,47
E47_7_608,0.7755351681957185,7.608,47
E47_7_808,0.7959225280326198,7.808,47
E47_8_008,0.8163098878695207,8.008,47
E47_8_208,0.8366972477064221,8.208,47
E47_8_408,0.857084607543323,8.408,47
E47_8_609,0.8775739041794087,8.609,47
E47_8_809,0.8979612640163098,8.809,47
E47_9_009,0.9183486238532109,9.009,47
E47_9_209,0.9387359836901121,9.209,47
E47_9_409,0.9591233435270132,9.408999999999999,47
E47_9_61,0.9796126401630988,9.61,47
E47_9_81,1.0,9.81,47
E48_0_0,0.0,0.0,48
E48_0_2,0.02038735983690112,0.2,48
E48_0_4,0.04077471967380224,0.4,48
E48_0_601,0.06126401630988786,0.601,48
E48_0_801,0.081651376146789,0.8009999999999999,48
E48_1_001,0.1020387359836901,1.001,48
E48_1_201,0.12242609582059125,1.2009999999999998,48
E48_1_401,0.14281345565749234,1.401,48
E48_1_602,0.163302752293578,1.6019999999999999,48
E48_1_802,0.1836901121304791,1.8019999999999998,48
E48_2_002,0.2040774719673802,2.002,48
E48_2_202,0.2244648318042813,2.202,48
E48_2_402,0.2448521916411825,2.4019999999999997,48
E48_2_603,0.2653414882772681,2.603,48
E48_2_803,0.2857288481141692,2.803,48
E48_3_003,0.3061162079510703,3.003,48
E48_3_203,0.3265035677879714,3.2030000000000003,48
E48_3_403,0.34689092762487256,3.403,48
E48_3_604,0.3673802242609582,3.6039999999999996,48
E48_3_804,0.3877675840978593,3.804,48
E48_4_004,0.4081549439347604,4.004,48
E48_4_204,0.4285423037716615,4.204,48
E48_4_404,0.4489296636085627,4.404,48
E48_4_605,0.4694189602446484,4.605,48
E48_4_805,0.4898063200815494,4.805,48
E48_5_005,0.5101936799184505,5.005,48
E48_5_205,0.5305810397553516,5.205,48
E48_5_405,0.5509683995922529,5.405,48
E48_5_606,0.5714576962283384,5.606,48
E48_5_806,0.5918450560652395,5.806,48
E48_6_006,0.6122324159021406,6.006,48
E48_6_206,0.6326197757390418,6.206,48
E48_6_406,0.6530071355759428,6.406000000000001,48
E48_6_607,0.6734964322120285,6.607,48
E48_6_807,0.6938837920489297,6.807,48
E48_7_007,0.7142711518858307,7.007000000000001,48
E48_7_207,0.7346585117227319,7.207000000000001,48
E48_7_407,0.7550458715596329,7.407,48
E48_7_608,0.7755351681957185,7.608,48
E48_7_808,0.7959225280326198,7.808,48
E48_8_008,0.8163098878695207,8.008,48
E48_8_208,0.8366972477064221,8.208,48
E48_8_408,0.857084607543323,8.408,48
E48_8_609,0.8775739041794087,8.609,48
E48_8_809,0.8979612640163098,8.809,48
E48_9_009,0.9183486238532109,9.009,48
E48_9_209,0.9387359836901121,9.209,48
E48_9_409,0.9591233435270132,9.408999999999999,48
E48_9_61,0.9796126401630988,9.61,48
E48_9_81,1.0,9.81,48
E49_0_0,0.0,0.0,49
E49_0_2,0.02038735983690112,0.2,49
E49_0_4,0.04077471967380224,0.4,49
E49_0_601,0.06126401630988786,0.601,49
E49_0_801,0.081651376146789,0.8009999999999999,49
E49_1_001,0.1020387359836901,1.001,49
E49_1_201,0.12242609582059125,1.2009999999999998,49
E49_1_401,0.14281345565749234,1.401,49
E49_1_602,0.163302752293578,1.6019999999999999,49
E49_1_802,0.1836901121304791,1.8019999999999998,49
E49_2_002,0.2040774719673802,2.002,49
E49_2_202,0.2244648318042813,2.202,49
E49_2_402,0.2448521916411825,2.4019999999999997,49
E49_2_603,0.2653414882772681,2.603,49
E49_2_803,0.2857288481141692,2.803,49
E49_3_003,0.3061162079510703,3.003,49
E49_3_203,0.3265035677879714,3.2030000000000003,49
E49_3_403,0.34689092762487256,3.403,49
E49_3_604,0.3673802242609582,3.6039999999999996,49
E49_3_804,0.3877675840978593,3.804,49
E49_4_004,0.4081549439347604,4.004,49
E49_4_204,0.4285423037716615,4.204,49
E49_4_404,0.4489296636085627,4.404,49
E49_4_605,0.4694189602446484,4.605,49
E49_4_805,0.4898063200815494,4.805,49
E49_5_005,0.5101936799184505,5.005,49
E49_5_205,0.5305810397553516,5.205,49
E49_5_405,0.5509683995922529,5.405,49
E49_5_606,0.5714576962283384,5.606,49
E49_5_806,0.5918450560652395,5.806,49
E49_6_006,0.6122324159021406,6.006,49
E49_6_206,0.6326197757390418,6.206,49
E49_6_406,0.6530071355759428,6.406000000000001,49
E49_6_607,0.6734964322120285,6.607,49
E49_6_807,0.6938837920489297,6.807,49
E49_7_007,0.7142711518858307,7.007000000000001,49
E49_7_207,0.7346585117227319,7.207000000000001,49
E49_7_407,0.7550458715596329,7.407,49
E49_7_608,0.7755351681957185,7.608,49
E49_7_808,0.7959225280326198,7.808,49
E49_8_008,0.8163098878695207,8.008,49
E49_8_208,0.8366972477064221,8.208,49
E49_8_408,0.857084607543323,8.408,49
E49_8_609,0.8775739041794087,8.609,49
E49_8_809,0.8979612640163098,8.809,49
E49_9_009,0.9183486238532109,9.009,49
E49_9_209,0.9387359836901121,9.209,49
E49_9_409,0.9591233435270132,9.408999999999999,49
E49_9_61,0.9796126401630988,9.61,49
E49_9_81,1.0,9.81,49
