PseudoTime1,PseudoTime2,PseudoTime3,PseudoTime4
E122_6_408,89.0714342599221,NA,NA,NA
E46_1_842,NA,65.1975243070172,NA,NA
E72_7_049,NA,105.21072120398,NA,NA
E35_6_088,NA,NA,45.4858361822169,NA
E61_6_889,NA,NA,NA,53.8384416740298
E114_5_287,78.7828247261483,NA,NA,NA
E16_6_168,76.1104803074338,NA,NA,NA
E112_4_085,NA,105.522559344818,NA,NA
E132_4_325,NA,NA,NA,51.5644140929468
E133_6_728,71.7076066017985,NA,NA,NA
E140_7_61,NA,111.206944982147,NA,NA
E61_2_483,5.32958014710188,2.64895627243697,11.3934983507825,11.4548778541175
E41_7_369,NA,NA,NA,46.8964645000183
E115_1_922,29.094145811234,NA,NA,NA
E105_0_881,NA,30.2131879848438,NA,NA
E4_1_842,NA,62.928402745883,NA,NA
E28_3_044,NA,111.206944982147,NA,NA
E57_3_925,55.6993108660568,NA,NA,NA
E47_1_202,NA,81.5135314654882,NA,NA
E32_1_121,NA,NA,33.7007925514877,NA
E49_3_364,NA,65.1847998280634,NA,NA
E71_3_364,89.0714342599221,NA,NA,NA
E141_7_93,89.0714342599221,NA,NA,NA
E45_1_202,5.77246750844178,1.58026258232276,8.07175049408043,8.15729859000699
E75_2_723,NA,99.295913148242,NA,NA
E33_2_723,NA,101.534896996706,NA,NA
E35_5_126,NA,NA,54.7682349044539,NA
E92_0_32,9.31791637451537,7.49959641319835,0,0
E77_7_69,NA,101.00921051524,NA,NA
E53_0_0,16.6922706012921,10.1411576036696,3.79412423675313,3.7402319233276
E105_2_563,NA,52.7979634588533,NA,NA
E136_4_806,70.4144670702495,NA,NA,NA
E121_3_685,NA,NA,NA,58.3295782494991
E22_3_044,61.1448013035602,NA,NA,NA
E7_6_408,NA,NA,47.1428387119684,NA
E24_1_442,NA,60.510316399373,NA,NA
E57_6_969,89.0714342599221,NA,NA,NA
E30_6_168,NA,72.5640888565631,NA,NA
E49_6_969,NA,84.9842244623541,NA,NA
E138_0_961,NA,26.6792582062571,NA,NA
E31_6_008,NA,88.1567609203968,NA,NA
E105_3_605,NA,56.2943933933013,NA,NA
E99_5_046,NA,111.206944982147,NA,NA
E129_1_602,NA,31.5967423142356,NA,NA
E78_4_566,NA,101.255505136349,NA,NA
E95_0_16,19.6746742075902,15.6624166055677,NA,NA
E92_2_804,NA,80.9557114575043,NA,NA
E107_1_282,NA,82.3163195746758,NA,NA
E30_0_961,NA,25.3247810467274,NA,NA
E129_6_408,NA,78.6225698407013,NA,NA
E130_7_129,89.0714342599221,NA,NA,NA
E105_2_884,NA,41.2365204884373,NA,NA
E24_1_762,NA,83.3927083623351,NA,NA
E25_1_121,51.5428891946172,NA,NA,NA
E121_3_444,NA,NA,NA,59.5986628179553
E47_4_566,NA,76.253460526222,NA,NA
E95_3_044,57.575836693065,NA,NA,NA
E45_0_881,1.16867348608855,1.17856963072075,1.15045432507086,1.06374655080524
E129_3_605,NA,92.8308050476336,NA,NA
E91_6_969,NA,73.8914307992839,NA,NA
E17_4_325,78.5587586575261,NA,NA,NA
E121_5_927,NA,NA,NA,55.4422417517022
E68_1_041,5.60579796534245,1.68672894789218,8.87150489074158,8.96261917383526
E84_4_486,NA,NA,57.187709409741,NA
E138_7_77,NA,82.694450582114,NA,NA
E80_4_886,NA,NA,NA,53.4561196407733
E139_7_85,76.1005595979756,NA,NA,NA
E49_3_845,NA,86.5231887598887,NA,NA
E17_4_726,67.2603582793401,NA,NA,NA
E133_6_008,58.3653403143688,NA,NA,NA
E85_0_641,NA,29.1752223637734,NA,NA
E3_3_044,NA,54.7730245235047,NA,NA
E37_0_16,12.6903312687886,11.2440492634612,0,0
E11_4_165,NA,59.9707261227448,NA,NA
E25_3_204,62.9961732684633,NA,NA,NA
E41_1_842,NA,NA,19.3310591939149,19.6317208811264
E20_0_0,16.1747831989231,3.97814642330151,3.79412423675313,3.7402319233276
E123_0_0,17.4929138365241,10.2543099382668,NA,NA
E21_7_129,70.895708956022,NA,NA,NA
E120_0_641,17.9867403163454,15.628960464928,0,0
E113_0_721,NA,61.421404580459,NA,NA
E6_2_723,76.249966952189,NA,NA,NA
E145_3_364,NA,55.4370502852777,NA,NA
E119_0_961,5.70180908428245,1.68672894789218,7.75968729573456,7.81156469678618
E2_1_362,NA,NA,35.224581070353,NA
E19_1_602,NA,111.206944982147,NA,NA
E50_6_248,NA,67.8003575944435,NA,NA
E98_1_041,NA,91.310327906056,NA,NA
E18_6_168,72.0095627871925,NA,NA,NA
E75_7_529,NA,41.7867580530371,NA,NA
E41_7_209,NA,NA,NA,55.0353973030069
E73_3_925,NA,108.533406832866,NA,NA
E121_6_168,NA,NA,NA,52.030170987427
E134_0_16,17.7322085618611,14.2731596765961,0,0
E31_3_524,NA,106.346397843375,NA,NA
E129_3_044,NA,48.1822786109362,NA,NA
E29_4_646,76.0471565774321,NA,NA,NA
E68_0_721,5.23569223424816,3.03543595319383,8.20442083671129,8.15369452189721
E115_7_85,71.3671009592307,NA,NA,NA
E146_4_005,71.4611166025864,NA,NA,NA
E50_3_524,NA,102.365991754343,NA,NA
E140_0_881,NA,26.7540126082863,NA,NA
E86_3_925,NA,76.0329039632436,NA,NA
E57_7_369,63.0756116094468,NA,NA,NA
E80_4_245,NA,NA,NA,51.9796168964083
E92_5_447,NA,111.206944982147,NA,NA
E65_6_889,NA,NA,47.4709437241082,NA
E126_5_927,NA,51.2622751116056,NA,NA
E68_6_488,NA,NA,NA,50.6578174847501
E124_4_325,57.4039609484957,NA,NA,NA
E27_2_483,NA,53.780383638947,NA,NA
E132_1_362,NA,NA,34.0951122185176,NA
E89_7_209,NA,102.007863286524,NA,NA
E46_4_325,NA,43.0765112359509,NA,NA
E60_5_607,NA,86.3691399459302,NA,NA
E110_5_847,NA,100.603814872859,NA,NA
E41_5_927,NA,NA,NA,53.4911077303236
E34_4_005,NA,63.0182483356549,NA,NA
E46_4_245,NA,57.0541309842129,NA,NA
E115_7_209,63.6181291847392,NA,NA,NA
E50_6_809,NA,63.2453050897225,NA,NA
E13_2_483,64.229194955739,NA,NA,NA
E19_3_124,NA,56.2963008188844,NA,NA
E133_4_566,89.0714342599221,NA,NA,NA
E86_5_207,NA,111.206944982147,NA,NA
E58_4_486,56.9789167545821,NA,NA,NA
E115_1_202,27.5144827853163,NA,NA,NA
E141_3_444,54.0156893580723,NA,NA,NA
E77_0_721,NA,95.7434861282318,NA,NA
E136_3_204,62.8953015194358,NA,NA,NA
E21_4_325,51.4300404086987,NA,NA,NA
E49_6_248,NA,111.206944982147,NA,NA
E28_1_442,NA,97.669000614825,NA,NA
E92_7_449,NA,99.0277215251738,NA,NA
E146_5_927,88.5990685342955,NA,NA,NA
E37_3_925,NA,111.195101245672,NA,NA
E133_6_248,89.0714342599221,NA,NA,NA
E102_7_61,NA,NA,NA,47.3777063230861
E122_0_561,19.9085424171936,15.7011747220244,NA,NA
E24_0_641,NA,26.5350211079622,NA,NA
E44_2_884,NA,49.6513455267011,NA,NA
E6_6_248,76.3285592134486,NA,NA,NA
E80_7_69,NA,NA,NA,51.2038406071804
E14_4_726,NA,NA,NA,55.3284926983676
E120_0_561,17.64389045013,15.5140918389188,0,0
E38_2_403,NA,NA,43.2810108575106,NA
E11_7_129,NA,96.5664689928138,NA,NA
E82_1_041,4.26175055421047,3.97814642330151,3.93631224813311,3.92320073223815
E27_2_563,NA,52.4064958080711,NA,NA
E126_0_32,0,8.15405666005896,0,0
E95_7_049,82.293880425794,NA,NA,NA
E45_0_401,1.44924787366713,1.40545328633163,6.84498573188749,6.87325272648728
E48_5_287,NA,53.1061820767672,NA,NA
E129_0_481,NA,24.0182369487667,NA,NA
E49_1_282,21.52606058985,19.6747862017533,NA,NA
E119_2_323,NA,NA,NA,41.9019886398798
E11_2_323,NA,94.5516499033482,NA,NA
E77_0_641,1.19262852184674,1.19115163461243,NA,NA
E139_0_801,35.3990969586601,NA,NA,NA
E120_2_083,NA,50.0298409686951,NA,NA
E144_6_088,NA,80.6645817060908,NA,NA
E137_7_289,NA,63.6359174412305,NA,NA
E44_4_245,NA,68.0067063331365,NA,NA
E108_3_204,53.1557165990264,NA,NA,NA
E29_0_801,31.0597468594517,NA,NA,NA
E62_1_602,NA,NA,35.2683952831388,NA
E61_3_685,NA,NA,19.1082336373981,19.2509148769364
E132_7_69,NA,NA,NA,50.3969719162622
E91_7_69,NA,63.3033462929042,NA,NA
E29_1_522,56.1997757871096,NA,NA,NA
E138_7_289,NA,53.3287793287185,NA,NA
E134_4_966,NA,92.9932268332178,NA,NA
E82_5_527,NA,NA,NA,53.9383896706278
E24_7_61,NA,111.206944982147,NA,NA
E104_4_966,NA,101.044828114898,NA,NA
E30_6_328,NA,75.6726762093046,NA,NA
E83_3_124,NA,93.3471348859232,NA,NA
E18_3_124,85.9417205116486,NA,NA,NA
E102_5_527,NA,NA,NA,45.5184049345719
E50_7_049,NA,51.744665107111,NA,NA
E1_4_966,NA,97.5015984124552,NA,NA
E132_5_927,NA,NA,NA,59.3743041423801
E138_0_481,NA,26.8181532768465,NA,NA
E23_3_284,NA,88.3461252376948,NA,NA
E89_2_643,NA,64.8625162465973,NA,NA
E93_1_202,28.4059206569774,NA,NA,NA
E44_0_24,NA,25.8340639643215,NA,NA
E122_7_209,79.3061156517034,NA,NA,NA
E105_4_886,NA,47.9955537363282,NA,NA
E144_2_323,NA,92.3392292550246,NA,NA
E141_5_207,75.796836587031,NA,NA,NA
E120_7_69,NA,74.0024794993271,NA,NA
E74_7_209,50.2245450294219,NA,NA,NA
E75_6_328,NA,78.8325426468964,NA,NA
E148_1_362,NA,111.206944982147,NA,NA
E93_1_922,53.5604976350695,NA,NA,NA
E132_6_809,NA,NA,NA,51.2562244125871
E117_5_287,56.3668047064446,NA,NA,NA
E114_7_369,89.0714342599221,NA,NA,NA
E23_2_083,NA,64.9939427448162,NA,NA
E89_0_32,11.7664057152805,12.8591952679998,0,0
E90_0_24,0,8.84251225492759,0,0
E48_5_607,NA,75.5130948556277,NA,NA
E45_3_364,NA,NA,44.0228461632304,NA
E136_6_568,67.0070614688368,NA,NA,NA
E68_0_08,15.7170131425454,12.1759091703292,0,0
E71_0_961,51.242300171587,NA,NA,NA
E27_4_806,NA,85.2014568350977,NA,NA
E48_7_049,NA,54.8421029668752,NA,NA
E124_3_284,89.0714342599221,NA,NA,NA
E58_6_488,82.3279443424949,NA,NA,NA
E138_7_209,NA,61.5720290154278,NA,NA
E119_2_964,NA,NA,NA,54.4392002500397
E32_3_845,NA,NA,NA,52.4549659690726
E23_2_003,NA,72.8153195014097,NA,NA
E3_6_088,NA,108.015545522566,NA,NA
E65_0_08,17.7911816409305,12.3232730543133,0.200842555631649,0.244234613059138
E115_2_643,59.157589097142,NA,NA,NA
E117_1_522,34.2703214222544,NA,NA,NA
E7_6_728,NA,NA,55.2756162862423,NA
E130_0_24,25.1476085354503,NA,NA,NA
E115_1_682,29.3321202164524,NA,NA,NA
E6_3_685,79.3404069379618,NA,NA,NA
E110_3_364,NA,79.5494298526197,NA,NA
E113_0_24,5.8319248706371,1.68672894789218,6.43420938129236,6.41813141779168
E81_3_524,76.9530019598945,NA,NA,NA
E30_2_804,NA,63.2453050897225,NA,NA
E49_6_728,NA,79.9875421974259,NA,NA
E107_3_044,NA,64.8177309407774,NA,NA
E3_3_124,NA,106.145318081926,NA,NA
E31_0_08,17.5603349185344,13.6024204094326,0,0
E94_6_008,NA,43.927557922186,NA,NA
E113_7_369,NA,101.394707671017,NA,NA
E55_5_287,NA,111.206944982147,NA,NA
E129_6_488,NA,111.206944982147,NA,NA
E17_1_602,76.8942095332826,NA,NA,NA
E57_0_401,24.3783546377324,17.5582725570776,NA,NA
E49_0_08,17.0234439264771,12.2078565670646,0.0519081473510632,0.0519081473514347
E139_1_762,63.9729368985514,NA,NA,NA
E37_6_408,NA,81.9848995875651,NA,NA
E104_5_687,NA,94.8930679158358,NA,NA
E98_2_243,NA,85.8615348006377,NA,NA
E148_3_925,NA,65.7493604198479,NA,NA
E80_3_925,NA,NA,NA,51.7533789484106
E99_7_129,NA,78.7402884421924,NA,NA
E47_5_126,NA,90.134970444635,NA,NA
E16_2_003,71.3940898008649,NA,NA,NA
E41_4_325,NA,NA,NA,55.0671032058247
E140_6_248,NA,62.902035370543,NA,NA
E37_3_605,NA,76.7197203084771,NA,NA
E75_6_889,NA,96.4363157338955,NA,NA
E65_7_129,NA,NA,49.4802661709313,NA
E35_6_809,NA,NA,53.3063017623389,NA
E33_2_804,NA,111.206944982147,NA,NA
E120_0_881,17.9676826688774,15.7229475033829,0,0
E84_5_367,NA,NA,50.7183083567659,NA
E107_5_767,NA,88.8399733923369,NA,NA
E72_3_044,NA,64.3396946131416,NA,NA
E26_5_126,NA,NA,47.068633568932,NA
E72_3_765,NA,96.6038557223942,NA,NA
E126_5_847,NA,60.5850602645295,NA,NA
E27_4_085,NA,42.7672094058292,NA,NA
E18_7_529,89.0714342599221,NA,NA,NA
E19_5_767,NA,60.8325742483172,NA,NA
E19_4_085,NA,93.3093088034585,NA,NA
E86_7_69,NA,71.4071897203164,NA,NA
E134_1_442,NA,39.3963693820561,NA,NA
E89_5_207,NA,44.0238918867937,NA,NA
E140_4_165,NA,111.206944982147,NA,NA
E129_2_483,NA,62.6732587504357,NA,NA
E13_0_881,33.8864785310481,NA,NA,NA
E145_5_767,NA,77.7178893025069,NA,NA
E137_7_93,NA,103.263896830546,NA,NA
E2_5_207,NA,NA,51.5090795255245,NA
E77_5_687,NA,71.2494931362529,NA,NA
E77_4_886,NA,80.4947996882074,NA,NA
E78_2_483,NA,111.206944982147,NA,NA
E28_3_605,NA,43.4125869168305,NA,NA
E99_3_204,NA,66.7952468478644,NA,NA
E26_0_481,4.26334818807114,3.97814642330151,4.00918249084851,4.02284471835574
E115_4_085,89.0714342599221,NA,NA,NA
E96_3_444,63.6615057295601,NA,NA,NA
E99_7_209,NA,76.9991871257013,NA,NA
E105_3_044,NA,97.018489344755,NA,NA
E138_2_483,NA,57.499190167238,NA,NA
E117_1_041,26.5068896879594,NA,NA,NA
E106_6_328,84.0992844931874,NA,NA,NA
E146_6_408,85.4584469755973,NA,NA,NA
E68_5_527,NA,NA,NA,57.1631023417233
E99_6_488,NA,94.4445207274074,NA,NA
E106_3_845,56.8286100835136,NA,NA,NA
E108_5_126,76.7459312663402,NA,NA,NA
E92_3_124,NA,80.9557114575043,NA,NA
E17_5_927,57.2581854021163,NA,NA,NA
E35_1_442,5.32958014710188,2.64895627243697,10.0991053556872,10.1192654541228
E105_1_842,NA,99.3711138100243,NA,NA
E146_0_401,18.8279742266311,15.3981308464251,NA,NA
E84_5_927,NA,NA,48.0996245249502,NA
E77_0_561,1.20500369792382,1.19115163461243,1.15045432507086,1.19616112420572
E79_5_447,NA,NA,50.9225549582292,NA
E14_7_129,NA,NA,NA,58.0773482338661
E119_6_488,NA,NA,NA,59.7982468029614
E104_6_248,NA,49.7274605673443,NA,NA
E106_4_085,53.5170361630271,NA,NA,NA
E146_0_641,32.9312782111402,NA,NA,NA
E112_6_168,NA,60.2979020402367,NA,NA
E73_0_641,1.10735512700599,1.09155139831265,1.07216481174978,1.06374655080524
E6_3_124,88.2140450396552,NA,NA,NA
E96_2_243,44.535499729771,NA,NA,NA
E37_0_08,16.1273745380241,11.7957602121742,0,0
E133_3_524,73.2075958153524,NA,NA,NA
E120_7_85,NA,62.902035370543,NA,NA
E113_2_884,NA,94.0910516214737,NA,NA
E146_6_648,75.1863849705645,NA,NA,NA
E19_3_925,NA,41.2365204884373,NA,NA
E89_1_922,NA,36.9015182782967,NA,NA
E75_2_403,NA,83.2852675711698,NA,NA
E144_6_248,NA,42.6495779296922,NA,NA
E145_3_204,NA,61.0571899754253,NA,NA
E105_5_607,NA,57.2845515213475,NA,NA
E145_4_406,NA,57.3171324685884,NA,NA
E71_5_046,67.682296091294,NA,NA,NA
E77_5_046,NA,74.8920235637463,NA,NA
E136_7_449,87.6847598930458,NA,NA,NA
E145_3_605,NA,46.2311795551478,NA,NA
E45_2_323,NA,NA,16.0722124988308,16.2481183738633
E123_7_529,NA,101.780688415225,NA,NA
E62_1_362,NA,NA,34.8751502326763,NA
E93_6_809,79.7051696961195,NA,NA,NA
E2_7_209,NA,NA,49.2992098657143,NA
E30_3_605,NA,98.9845749998377,NA,NA
E30_5_447,NA,111.206944982147,NA,NA
E82_4_566,NA,NA,NA,59.730617117008
E146_3_044,62.1855679845163,NA,NA,NA
E45_3_845,NA,NA,43.252163486817,NA
E80_0_801,4.22889340389972,3.97814642330151,3.92411364225927,3.91195771714182
E88_2_003,NA,NA,17.6779790280862,17.8952383201818
E92_7_77,NA,63.6376271053587,NA,NA
E18_0_481,26.6077107781667,NA,NA,NA
E66_5_927,NA,88.6624383211843,NA,NA
E47_3_524,NA,91.2089548765071,NA,NA
E62_4_966,NA,NA,50.5283552320567,NA
E102_5_287,NA,NA,NA,53.139655057364
E75_2_003,NA,98.8818820564461,NA,NA
E55_4_646,NA,95.1402187689812,NA,NA
E84_3_524,NA,NA,49.8492979482462,NA
E16_0_0,16.2907768942208,9.83786670719492,3.79412423675313,3.7402319233276
E77_4_726,NA,84.9306028438566,NA,NA
E16_1_041,38.604741507566,NA,NA,NA
E25_6_328,79.5807484127641,NA,NA,NA
E66_3_444,NA,72.3590631067587,NA,NA
E55_0_881,NA,26.0066455666246,NA,NA
E21_2_643,57.497242272773,NA,NA,NA
E61_4_165,NA,NA,44.5766511565994,NA
E31_7_129,NA,111.206944982147,NA,NA
E35_5_847,NA,NA,45.9294126931667,NA
E3_2_723,NA,95.6946157632211,NA,NA
E55_2_563,NA,49.672865044799,NA,NA
E132_5_287,NA,NA,NA,58.2324502676361
E72_4_486,NA,48.5864125471947,NA,NA
E148_1_282,NA,19.8151011621308,NA,NA
E84_5_126,NA,NA,49.4244612146684,NA
E4_5_607,NA,86.3640851404549,NA,NA
E22_7_93,61.699113011815,NA,NA,NA
E21_1_121,35.3716900816634,NA,NA,NA
E57_0_481,27.829561405578,NA,NA,NA
E124_2_723,62.2631274386479,NA,NA,NA
E61_7_209,NA,NA,NA,52.404389894141
E79_2_403,NA,NA,41.3421680871904,NA
E50_7_93,NA,93.2565876413132,NA,NA
E98_7_129,NA,95.4389509870417,NA,NA
E78_4_245,NA,84.3548828217149,NA,NA
E140_4_085,NA,68.2483114644213,NA,NA
E75_7_61,NA,111.206944982147,NA,NA
E92_0_961,NA,55.3324934835409,NA,NA
E31_0_16,17.7894693223772,14.4438279425238,0,0
E22_0_24,19.7840487523706,18.6401865118961,NA,NA
E7_4_245,NA,NA,52.6463706498701,NA
E145_4_245,NA,50.6333404071176,NA,NA
E145_0_881,NA,29.9097749726831,NA,NA
E141_1_282,33.9734375169449,NA,NA,NA
E58_7_77,67.9741541541715,NA,NA,NA
E65_0_961,4.26175055421047,3.97814642330151,3.92411364225927,3.92320073223815
E94_6_088,NA,85.6038181801341,NA,NA
E110_5_447,NA,68.2778983439788,NA,NA
E33_0_961,18.6492272725936,15.7162992544505,0,0
E55_4_165,NA,91.3226284138474,NA,NA
E4_4_646,NA,99.981569765663,NA,NA
E41_3_925,NA,NA,NA,50.3777444372473
E77_6_408,NA,44.9556357562048,NA,NA
E86_7_85,NA,58.3052121815604,NA,NA
E23_0_24,0,7.91359366301415,0,0
E49_2_723,NA,78.6768278507907,NA,NA
E24_2_163,NA,93.9055633862435,NA,NA
E86_0_961,NA,26.991864358095,NA,NA
E92_4_726,NA,85.2338250528168,NA,NA
E3_3_845,NA,96.8923018161995,NA,NA
E25_2_243,89.0714342599221,NA,NA,NA
E75_7_449,NA,111.206944982147,NA,NA
E129_7_77,NA,67.4492590959726,NA,NA
E2_7_69,NA,NA,48.2381806003474,NA
E123_7_85,NA,108.256754723556,NA,NA
E91_1_121,NA,24.7308144052093,NA,NA
E60_1_041,NA,92.0423639401491,NA,NA
E107_7_61,NA,66.203722371057,NA,NA
E105_1_041,NA,30.7145116339232,NA,NA
E8_0_721,NA,25.8601472447616,NA,NA
E6_3_524,59.748383745418,NA,NA,NA
E132_6_248,NA,NA,NA,52.0998291449023
E123_4_005,NA,95.3085213301689,NA,NA
E85_4_325,NA,111.206944982147,NA,NA
E132_5_126,NA,NA,NA,58.71935890133
E62_0_24,19.1131281061798,13.1383876609948,NA,NA
E80_5_687,NA,NA,NA,55.9894896920913
E134_4_886,NA,92.2768310696378,NA,NA
E31_6_728,NA,79.8471599464073,NA,NA
E98_1_282,NA,49.4355488333878,NA,NA
E117_1_762,33.6172293336466,NA,NA,NA
E68_3_605,NA,NA,NA,52.6508788651596
E148_7_449,NA,89.5633274002219,NA,NA
E99_4_886,NA,108.82491807649,NA,NA
E32_5_607,NA,NA,NA,52.6520857009097
E68_7_69,NA,NA,NA,47.096426466508
E139_1_362,62.8778098682552,NA,NA,NA
E6_7_61,66.7558839888614,NA,NA,NA
E41_6_328,NA,NA,NA,56.3892335147264
E19_5_126,NA,99.2518885983621,NA,NA
E117_6_809,73.64514028319,NA,NA,NA
E35_7_369,NA,NA,55.7011705700643,NA
E119_6_008,NA,NA,NA,57.9962491031598
E99_3_524,NA,93.8979601453064,NA,NA
E80_2_563,NA,NA,NA,44.1549067459716
E106_5_207,78.3040231088987,NA,NA,NA
E137_1_682,NA,80.2273637597781,NA,NA
E38_7_69,NA,NA,56.2580410898026,NA
E14_5_447,NA,NA,NA,47.8233131279404
E7_7_93,NA,NA,51.5539125406903,NA
E94_0_561,NA,26.357491302529,NA,NA
E108_4_165,56.497768653324,NA,NA,NA
E26_2_483,NA,NA,43.1187390556494,NA
E30_4_566,NA,52.7223343826596,NA,NA
E86_0_32,25.7679961536475,20.9941270634245,NA,NA
E19_2_964,NA,88.88368008057,NA,NA
E140_5_046,NA,83.8599650466045,NA,NA
E14_1_682,NA,NA,34.2370489809309,NA
E62_6_889,NA,NA,51.8053644128624,NA
E94_3_364,NA,54.2484529725657,NA,NA
E137_1_842,NA,69.2485006565631,NA,NA
E126_4_966,NA,48.4280033717978,NA,NA
E62_1_682,NA,NA,35.2683952831388,NA
E96_2_323,43.5727942373417,NA,NA,NA
E99_3_685,NA,80.9557114575043,NA,NA
E120_3_605,NA,67.0684838261135,NA,NA
E86_0_0,17.3728330517174,10.0739968309478,NA,NA
E58_2_804,61.0279288679678,NA,NA,NA
E115_2_884,89.0714342599221,NA,NA,NA
E86_7_289,NA,95.189998800224,NA,NA
E144_3_364,NA,111.206944982147,NA,NA
E104_2_483,NA,111.206944982147,NA,NA
E79_0_32,4.58686741348835,3.59212045802219,4.6181796559287,4.68496592378606
E94_2_403,NA,111.206944982147,NA,NA
E18_3_605,63.05850603453,NA,NA,NA
E93_4_886,52.9887995776841,NA,NA,NA
E72_2_003,NA,84.1960043806754,NA,NA
E26_7_289,NA,NA,51.0721612866514,NA
E31_3_925,NA,101.14291945698,NA,NA
E37_2_243,NA,67.4219446972187,NA,NA
E98_4_486,NA,67.1253475683285,NA,NA
E31_7_93,NA,56.6389342924595,NA,NA
E121_4_966,NA,NA,NA,53.4341330104306
E91_2_884,NA,100.871076408425,NA,NA
E75_1_682,NA,92.4298706682394,NA,NA
E32_5_287,NA,NA,NA,53.9225704332668
E45_1_041,1.50467643096749,1.40545328633163,7.7144200776297,7.84457857292379
E32_3_925,NA,NA,NA,52.336306101497
E145_0_641,NA,24.8674623781271,NA,NA
E65_2_083,NA,NA,35.2683952831388,NA
E106_2_964,72.4232379454541,NA,NA,NA
E45_1_842,NA,NA,15.8201028322498,16.044649857125
E91_7_77,NA,53.7573267826237,NA,NA
E115_4_966,57.0415024439562,NA,NA,NA
E2_6_008,NA,NA,52.6280068039619,NA
E86_7_93,NA,111.136435898838,NA,NA
E105_4_165,NA,46.4539821074566,NA,NA
E35_6_648,NA,NA,55.7472902441897,NA
E88_0_24,16.9030951519704,16.9381525776004,0,0
E144_2_804,NA,102.000588694788,NA,NA
E119_6_889,NA,NA,NA,52.1679516252884
E45_4_165,NA,NA,56.4742307763326,NA
E127_0_561,NA,25.6836397801495,NA,NA
E117_7_369,83.463060697446,NA,NA,NA
E41_2_643,NA,NA,NA,43.9876471858308
E31_7_049,NA,48.2405625139708,NA,NA
E60_5_367,NA,111.206944982147,NA,NA
E98_4_085,NA,95.7893297460773,NA,NA
E120_6_809,NA,68.261569880213,NA,NA
E16_4_966,62.644838988351,NA,NA,NA
E45_1_522,NA,NA,15.1411001719511,15.2392834783712
E8_1_202,NA,31.340362001389,NA,NA
E24_3_284,NA,85.7151425445988,NA,NA
E136_4_646,89.0714342599221,NA,NA,NA
E22_3_444,65.2273154831397,NA,NA,NA
E121_0_721,4.26334818807114,3.97814642330151,3.93631224813311,3.92320073223815
E148_7_93,NA,110.925035980997,NA,NA
E91_4_726,NA,81.311459180846,NA,NA
E81_6_488,53.8794458198153,NA,NA,NA
E34_6_248,NA,54.0594259906084,NA,NA
E4_1_602,NA,60.5850602645295,NA,NA
E2_4_726,NA,NA,46.6827560729306,NA
E106_2_483,85.366129483944,NA,NA,NA
E35_2_563,NA,NA,42.6732767573698,NA
E68_0_561,5.584383632897,2.26810329622256,6.84498573188749,6.85252107338575
E117_6_488,57.338216097254,NA,NA,NA
E60_5_847,NA,55.2201202074071,NA,NA
E53_0_961,29.6999859099052,NA,NA,NA
E21_2_003,66.0011802952171,NA,NA,NA
E16_1_602,74.0342420895661,NA,NA,NA
E8_1_922,NA,106.02526306613,NA,NA
E119_7_529,NA,NA,NA,53.747826401595
E48_4_245,NA,50.1408244718815,NA,NA
E86_1_682,NA,67.415924011638,NA,NA
E123_3_364,NA,102.821892775469,NA,NA
E110_0_641,NA,27.7124420695202,NA,NA
E85_6_889,NA,84.1777241581644,NA,NA
E24_0_721,NA,26.3942947824964,NA,NA
E13_3_124,70.0511306269137,NA,NA,NA
E61_2_323,5.29373169546322,2.88102615033422,11.2995621820289,11.3026350049169
E73_0_401,10.477434687044,9.4990261344686,0,0
E84_6_809,NA,NA,48.1807377609088,NA
E112_0_08,25.4281163922318,NA,NA,NA
E139_0_641,34.2343717539571,NA,NA,NA
E58_1_121,50.5628230836767,NA,NA,NA
E126_1_602,NA,91.4842845300337,NA,NA
E8_6_248,NA,42.4501920205888,NA,NA
E81_2_723,48.2750717046275,NA,NA,NA
E45_2_563,NA,NA,16.1006497167779,16.2406554352467
E119_1_041,5.35444333922641,2.64895627243697,9.47915743753581,9.48682242304447
E119_3_765,NA,NA,NA,52.4733939804022
E148_0_561,0,9.20783750316201,0,0
E121_1_202,NA,NA,34.7734564699027,NA
E145_1_362,NA,36.9518021324103,NA,NA
E134_1_922,NA,80.6046719957735,NA,NA
E32_4_966,NA,NA,NA,53.9984831686448
E86_4_726,NA,111.206944982147,NA,NA
E137_4_406,NA,95.533352554359,NA,NA
E49_2_483,NA,96.9949751298535,NA,NA
E88_6_008,NA,NA,NA,52.1576793632521
E114_5_046,77.0682505217888,NA,NA,NA
E65_2_323,NA,NA,49.9249564155573,NA
E88_0_801,0.91563181367537,0.913453012671899,0.897679232295617,0.879416712894814
E50_4_966,NA,79.6413457486393,NA,NA
E20_5_126,62.3403504488398,NA,NA,NA
E32_3_204,NA,NA,NA,59.642511165386
E124_7_85,89.0714342599221,NA,NA,NA
E66_1_362,NA,111.206944982147,NA,NA
E30_0_801,NA,25.1766155234366,NA,NA
E46_3_685,NA,59.2309599680039,NA,NA
E16_6_408,81.1100137446156,NA,NA,NA
E53_7_61,76.4122212219524,NA,NA,NA
E19_4_966,NA,101.223884587562,NA,NA
E61_2_563,5.40137637219783,2.26810329622256,11.0179545344469,11.1368654233576
E33_1_682,NA,64.7376862078518,NA,NA
E10_3_124,NA,62.9797129147251,NA,NA
E117_0_32,21.3053715390546,16.3465669314088,NA,NA
E137_0_24,25.3263847991705,22.0007795630422,NA,NA
E68_6_728,NA,NA,NA,50.1811727718899
E83_7_449,NA,86.0629277869147,NA,NA
E21_2_403,52.5477741426302,NA,NA,NA
E107_6_408,NA,92.1630305517807,NA,NA
E72_0_961,NA,91.7116792523393,NA,NA
E60_3_444,NA,91.3380603760433,NA,NA
E29_0_641,29.8703133713259,NA,NA,NA
E90_4_886,NA,93.8635514624588,NA,NA
E95_6_248,57.5956413729571,NA,NA,NA
E79_7_129,NA,NA,49.1684112450866,NA
E35_7_77,NA,NA,52.6534378796946,NA
E105_0_16,0.334007520772719,0.310478235117487,0.310475884102687,0.304224020719766
E32_6_168,NA,NA,NA,52.5107830148439
E105_1_602,NA,73.732542710777,NA,NA
E73_1_762,NA,109.893751533778,NA,NA
E50_6_728,NA,64.4255054016302,NA,NA
E122_2_403,NA,58.3376258153604,NA,NA
E110_1_121,NA,27.2294186440738,NA,NA
E74_0_641,NA,25.4651455949598,NA,NA
E75_7_209,NA,50.3400247628561,NA,NA
E133_3_845,87.4744231894913,NA,NA,NA
E79_0_801,5.35444333922641,2.54204281690408,10.890012402669,10.9569394142233
E94_1_522,NA,100.941448511442,NA,NA
E115_6_328,89.0714342599221,NA,NA,NA
E141_4_486,57.4867052572186,NA,NA,NA
E84_7_369,NA,NA,52.0322717272477,NA
E127_4_325,NA,81.8119290373422,NA,NA
E117_4_325,68.9861427934074,NA,NA,NA
E74_3_845,86.3776013832546,NA,NA,NA
E45_6_248,NA,NA,50.7866653754687,NA
E17_1_041,52.3891586145575,NA,NA,NA
E123_7_93,NA,98.8343649240049,NA,NA
E55_0_721,25.4199946655841,22.3455395178121,NA,NA
E6_1_362,47.0152670726581,NA,NA,NA
E33_2_163,NA,40.3958365971243,NA,NA
E46_3_925,NA,72.6506661608565,NA,NA
E129_0_641,NA,24.3749467682653,NA,NA
E122_5_847,79.6145916745804,NA,NA,NA
E98_7_69,NA,43.1404058139688,NA,NA
E82_1_842,NA,NA,34.8700059832323,NA
E98_0_08,16.2590280004845,12.2685027424118,0,0
E16_3_605,61.0853332252845,NA,NA,NA
E20_3_524,77.9652185059951,NA,NA,NA
E126_3_524,NA,79.1430537435502,NA,NA
E14_6_728,NA,NA,NA,55.417079489852
E16_1_762,60.8785735530444,NA,NA,NA
E140_5_687,NA,64.5764909729164,NA,NA
E1_7_85,NA,56.4823749332103,NA,NA
E80_0_881,3.10877817499413,2.98320433086676,3.069822011934,3.04830986192016
E106_4_566,62.2883487598184,NA,NA,NA
E37_6_328,NA,81.9671928595908,NA,NA
E145_4_726,NA,49.2470709604753,NA,NA
E65_5_126,NA,NA,54.5572640461769,NA
E49_3_284,NA,66.4758294251341,NA,NA
E88_0_0,17.2787094430666,10.536956013403,NA,NA
E46_6_648,NA,59.6766770343608,NA,NA
E11_2_804,NA,70.1991292451746,NA,NA
E127_7_449,NA,67.8056247476047,NA,NA
E108_5_927,89.0714342599221,NA,NA,NA
E16_1_282,62.4354289319446,NA,NA,NA
E115_1_602,28.1234693256292,NA,NA,NA
E34_3_204,NA,97.7861566573675,NA,NA
E140_3_605,NA,60.7748144573554,NA,NA
E10_2_643,NA,93.914132349868,NA,NA
E20_3_925,56.6049732734822,NA,NA,NA
E66_2_723,NA,66.9873638155318,NA,NA
E14_7_369,NA,NA,NA,57.2631397513435
E26_3_524,NA,NA,49.809006267179,NA
E10_0_881,NA,29.1824674128634,NA,NA
E65_6_168,NA,NA,54.9906746450985,NA
E75_6_168,NA,79.6988140487759,NA,NA
E136_7_049,67.8551247755527,NA,NA,NA
E41_1_602,NA,NA,18.9460022622704,19.1560293841732
E65_2_003,NA,NA,35.2683952831388,NA
E119_5_927,NA,NA,NA,58.794392535039
E71_7_209,62.1367225653657,NA,NA,NA
E126_4_085,NA,80.2831720381464,NA,NA
E58_0_561,34.4599471872887,NA,NA,NA
E104_5_447,NA,93.1960325939272,NA,NA
E13_2_964,89.0714342599221,NA,NA,NA
E58_2_964,63.7072122603247,NA,NA,NA
E47_3_765,NA,76.0052577082711,NA,NA
E45_4_646,NA,NA,47.5418489915285,NA
E61_1_522,1.05004385548814,1.09155139831265,1.01330248811013,1.06374655080524
E48_3_204,NA,62.0799393660118,NA,NA
E123_2_323,NA,92.6554153730555,NA,NA
E73_1_121,NA,100.906629409497,NA,NA
E136_0_961,37.224194096374,NA,NA,NA
E45_1_362,5.32958014710188,2.88102615033422,8.86771170660966,8.84077481437006
E96_0_32,12.6424258855921,13.161870147898,0,0
E133_7_129,62.0540930686746,NA,NA,NA
E107_1_762,NA,49.6305987244749,NA,NA
E50_7_85,NA,109.396113840382,NA,NA
E102_1_121,NA,NA,34.3022487775232,NA
E110_1_041,NA,27.0214268507046,NA,NA
E53_3_925,86.8479909925945,NA,NA,NA
E104_3_845,NA,60.9987806831498,NA,NA
E121_7_369,NA,NA,NA,55.0717739214268
E60_1_282,NA,63.2453050897225,NA,NA
E82_4_486,NA,NA,NA,59.8468818685074
E102_4_726,NA,NA,NA,51.6926622955179
E148_6_168,NA,68.7454621427602,NA,NA
E66_2_163,NA,44.4990589813502,NA,NA
E26_1_602,NA,NA,19.3136266201376,19.5038940978202
E17_7_369,73.1503980745266,NA,NA,NA
E148_7_69,NA,62.1135005128053,NA,NA
E79_0_401,5.35444333922641,2.88102615033422,5.54613813101404,5.54987619929893
E58_0_721,32.4307206281364,NA,NA,NA
E146_3_444,51.9346031340928,NA,NA,NA
E98_3_124,NA,111.206944982147,NA,NA
E16_0_24,22.7916944401087,16.9266726351484,NA,NA
E73_3_845,NA,50.2850861420988,NA,NA
E24_7_369,NA,66.5776638235895,NA,NA
E108_0_641,25.6788758357833,NA,NA,NA
E65_1_362,NA,NA,35.2088367696469,NA
E137_0_08,19.3867175220231,14.8722426910808,NA,NA
E124_2_483,79.7523946348917,NA,NA,NA
E121_6_488,NA,NA,NA,49.9941332269765
E3_2_964,NA,111.206944982147,NA,NA
E29_2_403,78.7042309619552,NA,NA,NA
E110_6_809,NA,92.051723673183,NA,NA
E29_6_488,58.3354720884025,NA,NA,NA
E60_4_806,NA,77.9583473434865,NA,NA
E82_6_008,NA,NA,NA,46.380608056785
E31_4_325,NA,98.8914841500474,NA,NA
E74_3_284,41.6210651423863,NA,NA,NA
E90_2_083,NA,100.983737895995,NA,NA
E66_7_369,NA,68.4920475421383,NA,NA
E105_1_282,NA,73.2750858668249,NA,NA
E121_2_563,NA,NA,NA,51.6828549737145
E85_2_643,NA,111.206944982147,NA,NA
E57_7_93,48.080741223147,NA,NA,NA
E6_1_922,38.8363779238067,NA,NA,NA
E132_3_284,NA,NA,NA,59.8101977329362
E58_6_008,48.7111486108796,NA,NA,NA
E137_6_728,NA,55.9195149528956,NA,NA
E96_0_16,11.8673182748586,10.0256202930223,0,0
E46_5_367,NA,51.3160609254399,NA,NA
E89_0_961,NA,27.4231630754627,NA,NA
E94_7_61,NA,63.7793014403305,NA,NA
E83_2_563,NA,103.057631961851,NA,NA
E8_3_605,NA,64.9931403626772,NA,NA
E38_0_0,16.1747831989231,3.97814642330151,3.79412423675313,3.7402319233276
E121_0_32,4.26334818807114,3.97814642330151,3.93631224813311,3.92320073223815
E8_6_168,NA,40.1209489512056,NA,NA
E66_0_32,1.50467643096749,1.40545328633163,6.69722140982258,6.69371894890261
E23_4_085,NA,61.3943319755253,NA,NA
E114_3_925,55.2163574087399,NA,NA,NA
E108_7_529,79.2973621871099,NA,NA,NA
E105_2_964,NA,44.2367775901704,NA,NA
E21_4_406,77.8526962743419,NA,NA,NA
E93_7_129,52.9998460648969,NA,NA,NA
E133_6_648,83.8567455935953,NA,NA,NA
E93_7_529,62.0540930686746,NA,NA,NA
E35_6_008,NA,NA,47.2680561205239,NA
E73_1_682,NA,111.206944982147,NA,NA
E99_2_563,NA,92.590656151168,NA,NA
E17_3_124,53.5097698770281,NA,NA,NA
E62_2_884,NA,NA,57.4212802282247,NA
E140_7_049,NA,44.6634695572179,NA,NA
E16_5_367,81.4759341189666,NA,NA,NA
E26_0_16,3.47563724583223,3.44790264218716,3.42152136387487,3.39886870105572
E37_4_325,NA,87.4238154818573,NA,NA
E11_4_486,NA,84.9993246650324,NA,NA
E41_2_243,NA,NA,NA,42.038058076449
E73_4_886,NA,64.9281785628333,NA,NA
E144_7_449,NA,110.491482628472,NA,NA
E121_0_481,4.26334818807114,3.97814642330151,3.93631224813311,3.92320073223815
E141_6_889,58.4863628081674,NA,NA,NA
E71_3_765,48.9092665899919,NA,NA,NA
E37_3_685,NA,73.2065361193308,NA,NA
E60_2_563,NA,93.2108735973665,NA,NA
E99_4_406,NA,71.0206608759591,NA,NA
E11_4_245,NA,56.4222336597896,NA,NA
E71_4_646,82.0406783728004,NA,NA,NA
E119_7_449,NA,NA,NA,55.1641717644891
E113_1_762,NA,88.384222143407,NA,NA
E120_7_049,NA,104.926630208036,NA,NA
E117_3_364,69.5930274948936,NA,NA,NA
E108_2_563,50.9350511188494,NA,NA,NA
E144_6_728,NA,72.774582991358,NA,NA
E91_6_168,NA,51.4814551782397,NA,NA
E65_5_927,NA,NA,50.8557572449615,NA
E6_6_088,63.2185557087187,NA,NA,NA
E145_1_922,NA,43.3524585771906,NA,NA
E62_2_163,NA,NA,48.1854747333829,NA
E136_1_922,62.3256092490703,NA,NA,NA
E98_6_969,NA,81.3081609647009,NA,NA
E114_0_561,35.2212186766633,NA,NA,NA
E13_0_641,33.9639054905697,NA,NA,NA
E16_7_61,81.6498577626057,NA,NA,NA
E25_3_284,71.0827142131398,NA,NA,NA
E146_1_041,37.3374577836522,NA,NA,NA
E48_0_961,NA,27.1343886313454,NA,NA
E19_3_444,NA,109.371862385722,NA,NA
E66_3_765,NA,101.413175319925,NA,NA
E65_2_723,NA,NA,52.3410701752076,NA
E136_2_323,87.3988141699643,NA,NA,NA
E53_6_728,65.799180650755,NA,NA,NA
E4_4_325,NA,72.2566307334502,NA,NA
E115_2_723,50.9783475550447,NA,NA,NA
E121_4_085,NA,NA,NA,52.3880600461314
E27_0_961,NA,48.3816448888046,NA,NA
E93_1_121,31.3542568067676,NA,NA,NA
E50_5_207,NA,79.6527663740929,NA,NA
E6_5_447,88.5365284010072,NA,NA,NA
E80_2_643,NA,NA,NA,44.9057024717412
E122_1_362,NA,111.206944982147,NA,NA
E148_0_481,10.6530275636934,9.7166187743449,0,0
E13_0_721,30.4608210911656,NA,NA,NA
E17_2_003,64.2840457979087,NA,NA,NA
E132_0_481,4.26334818807114,3.97814642330151,3.96420869259749,3.92320073223815
E139_3_925,75.2268015535054,NA,NA,NA
E114_3_044,76.6076719829977,NA,NA,NA
E27_6_809,NA,65.2040455008595,NA,NA
E148_4_325,NA,105.657940984235,NA,NA
E25_4_325,67.1723357257599,NA,NA,NA
E73_4_245,NA,76.6843530961316,NA,NA
E25_3_364,79.0849460900343,NA,NA,NA
E102_2_723,NA,NA,45.5563524797434,NA
E8_6_889,NA,57.9370090632136,NA,NA
E81_1_602,46.7064949776511,NA,NA,NA
E93_4_005,87.7204205342702,NA,NA,NA
E114_5_527,58.2336744815039,NA,NA,NA
E123_5_447,NA,111.206944982147,NA,NA
E141_4_806,83.6231665666728,NA,NA,NA
E37_1_041,NA,41.0674917674171,NA,NA
E83_1_202,NA,24.2934649783446,NA,NA
E72_0_561,NA,27.6218081462191,NA,NA
E7_0_401,0,8.46287556721473,0,0
E21_7_93,76.4020840262849,NA,NA,NA
E2_3_605,NA,NA,54.1954630641853,NA
E129_2_884,NA,60.9230979627913,NA,NA
E140_1_762,NA,62.985988863015,NA,NA
E57_5_287,89.0714342599221,NA,NA,NA
E25_0_641,34.847788157328,NA,NA,NA
E123_5_927,NA,54.9507938018413,NA,NA
E88_3_444,NA,NA,45.2025453288393,NA
E57_6_728,88.8062941161959,NA,NA,NA
E50_4_646,NA,45.3992784541761,NA,NA
E96_7_049,89.0714342599221,NA,NA,NA
E122_0_641,19.7747310339282,16.1669195963153,NA,NA
E21_7_289,86.0082176692666,NA,NA,NA
E24_7_289,NA,55.624770962345,NA,NA
E65_1_682,NA,NA,34.9769401672706,NA
E108_6_889,79.4772155440353,NA,NA,NA
E148_5_767,NA,79.309223600504,NA,NA
E10_4_085,NA,51.7646073721404,NA,NA
E75_0_881,NA,26.8881388206127,NA,NA
E28_6_088,NA,94.1700786271009,NA,NA
E58_5_527,66.6134971533032,NA,NA,NA
E57_2_323,76.7804550943591,NA,NA,NA
E53_0_401,20.8775671903529,14.7315077186364,NA,NA
E123_5_527,NA,106.815730444572,NA,NA
E50_4_486,NA,55.7888126647927,NA,NA
E138_1_121,NA,26.5667810490923,NA,NA
E81_0_16,25.9622348632728,NA,NA,NA
E123_6_809,NA,109.744700645833,NA,NA
E88_7_93,NA,NA,NA,49.3643336646508
E106_3_605,82.3070988337148,NA,NA,NA
E62_5_607,NA,NA,46.3487546941463,NA
E19_7_529,NA,94.2928585484419,NA,NA
E58_0_881,36.8246840452088,NA,NA,NA
E117_0_481,27.0470717184197,NA,NA,NA
E138_4_486,NA,60.0956214765743,NA,NA
E4_6_168,NA,57.04267889116,NA,NA
E99_7_85,NA,98.3534026124627,NA,NA
E50_4_566,NA,42.0629869701233,NA,NA
E7_7_369,NA,NA,54.1535236636254,NA
E72_7_61,NA,88.470414225745,NA,NA
E25_5_367,89.0714342599221,NA,NA,NA
E140_2_083,NA,50.0899133498315,NA,NA
E130_6_008,69.1672647751633,NA,NA,NA
E11_5_527,NA,55.7246553927472,NA,NA
E45_3_444,NA,NA,44.0228461632304,NA
E144_4_005,NA,82.8460312141431,NA,NA
E30_6_088,NA,74.4222291023409,NA,NA
E132_3_444,NA,NA,NA,56.220643483756
E137_6_248,NA,64.1653590328162,NA,NA
E130_3_204,83.0425585916907,NA,NA,NA
E44_0_0,16.6922706012921,10.1411576036696,3.79412423675313,3.7402319233276
E74_2_643,38.1464446279607,NA,NA,NA
E104_1_442,1.05730141867212,1.09155139831265,1.07216481174978,1.06374655080524
E127_4_886,NA,90.6239284769852,NA,NA
E23_6_889,NA,83.6867290172865,NA,NA
E146_6_328,54.2090060910656,NA,NA,NA
E29_1_282,33.3956082791076,NA,NA,NA
E129_7_61,NA,98.2086738442479,NA,NA
E126_0_16,12.0607547819214,9.99684424537464,0,0
E95_3_204,61.8421789571982,NA,NA,NA
E106_3_364,84.1753483254937,NA,NA,NA
E31_7_209,NA,60.1399708483748,NA,NA
E75_1_202,NA,28.0895973985262,NA,NA
E50_0_481,NA,28.7449866270666,NA,NA
E57_6_168,59.3866147251983,NA,NA,NA
E35_0_401,0,9.33410034868315,0,0
E130_5_767,89.0714342599221,NA,NA,NA
E31_4_966,NA,82.2092350164446,NA,NA
E78_2_723,NA,67.5919249391425,NA,NA
E138_4_005,NA,60.3851022257854,NA,NA
E60_6_088,NA,109.603367550283,NA,NA
E66_5_687,NA,111.206944982147,NA,NA
E20_0_08,17.6668595086203,12.7624966623773,0,0
E127_5_927,NA,103.689693475762,NA,NA
E33_2_964,NA,40.9829347069401,NA,NA
E137_0_881,NA,28.721664282353,NA,NA
E121_1_922,NA,NA,NA,44.750955945288
E85_1_282,NA,28.691149409629,NA,NA
E1_0_961,NA,28.5607855658701,NA,NA
E38_2_483,NA,NA,43.3493771654891,NA
E113_6_248,NA,68.142600738645,NA,NA
E22_5_447,58.0841822842356,NA,NA,NA
E81_2_003,37.8707690935544,NA,NA,NA
E124_5_607,88.4397887593815,NA,NA,NA
E46_5_126,NA,68.3124015547824,NA,NA
E98_7_61,NA,107.040971621719,NA,NA
E148_3_605,NA,52.1719121610435,NA,NA
E80_4_325,NA,NA,NA,54.3880039702353
E85_2_163,NA,102.17577088255,NA,NA
E146_7_61,73.3040111228925,NA,NA,NA
E75_2_804,NA,95.6336730510658,NA,NA
E14_3_204,NA,NA,NA,45.2791390452235
E115_1_842,28.3323146916065,NA,NA,NA
E10_0_481,NA,28.7060642464986,NA,NA
E146_6_889,82.3364251897774,NA,NA,NA
E29_1_442,50.8398373259845,NA,NA,NA
E58_5_447,62.0540930686746,NA,NA,NA
E85_0_801,NA,28.9703072750086,NA,NA
E66_3_605,NA,80.6334510172681,NA,NA
E46_1_682,NA,31.9205071808221,NA,NA
E24_2_804,NA,110.811969199042,NA,NA
E45_7_93,NA,NA,58.020287408082,NA
E82_7_69,NA,NA,NA,50.5675002171486
E126_6_969,NA,77.8847299377928,NA,NA
E141_2_083,85.389327829848,NA,NA,NA
E47_0_16,14.2269666694973,14.9268736171306,0,0
E50_2_403,NA,65.298409275696,NA,NA
E22_0_801,36.4340835139837,NA,NA,NA
E65_7_529,NA,NA,52.3932130161357,NA
E23_7_289,NA,82.745953298626,NA,NA
E60_3_685,NA,110.950323260388,NA,NA
E32_7_85,NA,NA,NA,48.825559436824
E65_0_641,4.2321393901093,3.97814642330151,3.92411364225927,3.92320073223815
E113_4_325,NA,45.1380297043809,NA,NA
E117_7_049,62.1443183455555,NA,NA,NA
E104_5_207,NA,92.5848132546509,NA,NA
E107_0_24,14.6139105919958,15.9470848689329,0,0
E57_1_922,48.0627896422925,NA,NA,NA
E144_0_24,NA,24.3629814351936,NA,NA
E48_3_044,NA,62.4713811401731,NA,NA
E133_1_762,62.0540930686746,NA,NA,NA
E66_6_088,NA,111.206944982147,NA,NA
E124_5_046,84.5730674830504,NA,NA,NA
E74_5_927,76.3009374856119,NA,NA,NA
E25_0_401,19.8246375927059,13.5151340675339,NA,NA
E146_7_289,58.1906434657057,NA,NA,NA
E47_0_0,17.2787094430666,10.536956013403,NA,NA
E115_6_568,69.2189452350902,NA,NA,NA
E127_5_527,NA,93.1045414653759,NA,NA
E33_4_245,NA,43.5123270321296,NA,NA
E140_4_005,NA,64.056650828719,NA,NA
E146_4_966,64.2840457979087,NA,NA,NA
E74_1_922,27.2147233355884,NA,NA,NA
E102_2_964,NA,NA,NA,47.8121257366005
E6_5_207,79.9615296440004,NA,NA,NA
E115_7_69,62.0540930686746,NA,NA,NA
E1_7_77,NA,63.8907099310483,NA,NA
E146_2_243,48.1148310716349,NA,NA,NA
E23_3_845,NA,86.37894889844,NA,NA
E8_2_804,NA,103.912500399808,NA,NA
E78_1_121,NA,26.982765077272,NA,NA
E133_5_847,74.4676921881546,NA,NA,NA
E4_7_049,NA,89.048857550151,NA,NA
E72_3_284,NA,44.2915144805638,NA,NA
E88_6_568,NA,NA,NA,57.9630704186083
E117_1_602,35.2763573500757,NA,NA,NA
E31_2_483,NA,46.3025103629878,NA,NA
E85_2_964,NA,104.333037615001,NA,NA
E45_3_925,NA,NA,43.3001865633517,NA
E83_5_767,NA,92.3813718826031,NA,NA
E110_2_964,NA,62.8944124289396,NA,NA
E117_2_804,70.1748831689315,NA,NA,NA
E136_1_041,38.4516618936909,NA,NA,NA
E90_6_809,NA,89.1566726790047,NA,NA
E18_3_925,62.559469523764,NA,NA,NA
E141_7_289,79.4183073198464,NA,NA,NA
E24_0_481,NA,27.048859109314,NA,NA
E84_7_61,NA,NA,54.2579544471371,NA
E130_7_289,89.0714342599221,NA,NA,NA
E74_0_32,19.308578701759,19.2916478083275,NA,NA
E16_6_008,88.1384754989799,NA,NA,NA
E7_3_364,NA,NA,51.1354283171314,NA
E146_6_008,88.9938717274911,NA,NA,NA
E79_1_922,NA,NA,18.1576391694931,18.3735956530817
E57_1_041,33.4867972326784,NA,NA,NA
E73_7_93,NA,84.242883873146,NA,NA
E61_2_643,5.35444333922641,2.45923826766696,11.1896075789344,11.2855698379931
E132_1_522,NA,NA,34.0951122185176,NA
E132_3_685,NA,NA,NA,60.723011140449
E117_6_889,83.2130395196155,NA,NA,NA
E82_0_0,16.9009591802315,3.97814642330151,NA,NA
E89_0_24,12.8615662313233,13.7265325288871,0,0
E10_3_685,NA,77.1602195914747,NA,NA
E136_7_209,71.6606518513948,NA,NA,NA
E13_3_845,78.8696981587216,NA,NA,NA
E102_1_282,NA,NA,34.5153433295504,NA
E55_6_648,NA,58.96591918881,NA,NA
E25_5_527,80.3142114916043,NA,NA,NA
E17_6_248,82.615307105658,NA,NA,NA
E7_4_005,NA,NA,49.94510264967,NA
E82_7_289,NA,NA,NA,56.4241290424076
E8_7_85,NA,50.130942603562,NA,NA
E119_6_088,NA,NA,NA,55.1620198302073
E7_0_961,5.35321565038836,2.64895627243697,9.69070482270442,9.70136574938951
E57_5_447,52.7333699347653,NA,NA,NA
E74_2_563,45.875762549774,NA,NA,NA
E49_7_69,NA,70.3169571465879,NA,NA
E105_7_049,NA,84.9425987120642,NA,NA
E96_6_088,62.559469523764,NA,NA,NA
E92_2_723,NA,65.4817257019866,NA,NA
E141_1_041,29.6418516926346,NA,NA,NA
E82_2_723,NA,NA,NA,55.8593619328475
E14_5_207,NA,NA,NA,54.0177368871248
E30_1_762,NA,66.9873638155318,NA,NA
E57_1_762,51.2591013041325,NA,NA,NA
E31_3_765,NA,104.680356914634,NA,NA
E82_0_881,4.26334818807114,3.97814642330151,3.93631224813311,3.92320073223815
E68_0_881,5.58299626712568,1.68672894789218,7.7857795783239,7.81335378655334
E93_0_561,28.6227980010218,NA,NA,NA
E119_3_204,NA,NA,NA,53.8501340376458
E134_7_77,NA,66.3501386570438,NA,NA
E93_4_646,63.450257936116,NA,NA,NA
E117_4_726,57.7794305024654,NA,NA,NA
E80_6_969,NA,NA,NA,56.8200241840821
E13_0_08,17.2581157972118,12.2078565670646,0.200842555631649,0.179464616983624
E78_6_648,NA,59.5660170054719,NA,NA
E137_7_61,NA,50.0231201924592,NA,NA
E35_1_842,NA,NA,18.2032818638176,18.4583154501546
E114_0_32,29.9729908067228,NA,NA,NA
E141_4_726,89.0714342599221,NA,NA,NA
E105_5_527,NA,62.4800902302822,NA,NA
E84_1_842,NA,NA,35.2511523432935,NA
E24_2_323,NA,67.858136365498,NA,NA
E80_3_284,NA,NA,NA,50.5798480341585
E8_7_289,NA,93.4419943011511,NA,NA
E82_7_369,NA,NA,NA,57.0998102987837
E71_7_129,70.8127049382058,NA,NA,NA
E117_4_486,65.7618144215568,NA,NA,NA
E18_5_847,63.9726958961253,NA,NA,NA
E102_3_444,NA,NA,NA,58.9678816903813
E122_7_289,64.1496543698538,NA,NA,NA
E82_7_129,NA,NA,NA,51.2997538886893
E72_0_801,NA,32.52853284487,NA,NA
E19_3_284,NA,58.4859333509226,NA,NA
E68_6_809,NA,NA,NA,51.2873699833994
E134_7_129,NA,86.6645852367212,NA,NA
E68_0_16,10.3963623905331,9.15204611915375,0,0
E92_3_524,NA,78.4041090843365,NA,NA
E31_5_527,NA,78.6477304729892,NA,NA
E62_0_16,19.2662714182186,13.3217402649059,NA,NA
E105_0_641,NA,9.60061161265521,NA,NA
E95_1_362,71.3622266444971,NA,NA,NA
E74_5_046,76.6187843116556,NA,NA,NA
E96_2_884,84.7001019069814,NA,NA,NA
E27_6_648,NA,49.0062446204224,NA,NA
E21_5_767,84.9600951764407,NA,NA,NA
E123_4_165,NA,72.9198698989097,NA,NA
E21_5_046,72.7552509772519,NA,NA,NA
E86_4_005,NA,83.8905823829737,NA,NA
E75_3_364,NA,52.6970638846461,NA,NA
E120_6_889,NA,73.605385430173,NA,NA
E78_6_568,NA,46.9952836167772,NA,NA
E77_0_481,1.30694684310265,1.25068737306253,1.24285763256734,1.27111069586794
E14_4_245,NA,NA,NA,53.5140906639238
E75_3_204,NA,57.2544563172994,NA,NA
E46_3_845,NA,72.1674423797772,NA,NA
E148_1_922,NA,23.2524649951223,NA,NA
E113_4_005,NA,94.0032813984529,NA,NA
E4_2_403,NA,84.0301502980415,NA,NA
E83_3_364,NA,74.9468999662617,NA,NA
E2_3_765,NA,NA,46.7655420709892,NA
E75_7_77,NA,46.4069541723198,NA,NA
E25_4_165,64.2773352816054,NA,NA,NA
E45_5_847,NA,NA,51.5360358309071,NA
E89_3_605,NA,91.6106927392369,NA,NA
E126_5_527,NA,63.4639542712112,NA,NA
E6_3_284,48.0141118325186,NA,NA,NA
E53_6_809,74.3870918163578,NA,NA,NA
E19_3_605,NA,72.71186895401,NA,NA
E25_5_287,54.7888182261429,NA,NA,NA
E32_5_447,NA,NA,NA,60.4484788680096
E115_6_248,84.5893405010508,NA,NA,NA
E99_7_77,NA,67.8386805561819,NA,NA
E3_6_408,NA,89.4548355524147,NA,NA
E19_2_884,NA,101.059076365212,NA,NA
E60_4_406,NA,56.619985593962,NA,NA
E18_0_561,29.5795267063977,NA,NA,NA
E22_3_845,57.9661750612808,NA,NA,NA
E31_1_442,NA,72.7536169897545,NA,NA
E92_6_248,NA,63.1072690576524,NA,NA
E2_6_568,NA,NA,50.6325703969831,NA
E129_4_245,NA,100.610838109755,NA,NA
E136_5_687,88.5012410952775,NA,NA,NA
E8_3_685,NA,76.920520323221,NA,NA
E105_4_726,NA,69.9165201456882,NA,NA
E44_6_008,NA,44.8217462183923,NA,NA
E49_7_85,NA,67.8687824908126,NA,NA
E106_2_563,56.5335702872921,NA,NA,NA
E72_7_85,NA,73.608227347431,NA,NA
E37_0_32,11.6045467503537,12.1372841678626,0,0
E112_7_049,NA,100.232063330503,NA,NA
E136_1_362,45.640377400151,NA,NA,NA
E45_5_126,NA,NA,50.2463232244072,NA
E13_2_243,85.0054552960248,NA,NA,NA
E80_7_049,NA,NA,NA,50.0379862680217
E14_6_328,NA,NA,NA,57.9102957272013
E16_6_648,71.3671009592307,NA,NA,NA
E75_1_041,NA,26.4616863815076,NA,NA
E121_5_367,NA,NA,NA,59.414007258379
E31_4_085,NA,84.6215303166919,NA,NA
E145_2_804,NA,52.9537383069589,NA,NA
E57_2_723,70.7104207070966,NA,NA,NA
E92_0_721,1.34708915115596,1.27083694221785,1.24285763256734,1.29890215378794
E90_4_806,NA,84.0963899806759,NA,NA
E53_2_163,45.6284870334701,NA,NA,NA
E96_6_889,50.0613664232591,NA,NA,NA
E7_4_566,NA,NA,50.2724122254998,NA
E26_2_964,NA,NA,47.2445280445198,NA
E141_1_442,34.9077346315729,NA,NA,NA
E106_1_522,48.5850586691473,NA,NA,NA
E55_4_085,NA,76.1350952537521,NA,NA
E25_2_643,82.5067629194541,NA,NA,NA
E88_2_323,NA,NA,18.7980555463724,19.0670124489524
E82_5_847,NA,NA,NA,46.9480499766842
E2_5_126,NA,NA,51.2637817139011,NA
E133_7_61,85.7221259615849,NA,NA,NA
E83_6_328,NA,99.7842750354554,NA,NA
E44_0_32,NA,24.9649160965748,NA,NA
E113_0_481,1.44924787366713,1.40545328633163,6.84498573188749,6.87325272648728
E55_5_767,NA,100.550862094077,NA,NA
E44_7_129,NA,75.9415789808636,NA,NA
E105_1_682,NA,104.281323749758,NA,NA
E80_6_168,NA,NA,NA,51.8474114257499
E114_2_243,54.03585453917,NA,NA,NA
E78_0_641,21.9946261816412,19.6217398939566,NA,NA
E145_7_85,NA,101.410526957477,NA,NA
E138_7_369,NA,85.8194108430578,NA,NA
E50_6_328,NA,106.640892281699,NA,NA
E120_4_646,NA,95.3656632448337,NA,NA
E105_3_124,NA,94.6574189913127,NA,NA
E104_1_282,1.16867348608855,1.12513422432278,1.15045432507086,1.06374655080524
E25_0_08,16.8852861336538,12.2320975085027,0,0
E44_7_77,NA,111.206944982147,NA,NA
E92_2_964,NA,78.8716204776126,NA,NA
E13_1_121,41.2775256019479,NA,NA,NA
E144_2_643,NA,78.7887865417363,NA,NA
E86_2_483,NA,79.4179022269082,NA,NA
E119_6_809,NA,NA,NA,58.4085181317295
E115_3_204,69.8358534682635,NA,NA,NA
E26_3_364,NA,NA,49.1614090040846,NA
E11_7_289,NA,103.344452594034,NA,NA
E105_4_646,NA,86.8613191142895,NA,NA
E145_5_847,NA,92.2787216340744,NA,NA
E21_6_728,88.8604472487144,NA,NA,NA
E27_7_61,NA,104.291884057258,NA,NA
E88_7_289,NA,NA,NA,56.0114731953152
E20_6_568,55.3389065779002,NA,NA,NA
E60_7_289,NA,83.0155663300768,NA,NA
E23_7_69,NA,94.7358321116635,NA,NA
E23_4_406,NA,67.8386805561819,NA,NA
E110_0_32,0,9.69620150200338,0,0
E21_2_964,57.426044975526,NA,NA,NA
E19_5_687,NA,57.0653991798738,NA,NA
E27_3_044,NA,76.9634554292266,NA,NA
E123_7_209,NA,97.1896239152601,NA,NA
E71_1_842,55.806546488419,NA,NA,NA
E61_0_481,1.99168422667206,1.97236400603539,1.97073189105992,1.95140819361206
E49_6_168,NA,91.9221383158262,NA,NA
E26_1_442,NA,NA,19.643221712892,19.8991529226645
E30_2_403,NA,74.7842445386079,NA,NA
E105_6_969,NA,66.0478687554633,NA,NA
E113_6_008,NA,111.123129215052,NA,NA
E28_4_486,NA,88.4530236418365,NA,NA
E148_0_32,14.2184128103817,11.9629657362952,0,0
E21_4_486,62.0540930686746,NA,NA,NA
E114_3_845,75.5621070253572,NA,NA,NA
E33_7_289,NA,66.4758294251341,NA,NA
E46_2_083,NA,111.206944982147,NA,NA
E84_4_005,NA,NA,53.24704276685,NA
E72_7_529,NA,86.5535041822877,NA,NA
E134_5_927,NA,111.206944982147,NA,NA
E148_2_243,NA,105.549267283545,NA,NA
E123_6_248,NA,71.6898565820235,NA,NA
E85_0_961,NA,27.6200410118807,NA,NA
E123_1_842,NA,47.1479777098173,NA,NA
E8_0_881,NA,26.2305407502705,NA,NA
E68_0_641,5.76900021529034,2.16166497841523,6.12117416337117,6.13205246270952
E130_6_648,81.64288746881,NA,NA,NA
E13_0_401,28.7143666472718,NA,NA,NA
E22_4_165,62.3215361676113,NA,NA,NA
E38_5_046,NA,NA,45.6785593685621,NA
E8_5_447,NA,100.593339618006,NA,NA
E53_2_403,66.6070361260938,NA,NA,NA
E88_7_449,NA,NA,NA,54.0379901530721
E146_4_165,84.4297353179592,NA,NA,NA
E102_5_447,NA,NA,NA,46.0713528385078
E61_3_444,NA,NA,20.3373438566066,20.2793623597181
E24_7_77,NA,105.327279777167,NA,NA
E132_4_005,NA,NA,NA,58.6551767470509
E83_1_922,NA,26.5775121188233,NA,NA
E22_6_168,66.1620814710339,NA,NA,NA
E91_2_083,NA,45.4283156004504,NA,NA
E92_1_682,NA,84.0461753363373,NA,NA
E114_5_447,78.4304632259074,NA,NA,NA
E14_6_969,NA,NA,NA,49.3372204152272
E107_4_325,NA,53.7476308435767,NA,NA
E13_3_605,78.7201862907904,NA,NA,NA
E78_4_085,NA,50.2299544459528,NA,NA
E72_0_721,NA,30.3655734754071,NA,NA
E141_4_325,49.9774123514838,NA,NA,NA
E13_5_126,79.0864217127588,NA,NA,NA
E44_4_005,NA,105.813779506794,NA,NA
E106_7_61,59.572783434675,NA,NA,NA
E79_6_008,NA,NA,51.3872386741556,NA
E34_3_605,NA,53.9211741106528,NA,NA
E28_3_925,NA,66.4533548250288,NA,NA
E84_6_168,NA,NA,46.6428276873085,NA
E34_4_486,NA,59.5910524991076,NA,NA
E84_1_121,NA,NA,34.0951122185176,NA
E140_5_447,NA,75.6038140646396,NA,NA
E148_0_401,11.2297918134428,10.1262168983188,0,0
E148_2_643,NA,48.4693102817317,NA,NA
E7_5_287,NA,NA,54.1399968784436,NA
E148_6_088,NA,66.1727620599715,NA,NA
E139_6_088,78.2498297460706,NA,NA,NA
E27_5_207,NA,72.9094240213666,NA,NA
E108_3_605,70.6373639361822,NA,NA,NA
E71_0_08,17.0479989156799,11.7096146012285,0.270074693857615,0.244234613059138
E75_7_049,NA,50.900380807889,NA,NA
E119_5_447,NA,NA,NA,50.4862673949847
E44_4_566,NA,110.39051103917,NA,NA
E13_5_927,76.2028306281883,NA,NA,NA
E26_1_682,NA,NA,20.0186522574166,19.9149293799437
E44_5_207,NA,110.981171204296,NA,NA
E85_7_129,NA,106.736793225846,NA,NA
E145_6_648,NA,47.4133568004454,NA,NA
E1_3_765,NA,52.0628384776919,NA,NA
E99_6_328,NA,97.4795478223229,NA,NA
E148_3_044,NA,45.3670906269909,NA,NA
E10_2_723,NA,84.9053246201801,NA,NA
E25_2_403,79.5271295004278,NA,NA,NA
E105_3_685,NA,64.8895764294481,NA,NA
E95_5_607,54.2984352611031,NA,NA,NA
E41_2_163,NA,NA,NA,41.5187678499514
E73_4_726,NA,74.1577102211286,NA,NA
E72_6_408,NA,101.638737175246,NA,NA
E129_7_69,NA,101.248114689629,NA,NA
E4_2_243,NA,95.7691538141275,NA,NA
E119_0_881,1.52136720685067,1.54382969883692,1.52720063398754,1.48102356721029
E132_5_367,NA,NA,NA,50.5766186988079
E88_1_121,1.6085833034826,1.58026258232276,6.88668437997557,6.89477783747656
E107_0_721,NA,32.0919718342768,NA,NA
E32_2_323,NA,NA,NA,45.0241472434964
E94_0_08,17.4525420965774,13.0104438480869,0,0
E6_4_726,89.0714342599221,NA,NA,NA
E33_0_801,20.598879987009,14.6452703899035,NA,NA
E66_7_93,NA,42.0249955545254,NA,NA
E57_5_046,62.3215361676113,NA,NA,NA
E41_6_889,NA,NA,NA,58.8188944743688
E11_6_168,NA,68.9663257006438,NA,NA
E55_6_809,NA,101.372844300383,NA,NA
E49_4_325,NA,68.1089006219406,NA,NA
E4_4_966,NA,111.206944982147,NA,NA
E71_4_966,57.3758462187962,NA,NA,NA
E86_0_401,25.3348750652193,NA,NA,NA
E66_4_486,NA,80.3240579722093,NA,NA
E33_6_248,NA,65.0331143744179,NA,NA
E26_6_728,NA,NA,54.7211994648979,NA
E57_7_449,52.8878544662882,NA,NA,NA
E1_1_442,NA,48.3306773308492,NA,NA
E119_5_607,NA,NA,NA,55.748233078219
E96_4_005,46.0985115224814,NA,NA,NA
E62_6_248,NA,NA,55.7225374311553,NA
E10_0_561,NA,27.3154273053425,NA,NA
E119_1_282,NA,NA,15.2908102035831,15.4321410261371
E121_6_568,NA,NA,NA,50.6002213713167
E84_1_602,NA,NA,35.2683952831388,NA
E45_7_449,NA,NA,52.5268881529852,NA
E61_0_961,1.24317162587893,1.19115163461243,1.20745440785652,1.19616112420572
E73_2_964,NA,64.056650828719,NA,NA
E81_7_69,51.1498162113788,NA,NA,NA
E46_3_765,NA,63.3622389643061,NA,NA
E65_4_005,NA,NA,51.6260384587786,NA
E30_5_367,NA,46.4952065923227,NA,NA
E98_7_049,NA,72.3972632946995,NA,NA
E34_4_726,NA,62.6732587504357,NA,NA
E124_5_367,46.8962466709106,NA,NA,NA
E120_2_163,NA,60.7007617041959,NA,NA
E77_0_801,NA,91.1209311756677,NA,NA
E148_1_602,NA,26.5317105086372,NA,NA
E17_2_163,77.5759827384496,NA,NA,NA
E77_5_207,NA,105.218846199189,NA,NA
E23_7_369,NA,85.3880609001031,NA,NA
E114_0_641,35.700886756264,NA,NA,NA
E138_3_044,NA,111.206944982147,NA,NA
E7_5_126,NA,NA,52.7214452886194,NA
E106_7_77,62.2052188872818,NA,NA,NA
E102_7_129,NA,NA,NA,57.747050192042
E113_7_129,NA,52.1629663216235,NA,NA
E127_4_806,NA,65.6518957144101,NA,NA
E117_0_881,26.4656458289901,NA,NA,NA
E107_1_522,NA,78.9643308516207,NA,NA
E62_3_605,NA,NA,52.4788136369964,NA
E75_7_85,NA,98.4032876095742,NA,NA
E99_3_044,NA,74.2850414959393,NA,NA
E99_7_69,NA,73.0292024233095,NA,NA
E81_1_922,41.2771125130145,NA,NA,NA
E89_4_486,NA,68.5277130820764,NA,NA
E141_6_488,62.4381893798184,NA,NA,NA
E74_6_969,56.2781795139017,NA,NA,NA
E96_7_129,89.0714342599221,NA,NA,NA
E33_0_32,17.1397232875988,14.3959408637427,0,0
E53_1_602,89.0714342599221,NA,NA,NA
E79_2_563,NA,NA,41.4007433532312,NA
E129_2_083,NA,111.206944982147,NA,NA
E137_4_325,NA,79.0823362295239,NA,NA
E44_1_041,NA,27.6500295366438,NA,NA
E31_3_284,NA,88.5436557026481,NA,NA
E93_4_165,47.0497825831987,NA,NA,NA
E53_1_362,34.5196659476991,NA,NA,NA
E68_2_403,NA,NA,NA,42.565727746117
E136_2_723,73.6010059720477,NA,NA,NA
E68_1_202,5.48908422280629,1.68672894789218,9.62273930604298,9.70017758479076
E137_3_444,NA,57.5377836546187,NA,NA
E134_0_32,18.267925931932,18.2479146602346,NA,NA
E21_3_284,86.9004437618925,NA,NA,NA
E83_7_61,NA,43.5811309696908,NA,NA
E61_3_605,NA,NA,19.3962531589725,19.4644849862526
E99_2_323,NA,111.206944982147,NA,NA
E134_3_925,NA,70.1579873334397,NA,NA
E25_0_481,26.0635298340215,NA,NA,NA
E71_2_483,89.0714342599221,NA,NA,NA
E95_4_165,84.0221755870041,NA,NA,NA
E119_1_442,NA,NA,17.2342977969864,17.4827548401569
E110_2_643,NA,66.3058436679631,NA,NA
E61_0_561,1.47525680972482,1.40545328633163,1.47668268824821,1.39618032806957
E75_2_563,NA,81.1661809162097,NA,NA
E106_6_008,64.7816726879104,NA,NA,NA
E2_7_369,NA,NA,52.8450552396838,NA
E112_0_16,25.1123163037429,17.2419803576041,NA,NA
E130_0_401,33.6384396375784,NA,NA,NA
E106_5_367,71.9711036994639,NA,NA,NA
E23_3_444,NA,111.03707831128,NA,NA
E28_4_325,NA,76.6623210940509,NA,NA
E37_7_369,NA,65.8926090142777,NA,NA
E57_0_16,14.7197559274896,12.4098252837209,0,0
E33_6_728,NA,91.5021754010372,NA,NA
E75_6_809,NA,53.577218552754,NA,NA
E141_6_328,63.7203610668998,NA,NA,NA
E19_7_93,NA,111.206944982147,NA,NA
E95_5_847,62.1184074087393,NA,NA,NA
E106_3_765,54.9352588050606,NA,NA,NA
E99_7_61,NA,65.1340506198813,NA,NA
E105_2_483,NA,58.8711855365976,NA,NA
E132_4_406,NA,NA,NA,50.7659900731536
E66_5_527,NA,99.0097707463655,NA,NA
E99_0_721,NA,62.6181867096304,NA,NA
E99_6_728,NA,111.206944982147,NA,NA
E92_1_762,NA,88.3066033796451,NA,NA
E126_3_925,NA,107.67288216774,NA,NA
E77_2_403,NA,80.2446887718604,NA,NA
E4_5_847,NA,72.6713959923805,NA,NA
E74_3_124,37.417415043546,NA,NA,NA
E137_6_408,NA,45.4634733195587,NA,NA
E14_6_008,NA,NA,NA,49.2406232926639
E34_0_561,24.8795993740091,NA,NA,NA
E120_4_726,NA,61.780638391702,NA,NA
E92_5_847,NA,99.332832309723,NA,NA
E108_5_527,52.8833917493809,NA,NA,NA
E24_1_842,NA,84.4685809738307,NA,NA
E123_7_77,NA,92.6406181763801,NA,NA
E41_4_566,NA,NA,NA,53.207376865574
E139_7_369,84.7829716489677,NA,NA,NA
E130_0_961,41.9350224619785,NA,NA,NA
E92_5_046,NA,84.5489642168494,NA,NA
E23_2_563,NA,105.84759649962,NA,NA
E68_5_447,NA,NA,NA,59.9154916173986
E99_2_723,NA,72.4081575964581,NA,NA
E81_5_287,86.8454838818705,NA,NA,NA
E47_0_08,18.8541392178976,14.8394954669682,NA,NA
E120_1_442,NA,23.9437292006191,NA,NA
E91_0_721,NA,25.3647942862013,NA,NA
E66_2_643,NA,53.7174477671241,NA,NA
E146_6_088,79.596549771672,NA,NA,NA
E26_4_726,NA,NA,47.3473304191879,NA
E29_2_643,89.0714342599221,NA,NA,NA
E82_0_641,4.24629725090006,3.97814642330151,3.92411364225927,3.92320073223815
E62_4_005,NA,NA,48.5546139929064,NA
E140_0_801,NA,24.7142219096004,NA,NA
E107_1_041,NA,26.845895911346,NA,NA
E11_0_24,NA,25.6184911384717,NA,NA
E82_0_08,16.7425494671468,11.030138636627,0.310475884102687,0.244234613059138
E71_6_168,81.2958619924586,NA,NA,NA
E113_5_927,NA,111.206944982147,NA,NA
E83_2_243,NA,97.5417798970142,NA,NA
E89_3_444,NA,84.6833898317459,NA,NA
E114_5_767,68.4081990858301,NA,NA,NA
E1_5_287,NA,48.7582097323304,NA,NA
E44_1_602,NA,63.8892442364434,NA,NA
E72_3_204,NA,53.4294852900965,NA,NA
E91_7_61,NA,109.159847694499,NA,NA
E8_0_16,18.9541660335254,17.826219250933,NA,NA
E121_4_566,NA,NA,NA,54.9342204606493
E119_5_367,NA,NA,NA,50.4479486392016
E86_2_643,NA,68.9983719443726,NA,NA
E23_3_044,NA,105.486043328995,NA,NA
E127_2_083,NA,86.7784818328439,NA,NA
E91_1_762,NA,97.7137270091701,NA,NA
E81_5_367,84.6674993762491,NA,NA,NA
E44_0_16,13.9568666025444,14.5616377370353,0,0
E10_6_248,NA,78.856019870177,NA,NA
E80_0_16,18.5474647007062,13.6094164687341,0,NA
E30_3_284,NA,62.1743638196177,NA,NA
E50_1_682,NA,111.206944982147,NA,NA
E77_7_049,NA,51.3781332627011,NA,NA
E99_2_884,NA,111.206944982147,NA,NA
E110_6_008,NA,50.4040960634599,NA,NA
E114_5_687,64.1496543698538,NA,NA,NA
E34_6_728,NA,60.9987806831498,NA,NA
E126_7_69,NA,96.8072519140397,NA,NA
E19_6_088,NA,111.206944982147,NA,NA
E110_7_129,NA,104.769065452918,NA,NA
E93_6_568,55.2261410721551,NA,NA,NA
E106_1_121,25.8029776458444,NA,NA,NA
E124_6_088,52.4967362851764,NA,NA,NA
E106_3_204,53.5157042985062,NA,NA,NA
E6_5_847,81.8230986571374,NA,NA,NA
E35_0_961,5.37055983989251,2.69767631115362,7.45418680909512,7.43314803058697
E21_2_163,57.5267616985727,NA,NA,NA
E110_2_884,NA,87.7823743301468,NA,NA
E22_2_403,62.4917749265608,NA,NA,NA
E34_1_602,32.2437468098693,NA,NA,NA
E81_4_325,58.7970528491329,NA,NA,NA
E139_0_481,34.8500771326001,NA,NA,NA
E106_5_607,78.2498297460706,NA,NA,NA
E141_2_163,66.0284722343251,NA,NA,NA
E148_4_245,NA,49.675666110697,NA,NA
E88_4_966,NA,NA,NA,58.5178248935155
E80_2_804,NA,NA,NA,53.139655057364
E17_0_961,37.4471666455068,NA,NA,NA
E13_2_003,89.0714342599221,NA,NA,NA
E126_7_85,NA,95.0574756452534,NA,NA
E73_7_449,NA,111.206944982147,NA,NA
E41_4_726,NA,NA,NA,58.5375088349628
E48_5_447,NA,76.7795398169373,NA,NA
E114_3_204,76.7798735539485,NA,NA,NA
E77_7_61,NA,108.233957949638,NA,NA
E112_6_488,NA,67.2524332987736,NA,NA
E83_4_566,NA,111.206944982147,NA,NA
E80_0_481,5.82181798437012,1.68672894789218,6.53429452645185,6.51560528833835
E104_1_682,NA,1.19115163461243,NA,NA
E66_4_085,NA,103.9903619206,NA,NA
E21_6_969,70.2087230839782,NA,NA,NA
E122_0_32,18.3331038611153,14.8913328091156,0,0
E94_4_966,NA,89.4315969254291,NA,NA
E6_0_0,17.6026598005701,10.4782708023969,NA,NA
E93_0_641,29.3996939452366,NA,NA,NA
E14_6_088,NA,NA,NA,51.3473141259772
E11_4_966,NA,67.5510803107745,NA,NA
E7_1_602,NA,NA,18.2065010834951,18.4707918534433
E74_2_483,37.8751660863466,NA,NA,NA
E28_3_284,NA,99.4469269690061,NA,NA
E104_3_444,NA,95.0916667119372,NA,NA
E121_4_005,NA,NA,NA,51.7349861773464
E53_2_243,70.7587475275249,NA,NA,NA
E61_1_202,NA,9.36767555754389,NA,NA
E84_5_607,NA,NA,50.2357713597911,NA
E104_0_561,1.50467643096749,1.58026258232276,7.0751106151843,7.09643504478806
E137_5_287,NA,104.244798254441,NA,NA
E92_2_403,NA,96.2051545881281,NA,NA
E3_5_607,NA,100.292277322469,NA,NA
E75_6_488,NA,42.7193971514915,NA,NA
E47_7_049,NA,82.5086201337153,NA,NA
E65_1_442,NA,NA,35.1550824515078,NA
E61_6_809,NA,NA,NA,51.3594591343682
E79_2_003,NA,NA,18.0645559192855,18.2789177383777
E4_0_641,NA,26.0692656494969,NA,NA
E89_0_801,NA,30.7195829584175,NA,NA
E30_0_721,NA,24.9695076726202,NA,NA
E92_7_049,NA,73.3654339056779,NA,NA
E81_3_605,65.711417378166,NA,NA,NA
E148_4_806,NA,78.2479037439225,NA,NA
E73_3_044,NA,74.3677954341587,NA,NA
E81_3_044,62.7553632571493,NA,NA,NA
E82_4_406,NA,NA,NA,55.0270945210003
E47_0_481,NA,26.4358696795098,NA,NA
E95_7_61,83.0524336724549,NA,NA,NA
E2_3_284,NA,NA,50.4759903366685,NA
E112_7_85,NA,103.883250163027,NA,NA
E38_6_328,NA,NA,48.6024640967697,NA
E30_6_648,NA,87.4453330682192,NA,NA
E68_2_483,NA,NA,NA,42.33707857491
E139_2_563,65.5481836821857,NA,NA,NA
E132_3_765,NA,NA,NA,60.1219162715849
E24_5_767,NA,111.206944982147,NA,NA
E66_6_568,NA,61.96997847679,NA,NA
E34_7_449,NA,80.9557114575043,NA,NA
E108_4_726,71.9653900299582,NA,NA,NA
E77_7_449,NA,55.2853994847354,NA,NA
E81_1_682,39.0710647417772,NA,NA,NA
E80_1_522,NA,NA,18.9562056668451,19.201169375108
E11_6_088,NA,68.5237508233395,NA,NA
E89_7_529,NA,83.5778634715884,NA,NA
E58_3_044,69.8349694809284,NA,NA,NA
E49_0_881,1.16867348608855,1.09155139831265,1.15045432507086,1.06374655080524
E138_3_444,NA,50.0960725412796,NA,NA
E10_6_889,NA,80.1874617347097,NA,NA
E21_2_323,52.4922245418527,NA,NA,NA
E48_1_442,NA,47.1678023548308,NA,NA
E134_3_444,NA,46.3712041665144,NA,NA
E19_4_646,NA,105.050010425268,NA,NA
E141_5_046,70.0799583146995,NA,NA,NA
E138_3_364,NA,100.070749576576,NA,NA
E123_6_568,NA,78.5014139236012,NA,NA
E13_4_646,72.1011326020489,NA,NA,NA
E22_7_369,89.0714342599221,NA,NA,NA
E57_4_005,64.035300078271,NA,NA,NA
E47_1_602,NA,57.3806292722091,NA,NA
E95_6_648,76.6893644127222,NA,NA,NA
E140_3_524,NA,111.206944982147,NA,NA
E110_5_607,NA,110.161133278196,NA,NA
E30_6_568,NA,79.7770576823585,NA,NA
E117_5_927,59.3866147251983,NA,NA,NA
E92_2_884,NA,67.2802013127721,NA,NA
E32_1_762,NA,NA,NA,33.6169246013073
E140_6_088,NA,60.5626752507217,NA,NA
E27_0_32,12.232376926927,13.0061719811507,0,0
E20_1_922,87.8125936172993,NA,NA,NA
E17_6_568,78.7799067228639,NA,NA,NA
E124_4_245,79.0257100179043,NA,NA,NA
E27_7_209,NA,51.2698614288106,NA,NA
E73_7_049,NA,64.7376862078518,NA,NA
E37_6_809,NA,104.938955365645,NA,NA
E139_3_444,78.3168423761342,NA,NA,NA
E50_3_124,NA,111.206944982147,NA,NA
E32_1_602,NA,NA,34.7114164502984,NA
E94_1_602,NA,67.1253475683285,NA,NA
E49_2_884,NA,64.8160703569256,NA,NA
E11_2_563,NA,92.7634774099538,NA,NA
E27_6_248,NA,111.206944982147,NA,NA
E93_6_168,66.8656287249599,NA,NA,NA
E98_5_367,NA,65.9700624524738,NA,NA
E136_0_32,22.8553510120496,17.3024083196219,NA,NA
E16_5_046,61.8896463087843,NA,NA,NA
E62_6_568,NA,NA,52.4854905336663,NA
E117_2_163,53.6955256883672,NA,NA,NA
E148_2_804,NA,93.8262297694502,NA,NA
E107_3_204,NA,83.5715788713544,NA,NA
E61_2_723,5.32958014710188,2.64895627243697,11.9374308576664,12.0459811921498
E2_6_088,NA,NA,49.6881599345134,NA
E7_0_32,0,9.21452624103481,0,0
E60_7_93,NA,58.9567841806304,NA,NA
E106_2_643,85.883481313815,NA,NA,NA
E92_0_641,1.70963818788695,1.68672894789218,1.71528273592629,1.65883417687318
E124_2_804,63.6463664994852,NA,NA,NA
E137_6_568,NA,87.5976421318679,NA,NA
E140_2_964,NA,83.7043899483429,NA,NA
E26_7_69,NA,NA,52.4684626825387,NA
E73_1_202,NA,47.8597596141481,NA,NA
E113_0_641,NA,54.9157071091318,NA,NA
E49_4_646,NA,79.7741100511259,NA,NA
E139_1_121,38.5013858124636,NA,NA,NA
E144_5_046,NA,95.4445690336822,NA,NA
E25_3_765,66.6547461129127,NA,NA,NA
E108_2_804,50.9046842346266,NA,NA,NA
E21_0_32,17.7465185364995,12.2078565670646,0.200842555631649,0.244234613059138
E139_2_723,79.9163336756634,NA,NA,NA
E113_0_16,1.81992965074293,1.80756295406109,1.81638434308906,1.76854120502639
E71_2_563,76.0058847806053,NA,NA,NA
E38_4_085,NA,NA,53.6368030806429,NA
E19_6_248,NA,49.011343664156,NA,NA
E34_7_209,NA,88.5939614922646,NA,NA
E62_4_646,NA,NA,46.9309003181577,NA
E115_5_126,88.8538408511419,NA,NA,NA
E95_7_529,62.2366731992485,NA,NA,NA
E81_4_966,54.9454964846468,NA,NA,NA
E11_7_369,NA,47.1213999014941,NA,NA
E21_2_243,63.1570861255166,NA,NA,NA
E16_3_364,62.0540930686746,NA,NA,NA
E10_1_282,NA,40.8442101423498,NA,NA
E32_2_643,NA,NA,NA,50.0310120036298
E95_2_723,78.6589700321326,NA,NA,NA
E80_7_85,NA,NA,NA,50.3838598994131
E41_4_486,NA,NA,NA,53.8151064295543
E123_4_245,NA,72.1674423797772,NA,NA
E93_4_486,63.962145200088,NA,NA,NA
E55_4_406,NA,91.1669340056799,NA,NA
E141_7_77,79.2010932114965,NA,NA,NA
E35_7_289,NA,NA,54.3442197655717,NA
E85_1_842,NA,36.2687214428868,NA,NA
E73_1_522,NA,83.169031028792,NA,NA
E47_6_248,NA,58.3670364951335,NA,NA
E78_7_69,NA,111.206944982147,NA,NA
E133_1_682,70.1276354871928,NA,NA,NA
E106_4_245,69.7719084962356,NA,NA,NA
E104_7_049,NA,32.3441508536967,NA,NA
E19_3_364,NA,57.5797602931137,NA,NA
E138_0_16,20.9152148771996,18.7010323796708,NA,NA
E78_0_16,17.0729878320349,16.8596046471832,0,0
E73_6_488,NA,95.8885398675668,NA,NA
E18_1_602,44.1046442124341,NA,NA,NA
E98_7_93,NA,111.206944982147,NA,NA
E32_2_723,NA,NA,NA,47.565762706036
E82_6_889,NA,NA,NA,50.0997316633461
E136_7_129,72.4549876469033,NA,NA,NA
E11_3_284,NA,53.2349741705794,NA,NA
E49_3_765,NA,101.60840055727,NA,NA
E99_2_804,NA,65.3841580582441,NA,NA
E85_0_481,NA,111.206944982147,NA,NA
E62_3_204,NA,NA,51.7477189145205,NA
E30_2_243,NA,47.7875339435157,NA,NA
E41_6_408,NA,NA,NA,54.5306935168082
E123_1_202,NA,31.4321645432356,NA,NA
E61_1_602,5.74096672395949,1.58026258232276,8.85096773712655,8.99199844215268
E17_4_005,74.6893771831474,NA,NA,NA
E31_1_041,NA,42.3622373594508,NA,NA
E95_0_32,21.9801824096804,16.807855015321,NA,NA
E10_4_005,NA,68.1908663680003,NA,NA
E31_0_641,NA,25.5980788620169,NA,NA
E11_6_408,NA,111.206944982147,NA,NA
E104_0_0,17.600878700427,10.576765083133,NA,NA
E38_0_561,5.44613785484399,2.36564619276943,9.12757323601316,9.16056242775912
E11_7_209,NA,97.8338931364204,NA,NA
E29_7_449,62.9301263127755,NA,NA,NA
E32_6_248,NA,NA,NA,50.9774313739548
E133_0_08,17.5188989676148,12.4618891312062,0,0
E108_6_648,89.0714342599221,NA,NA,NA
E124_5_287,86.8668199798938,NA,NA,NA
E114_2_083,66.2539380948025,NA,NA,NA
E6_2_243,89.0714342599221,NA,NA,NA
E7_2_723,NA,NA,42.7529178877841,NA
E91_5_046,NA,93.7040672076799,NA,NA
E81_6_728,65.0862399545238,NA,NA,NA
E120_7_289,NA,103.06782879067,NA,NA
E37_5_207,NA,47.0501628878281,NA,NA
E7_5_767,NA,NA,56.3614776899182,NA
E58_0_481,34.6203205343459,NA,NA,NA
E108_6_568,87.5468966888808,NA,NA,NA
E28_0_08,18.3248011551365,14.3959408637427,0,0
E112_5_607,NA,87.2358033052016,NA,NA
E145_1_842,NA,44.1249907166657,NA,NA
E141_7_449,58.9947229208784,NA,NA,NA
E112_0_881,NA,24.5449906486459,NA,NA
E24_6_248,NA,43.3335514115242,NA,NA
E28_3_685,NA,111.206944982147,NA,NA
E136_7_529,89.0714342599221,NA,NA,NA
E139_1_922,89.0714342599221,NA,NA,NA
E50_4_406,NA,60.5806016257753,NA,NA
E55_3_685,NA,52.0497011789839,NA,NA
E144_5_447,NA,70.6128690028347,NA,NA
E139_2_163,64.8382626174023,NA,NA,NA
E13_7_77,82.1421424455098,NA,NA,NA
E81_3_845,75.9571494121577,NA,NA,NA
E17_0_08,17.5583875201987,13.0700626048917,0,0
E66_0_561,1.34708915115596,1.2807805340519,6.84498573188749,6.87325272648728
E102_3_364,NA,NA,NA,57.0364676712475
E45_5_367,NA,NA,51.3523634709472,NA
E30_5_847,NA,91.2347150048577,NA,NA
E95_6_969,82.4178132883322,NA,NA,NA
E77_6_008,NA,79.8509283739591,NA,NA
E74_4_245,81.4051435450713,NA,NA,NA
E23_6_248,NA,90.987494654668,NA,NA
E7_3_605,NA,NA,54.6930909166966,NA
E71_6_648,54.7473168223405,NA,NA,NA
E60_7_049,NA,49.2252845812593,NA,NA
E144_2_723,NA,105.239690655343,NA,NA
E16_7_449,71.7168481482227,NA,NA,NA
E140_4_325,NA,67.0143753721996,NA,NA
E21_2_723,62.6478163894145,NA,NA,NA
E6_7_93,71.5973148360709,NA,NA,NA
E2_5_367,NA,NA,55.3098046524457,NA
E93_5_367,59.6312199632206,NA,NA,NA
E57_3_284,89.0714342599221,NA,NA,NA
E2_5_687,NA,NA,50.1116863383339,NA
E35_2_243,NA,NA,19.1720807195135,19.3241009475229
E94_0_24,20.1124628996919,18.1342093124883,NA,NA
E50_0_0,16.3588399794862,3.97814642330151,3.79412423675313,3.7402319233276
E71_3_524,49.1753975932344,NA,NA,NA
E20_5_287,60.8153964491195,NA,NA,NA
E55_3_765,NA,105.428500168375,NA,NA
E23_1_602,NA,111.206944982147,NA,NA
E80_3_364,NA,NA,NA,50.4496411327595
E29_1_922,57.8120772639175,NA,NA,NA
E8_1_442,NA,107.392912079057,NA,NA
E113_5_527,NA,111.206944982147,NA,NA
E55_5_847,NA,94.1246480590055,NA,NA
E102_3_925,NA,NA,NA,56.5550270769841
E29_1_202,35.1866831093844,NA,NA,NA
E45_5_046,NA,NA,50.425577429159,NA
E132_0_0,16.3588399794862,3.97814642330151,3.79412423675313,3.7402319233276
E145_7_129,NA,70.9821070188415,NA,NA
E60_6_008,NA,48.2208168665414,NA,NA
E58_3_364,73.9751780502349,NA,NA,NA
E77_3_845,NA,111.206944982147,NA,NA
E96_1_522,39.4335259685961,NA,NA,NA
E91_1_842,NA,76.5848757949751,NA,NA
E7_5_207,NA,NA,52.5490824199815,NA
E130_2_723,77.1224823831433,NA,NA,NA
E60_5_447,NA,92.5370190672564,NA,NA
E146_6_969,64.8015948898381,NA,NA,NA
E145_5_287,NA,96.6051555453291,NA,NA
E2_2_163,NA,NA,53.4532098706398,NA
E17_7_93,84.2099907875396,NA,NA,NA
E2_2_483,NA,NA,57.0500117128024,NA
E139_5_287,78.5217298632738,NA,NA,NA
E24_2_723,NA,111.206944982147,NA,NA
E46_2_003,NA,93.8973160763721,NA,NA
E23_1_202,NA,45.4570822166658,NA,NA
E35_2_723,NA,NA,43.4032770090923,NA
E90_6_728,NA,66.4162768869358,NA,NA
E141_1_682,50.2849822195572,NA,NA,NA
E57_5_367,71.6120117795613,NA,NA,NA
E10_6_568,NA,91.4425810268579,NA,NA
E74_1_121,NA,27.9513166041319,NA,NA
E123_1_522,NA,32.3705802218678,NA,NA
E86_1_762,NA,55.6802442108985,NA,NA
E146_7_529,89.0714342599221,NA,NA,NA
E83_4_325,NA,43.4189596971289,NA,NA
E96_6_488,46.9289097593551,NA,NA,NA
E58_6_248,72.7604644754044,NA,NA,NA
E45_4_966,NA,NA,52.2732403160879,NA
E18_4_886,65.8420154926776,NA,NA,NA
E138_4_886,NA,71.913477179206,NA,NA
E102_5_607,NA,NA,NA,45.8862147398363
E19_6_809,NA,39.477145365998,NA,NA
E104_0_721,5.65421239152896,1.68672894789218,7.25362550150982,7.27841952786819
E32_1_202,NA,NA,34.362875934407,NA
E44_0_721,NA,28.5959137536171,NA,NA
E105_2_804,NA,41.9801271033307,NA,NA
E29_7_69,61.4429207267004,NA,NA,NA
E55_7_529,NA,111.206944982147,NA,NA
E132_5_847,NA,NA,NA,52.364613591223
E55_6_168,NA,68.912768180648,NA,NA
E77_3_284,NA,75.1334709808865,NA,NA
E140_5_367,NA,77.5556055547087,NA,NA
E93_5_207,79.8275986074474,NA,NA,NA
E33_3_044,NA,41.2242556206779,NA,NA
E139_5_126,82.5447900042573,NA,NA,NA
E98_7_85,NA,58.3925126791089,NA,NA
E23_3_925,NA,107.507663611686,NA,NA
E96_1_602,51.4822773892153,NA,NA,NA
E110_7_529,NA,108.127881772707,NA,NA
E18_4_325,62.0540930686746,NA,NA,NA
E61_3_204,NA,NA,19.8665385882502,19.9149293799437
E102_2_403,NA,NA,47.4297268601226,NA
E88_0_881,2.0125616621623,1.99356328284647,1.99211070857395,1.97258984597385
E68_2_563,NA,NA,NA,42.3785241227531
E55_1_442,NA,44.0717721579382,NA,NA
E61_5_767,NA,NA,NA,51.9475290220936
E130_2_083,53.1351995721152,NA,NA,NA
E80_1_762,NA,NA,18.5260876104195,18.7568324706097
E10_0_24,1.10735512700599,1.09155139831265,1.07216481174978,1.06374655080524
E120_5_527,NA,96.5382908506006,NA,NA
E83_4_646,NA,53.6133181721014,NA,NA
E124_2_083,38.8761129309483,NA,NA,NA
E27_5_607,NA,72.7362805747463,NA,NA
E60_0_0,16.9161566876575,10.0382859393496,3.79412423675313,3.7402319233276
E94_3_524,NA,64.4908657730206,NA,NA
E62_6_168,NA,NA,56.3022334891881,NA
E110_4_325,NA,93.0760332463906,NA,NA
E60_7_77,NA,80.6159133659799,NA,NA
E55_0_961,NA,28.1083406612471,NA,NA
E31_7_77,NA,67.346650741745,NA,NA
E112_6_889,NA,95.4336954100561,NA,NA
E32_4_245,NA,NA,NA,54.6861353537502
E127_2_723,NA,102.749915470475,NA,NA
E104_3_605,NA,98.9526323221535,NA,NA
E140_2_003,NA,49.0059072055735,NA,NA
E120_1_282,NA,27.2804157764692,NA,NA
E7_4_085,NA,NA,49.750995967952,NA
E80_4_005,NA,NA,NA,59.7136889993732
E127_0_961,NA,25.7898493275112,NA,NA
E22_1_041,38.9709510976228,NA,NA,NA
E91_4_646,NA,107.237651017118,NA,NA
E121_6_088,NA,NA,NA,60.8130615563844
E75_5_447,NA,66.9112391906313,NA,NA
E2_2_804,NA,NA,53.6298819606549,NA
E92_5_687,NA,62.2039177017325,NA,NA
E138_0_561,NA,24.5316627765217,NA,NA
E124_2_643,85.286247336723,NA,NA,NA
E119_1_922,NA,NA,19.2855252837767,19.4058734330354
E95_7_85,57.2619351236693,NA,NA,NA
E7_4_966,NA,NA,52.6190039413413,NA
E30_2_563,NA,54.9598662165975,NA,NA
E33_4_165,NA,40.2289819483186,NA,NA
E18_7_85,62.2883487598184,NA,NA,NA
E85_1_682,NA,45.529692477293,NA,NA
E88_4_005,NA,NA,NA,47.949325067135
E108_2_483,50.7466233833752,NA,NA,NA
E27_2_003,NA,79.9875421974259,NA,NA
E78_3_044,NA,107.577366006926,NA,NA
E37_6_568,NA,84.7478102932289,NA,NA
E104_4_566,NA,61.3757134004033,NA,NA
E123_1_362,NA,26.303662364336,NA,NA
E10_6_488,NA,111.206944982147,NA,NA
E82_4_005,NA,NA,NA,55.1044101773951
E32_3_444,NA,NA,NA,56.5510598140823
E83_1_682,NA,28.2249860646596,NA,NA
E19_2_483,NA,86.3386626902524,NA,NA
E55_3_284,NA,79.648509810701,NA,NA
E91_1_041,NA,24.08367105326,NA,NA
E24_5_527,NA,77.2718500450677,NA,NA
E113_3_845,NA,105.081727916656,NA,NA
E123_0_32,19.9870827412117,18.0390945033313,NA,NA
E146_5_367,52.8543713133039,NA,NA,NA
E120_4_005,NA,46.8188394393019,NA,NA
E137_4_886,NA,107.219301047832,NA,NA
E85_0_561,NA,36.7285232271671,NA,NA
E21_4_646,65.5989569649934,NA,NA,NA
E130_7_449,81.0355215559517,NA,NA,NA
E60_6_648,NA,105.152866889304,NA,NA
E7_2_563,NA,NA,43.187051900067,NA
E133_2_643,86.7545161679867,NA,NA,NA
E14_2_804,NA,NA,NA,47.2752208671036
E92_6_648,NA,86.9924372077456,NA,NA
E8_1_762,NA,57.0951829228401,NA,NA
E132_6_728,NA,NA,NA,53.376052027561
E35_3_284,NA,NA,43.8414095853391,NA
E26_0_721,4.71118532345539,3.56961729805766,5.33936780996263,5.31875425960172
E119_7_77,NA,NA,NA,59.5222970646719
E144_0_801,NA,26.5194348612574,NA,NA
E79_4_486,NA,NA,52.2032867741519,NA
E140_4_966,NA,87.8240462244078,NA,NA
E23_2_643,NA,61.4084451283964,NA,NA
E115_1_762,28.7210299459243,NA,NA,NA
E34_4_966,NA,86.0929435707569,NA,NA
E73_0_961,NA,74.1875084788278,NA,NA
E123_3_044,NA,111.017154405892,NA,NA
E50_3_284,NA,65.5658969879377,NA,NA
E130_6_168,71.5581151514769,NA,NA,NA
E30_5_927,NA,79.4578343895477,NA,NA
E29_5_527,74.9090693925229,NA,NA,NA
E122_3_925,28.3064148650207,NA,NA,NA
E93_0_0,16.9183244189646,10.0407577427766,3.79412423675313,3.7402319233276
E106_2_163,86.0279216535197,NA,NA,NA
E3_2_243,NA,87.326197346581,NA,NA
E106_0_881,24.5008080518055,20.8075838154072,NA,NA
E85_7_369,NA,44.3282384991947,NA,NA
E99_0_401,NA,32.3429397096836,NA,NA
E88_5_847,NA,NA,NA,56.7689562004737
E117_6_168,70.6815856393517,NA,NA,NA
E38_4_566,NA,NA,52.9491216757208,NA
E120_3_845,NA,111.206944982147,NA,NA
E115_4_005,69.9979897692872,NA,NA,NA
E45_2_643,NA,NA,16.5380627613327,16.7218514991009
E27_0_401,12.2539981205677,12.718674481054,0,0
E89_5_126,NA,42.2690106348211,NA,NA
E106_1_842,89.0714342599221,NA,NA,NA
E75_3_444,NA,78.97605665982,NA,NA
E134_4_325,NA,85.3269320383689,NA,NA
E137_6_488,NA,56.9396494682026,NA,NA
E132_4_566,NA,NA,NA,59.2431150659756
E31_5_046,NA,78.5656620495207,NA,NA
E85_5_607,NA,104.486713513835,NA,NA
E130_5_447,77.3517094175082,NA,NA,NA
E20_0_32,23.9413536150094,16.6916865160469,NA,NA
E7_1_842,NA,NA,17.9418961630455,18.1622427701775
E74_6_488,62.2427967664264,NA,NA,NA
E35_2_964,NA,NA,43.4468824323213,NA
E30_1_682,NA,68.0067063331365,NA,NA
E130_1_202,27.8998162009342,NA,NA,NA
E92_7_69,NA,72.6115304881407,NA,NA
E33_6_488,NA,56.6796324402105,NA,NA
E38_2_163,NA,NA,42.2605268405539,NA
E130_0_801,41.5969686943773,NA,NA,NA
E77_3_765,NA,53.5182578535761,NA,NA
E21_1_602,50.2620384650071,NA,NA,NA
E34_1_442,32.5882813494567,NA,NA,NA
E68_2_323,NA,NA,NA,42.3539375023355
E65_3_925,NA,NA,53.4411816014449,NA
E53_0_881,27.9850913097999,NA,NA,NA
E83_5_287,NA,92.4102143801124,NA,NA
E137_0_801,NA,27.9226688360216,NA,NA
E132_2_003,NA,NA,34.0951122185176,NA
E117_3_204,81.8817445870022,NA,NA,NA
E57_6_008,62.0540930686746,NA,NA,NA
E130_6_248,63.8875334616958,NA,NA,NA
E130_5_287,79.8108626214842,NA,NA,NA
E57_7_529,62.8313653884513,NA,NA,NA
E50_5_126,NA,75.8184276777754,NA,NA
E4_5_287,NA,72.4170906759579,NA,NA
E90_2_403,NA,111.206944982147,NA,NA
E38_1_682,NA,NA,18.4641677886246,18.6747557186837
E107_0_641,NA,47.8081192696454,NA,NA
E45_3_605,NA,NA,43.5850050640953,NA
E53_3_364,78.398142606541,NA,NA,NA
E85_4_726,NA,68.6092272109489,NA,NA
E3_6_648,NA,99.9610677165007,NA,NA
E58_5_607,63.5359642919258,NA,NA,NA
E44_0_401,16.7027067684726,19.6440224357698,NA,NA
E144_5_767,NA,67.5151024227764,NA,NA
E74_4_966,77.2060526335427,NA,NA,NA
E148_2_723,NA,36.2687214428868,NA,NA
E148_2_003,NA,23.3648520310509,NA,NA
E45_1_922,5.26387943495429,NA,13.8178619463124,13.9220461040713
E7_3_845,NA,NA,54.260408112156,NA
E74_3_364,41.8555104838283,NA,NA,NA
E14_4_886,NA,NA,NA,59.7438359889707
E136_0_641,24.252039563503,20.9465756849164,NA,NA
E4_7_77,NA,93.755156987709,NA,NA
E108_1_442,48.5704800965074,NA,NA,NA
E94_2_483,NA,44.0227017275168,NA,NA
E23_0_881,NA,40.4207840861735,NA,NA
E127_3_765,NA,101.019143852577,NA,NA
E34_0_401,23.0685903445873,20.3814871873486,NA,NA
E14_3_925,NA,NA,NA,48.3167846339162
E33_1_922,NA,73.7382289343792,NA,NA
E74_7_77,61.7626937938963,NA,NA,NA
E44_0_881,NA,26.3701236654513,NA,NA
E94_0_16,15.9301159394965,12.3901642240883,0,0
E94_7_049,NA,96.1666469799473,NA,NA
E133_2_563,69.2413471609316,NA,NA,NA
E96_7_449,79.6944096777466,NA,NA,NA
E29_0_16,18.4234332755995,13.3217402649059,0,0
E146_2_323,50.5628230836767,NA,NA,NA
E22_3_124,89.0714342599221,NA,NA,NA
E10_1_202,NA,46.1468052299437,NA,NA
E102_6_809,NA,NA,NA,49.0298842681702
E148_6_328,NA,72.2081745905244,NA,NA
E30_3_685,NA,91.646290293482,NA,NA
E28_3_444,NA,56.2753180952675,NA,NA
E89_0_401,0,0,0,0
E27_0_561,1.16867348608855,1.09155139831265,1.15045432507086,1.06374655080524
E114_6_168,64.36230676423,NA,NA,NA
E33_3_845,NA,44.1694163543665,NA,NA
E80_6_568,NA,NA,NA,48.6269655654793
E26_6_088,NA,NA,49.3874618247155,NA
E31_1_922,NA,45.4339291493178,NA,NA
E85_1_041,NA,25.2520445233902,NA,NA
E16_4_486,62.3156901909374,NA,NA,NA
E145_1_762,NA,77.3046997400156,NA,NA
E108_6_248,87.1428977000247,NA,NA,NA
E32_2_804,NA,NA,NA,55.0662152755809
E129_4_966,NA,102.917092494654,NA,NA
E129_2_643,NA,41.7964507952086,NA,NA
E30_7_209,NA,88.5340847387217,NA,NA
E108_3_284,53.2217813331449,NA,NA,NA
E110_5_927,NA,94.1469030215171,NA,NA
E93_2_723,80.5113076675214,NA,NA,NA
E79_6_248,NA,NA,52.2948609824287,NA
E25_1_682,52.7138639555043,NA,NA,NA
E31_4_406,NA,69.7677936058142,NA,NA
E20_2_563,68.683685464859,NA,NA,NA
E61_1_842,5.44613785484399,2.26810329622256,9.22611406634081,9.27112115164593
E89_7_61,NA,83.9841647604502,NA,NA
E3_5_767,NA,101.907526443895,NA,NA
E90_6_648,NA,102.187275922506,NA,NA
E148_7_049,NA,88.4795677650169,NA,NA
E124_4_886,64.3000278145573,NA,NA,NA
E53_7_93,69.7216437434196,NA,NA,NA
E2_0_561,4.26334818807114,3.97814642330151,3.93631224813311,3.92320073223815
E89_2_884,NA,32.6363666259069,NA,NA
E83_6_568,NA,84.0024642626846,NA,NA
E136_5_046,68.21567242986,NA,NA,NA
E138_3_845,NA,103.503422753929,NA,NA
E91_5_767,NA,42.7521146304042,NA,NA
E26_4_646,NA,NA,51.175603376344,NA
E84_3_124,NA,NA,49.9831772331628,NA
E136_5_527,54.6188890078599,NA,NA,NA
E21_3_444,89.0714342599221,NA,NA,NA
E18_1_041,29.1049486166535,NA,NA,NA
E47_5_607,NA,53.2175506611461,NA,NA
E68_2_083,NA,NA,18.8839966388027,19.2215206159726
E85_4_806,NA,101.765415172668,NA,NA
E72_4_165,NA,78.7604200391787,NA,NA
E82_7_85,NA,NA,NA,55.0927101318784
E82_4_325,NA,NA,NA,53.1952711985431
E34_2_723,NA,111.206944982147,NA,NA
E86_1_121,NA,27.4602881641596,NA,NA
E4_1_762,NA,67.7345016735192,NA,NA
E22_5_767,89.0714342599221,NA,NA,NA
E106_3_524,80.4726545693516,NA,NA,NA
E45_2_003,5.31437946506392,2.88102615033422,12.21138296423,12.2734344543752
E68_4_085,NA,NA,NA,49.7628759640427
E71_4_005,79.3971634601098,NA,NA,NA
E115_4_886,76.5832546377072,NA,NA,NA
E126_0_481,0,7.29185001293413,0,0
E78_7_129,NA,92.5876144749566,NA,NA
E75_3_845,NA,49.6731690476561,NA,NA
E37_6_889,NA,68.2821412809729,NA,NA
E113_0_561,1.24317162587893,1.19115163461243,1.20745440785652,1.19616112420572
E18_3_845,75.27912763119,NA,NA,NA
E32_3_765,NA,NA,NA,52.5066800163096
E110_3_284,NA,56.7986582571293,NA,NA
E141_2_323,85.8277015503835,NA,NA,NA
E2_7_449,NA,NA,55.5682575968924,NA
E84_4_165,NA,NA,48.1902601636171,NA
E123_1_602,NA,46.2027097576472,NA,NA
E75_2_643,NA,96.0362869922017,NA,NA
E6_5_527,84.2370193613864,NA,NA,NA
E88_7_209,NA,NA,NA,56.9274267270474
E129_7_129,NA,59.9494423282012,NA,NA
E32_6_648,NA,NA,NA,50.7059203130618
E89_3_364,NA,69.9566874772115,NA,NA
E108_7_69,48.5026480980556,NA,NA,NA
E4_2_804,NA,111.206944982147,NA,NA
E66_7_209,NA,106.040352086213,NA,NA
E41_1_762,NA,NA,19.6331436319943,19.8771985458299
E34_7_289,NA,91.8883005203797,NA,NA
E82_2_003,NA,NA,34.728680442321,NA
E13_3_444,46.0614046360258,NA,NA,NA
E24_1_522,NA,60.5252222658077,NA,NA
E81_6_088,61.6867925659236,NA,NA,NA
E113_4_566,NA,110.587802914533,NA,NA
E73_1_842,NA,106.230971264805,NA,NA
E46_3_444,NA,85.0669249196876,NA,NA
E27_7_129,NA,56.414581526696,NA,NA
E13_7_129,61.818134480428,NA,NA,NA
E139_1_842,88.63430210416,NA,NA,NA
E141_4_085,76.9378920448922,NA,NA,NA
E89_0_0,16.9009591802315,3.97814642330151,NA,NA
E38_0_32,5.58853790694218,1.68672894789218,8.23849525197578,8.28651327274093
E95_3_124,70.9279933789685,NA,NA,NA
E50_4_165,NA,75.9667439125593,NA,NA
E72_7_289,NA,84.6827059878625,NA,NA
E82_6_408,NA,NA,NA,56.9129681975329
E78_1_041,NA,26.7321249586498,NA,NA
E94_0_641,NA,24.7152932830176,NA,NA
E108_2_163,51.0738225799753,NA,NA,NA
E50_0_401,NA,29.1624348985424,NA,NA
E106_3_284,86.2982799368696,NA,NA,NA
E126_6_728,NA,58.8907382576932,NA,NA
E98_0_721,NA,27.1355594774226,NA,NA
E49_2_643,NA,94.5073057558985,NA,NA
E95_2_403,79.2741963178479,NA,NA,NA
