,Time
E19_3_152,3.1519999999999997
E113_5_854,5.854
E13_2_101,2.101
E78_11_858,11.857999999999999
E110_7_505,7.505
E64_4_203,4.203
E44_1_501,1.501
E39_12_608,12.607999999999999
E43_3_753,3.753
E85_4_053,4.053
E133_2_552,2.552
E108_12_759,12.759
E36_0_45,0.45
E40_8_706,8.706
E110_5_103,5.103
E104_4_353,4.353
E87_14_86,14.86
E72_1_351,1.351
E41_13_959,13.959000000000001
E102_0_3,0.3
E6_0_901,0.9009999999999999
E14_6_604,6.604
E95_1_651,1.651
E48_7_355,7.355
E140_13_809,13.809000000000001
E144_13_959,13.959000000000001
E19_12_608,12.607999999999999
E95_4_803,4.803
E0_2_702,2.702
E49_13_059,13.059000000000001
E93_3_903,3.903
E59_6_004,6.004
E90_11_558,11.558
E93_10_807,10.807
E97_10_957,10.957
E26_8_256,8.256
E112_4_053,4.053
E130_3_002,3.002
E26_10_207,10.207
E125_0_0,0.0
E147_13_809,13.809000000000001
E50_5_254,5.254
E143_13_659,13.659
E23_12_308,12.308
E10_3_002,3.002
E63_6_905,6.905
E93_3_753,3.753
E96_14_86,14.86
E2_6_454,6.454
E21_5_103,5.103
E136_2_552,2.552
E85_3_452,3.452
E84_10_057,10.057
E37_11_258,11.258
E17_10_507,10.507
E120_0_901,0.9009999999999999
E118_6_755,6.755
E57_1_351,1.351
E64_14_26,14.26
E113_4_953,4.953
E113_14_71,14.71
E123_10_207,10.207
E16_4_053,4.053
E52_10_057,10.057
E77_0_15,0.15
E44_4_953,4.953
E144_14_41,14.41
E32_13_209,13.209000000000001
E49_0_0,0.0
E85_10_057,10.057
E49_12_458,12.458
E86_1_801,1.801
E58_6_154,6.154
E40_13_509,13.509
E93_10_057,10.057
E113_2_702,2.702
E111_1_801,1.801
E93_0_6,0.6
E110_14_109,14.109000000000002
E129_14_71,14.71
E53_12_909,12.909
E86_0_0,0.0
E147_5_404,5.404
E75_11_408,11.408
E13_6_154,6.154
E89_4_953,4.953
E127_3_302,3.302
E133_6_304,6.303999999999999
E54_13_359,13.359000000000002
E146_3_903,3.903
E36_9_907,9.907
E50_11_708,11.708
E131_4_953,4.953
E15_11_107,11.107000000000001
E111_12_759,12.759
E87_0_15,0.15
E14_2_852,2.852
E89_7_955,7.955
E6_6_755,6.755
E19_6_755,6.755
E22_7_055,7.055
E68_3_903,3.903
E2_10_657,10.657
E44_3_903,3.903
E98_14_41,14.41
E125_14_41,14.41
E69_2_101,2.101
E131_3_753,3.753
E80_11_708,11.708
E99_0_0,0.0
E12_2_252,2.252
E34_7_055,7.055
E40_1_951,1.9509999999999998
E124_4_653,4.6530000000000005
E100_9_456,9.456
E10_0_901,0.9009999999999999
E16_8_556,8.556000000000001
E98_0_901,0.9009999999999999
E118_0_45,0.45
E97_9_606,9.606
E83_1_801,1.801
E21_0_901,0.9009999999999999
E75_3_753,3.753
E148_11_258,11.258
E31_1_501,1.501
E124_11_708,11.708
E34_5_254,5.254
E65_4_653,4.6530000000000005
E142_5_404,5.404
E39_2_552,2.552
E63_13_809,13.809000000000001
E51_14_26,14.26
E13_3_452,3.452
E33_4_953,4.953
E147_4_353,4.353
E111_5_554,5.553999999999999
E36_12_458,12.458
E13_4_653,4.6530000000000005
E114_13_209,13.209000000000001
E14_12_308,12.308
E8_12_759,12.759
E125_9_757,9.757
E130_13_509,13.509
E56_2_252,2.252
E113_8_556,8.556000000000001
E74_14_41,14.41
E88_0_751,0.7509999999999999
E24_2_252,2.252
E2_9_757,9.757
E7_2_702,2.702
E41_8_706,8.706
E29_12_008,12.008
E48_13_509,13.509
E137_6_755,6.755
E96_2_552,2.552
E66_6_604,6.604
E8_6_755,6.755
E134_3_002,3.002
E55_9_156,9.156
E1_3_002,3.002
E17_10_057,10.057
E145_5_103,5.103
E117_5_103,5.103
E51_11_408,11.408
E52_12_759,12.759
E12_6_905,6.905
E38_7_505,7.505
E37_2_402,2.4019999999999997
E126_7_655,7.655
E80_13_809,13.809000000000001
E141_4_053,4.053
E118_2_702,2.702
E24_5_554,5.553999999999999
E148_11_858,11.857999999999999
E74_10_657,10.657
E126_14_26,14.26
E65_2_252,2.252
E70_3_152,3.1519999999999997
E76_3_002,3.002
E84_11_858,11.857999999999999
E87_2_101,2.101
E128_3_452,3.452
E123_14_109,14.109000000000002
E52_4_953,4.953
E13_12_608,12.607999999999999
E8_12_308,12.308
E32_10_807,10.807
E61_1_201,1.2009999999999998
E81_8_556,8.556000000000001
E90_4_203,4.203
E21_10_957,10.957
E121_0_901,0.9009999999999999
E142_7_205,7.205
E69_3_903,3.903
E143_7_055,7.055
E127_10_207,10.207
E129_4_203,4.203
E131_13_809,13.809000000000001
E115_9_006,9.006
E120_7_505,7.505
E15_3_302,3.302
E132_7_505,7.505
E43_3_302,3.302
E142_8_856,8.856
E34_4_503,4.503
E97_12_308,12.308
E13_5_554,5.553999999999999
E60_12_909,12.909
E100_14_41,14.41
E14_6_905,6.905
E78_6_304,6.303999999999999
E2_7_805,7.805
E25_13_209,13.209000000000001
E118_13_509,13.509
E21_3_602,3.602
E15_8_105,8.105
E23_8_706,8.706
E30_1_651,1.651
E51_3_002,3.002
E102_6_604,6.604
E116_12_008,12.008
E93_6_604,6.604
E127_11_708,11.708
E149_9_907,9.907
E58_2_252,2.252
E42_13_059,13.059000000000001
E69_1_801,1.801
E59_12_308,12.308
E16_13_659,13.659
E76_11_408,11.408
E9_9_606,9.606
E87_5_404,5.404
E69_8_556,8.556000000000001
E135_7_505,7.505
E54_0_15,0.15
E107_12_308,12.308
E47_7_505,7.505
E18_14_56,14.56
E112_4_653,4.6530000000000005
E20_3_002,3.002
E136_3_753,3.753
E93_9_306,9.306000000000001
E62_2_552,2.552
E127_13_059,13.059000000000001
E133_5_404,5.404
E108_9_907,9.907
E92_12_008,12.008
E59_13_209,13.209000000000001
E29_7_355,7.355
E3_13_509,13.509
E87_6_154,6.154
E81_7_355,7.355
E87_4_053,4.053
E58_14_109,14.109000000000002
E0_1_951,1.9509999999999998
E45_12_759,12.759
E67_4_953,4.953
E43_5_254,5.254
E97_2_252,2.252
E139_9_156,9.156
E93_13_059,13.059000000000001
E19_3_903,3.903
E60_3_302,3.302
E24_8_856,8.856
E148_4_653,4.6530000000000005
E86_12_458,12.458
E63_14_71,14.71
E51_5_404,5.404
E78_5_704,5.704
E147_8_706,8.706
E88_5_704,5.704
E102_10_207,10.207
E131_9_306,9.306000000000001
E68_0_6,0.6
E72_13_659,13.659
E145_5_404,5.404
E143_11_558,11.558
E107_14_109,14.109000000000002
E98_8_105,8.105
E86_4_803,4.803
E131_4_203,4.203
E83_1_201,1.2009999999999998
E51_4_203,4.203
E103_13_059,13.059000000000001
E124_0_15,0.15
E47_0_6,0.6
E2_4_803,4.803
E7_6_454,6.454
E53_9_006,9.006
E18_12_308,12.308
E130_9_306,9.306000000000001
E87_12_458,12.458
E127_13_659,13.659
E45_2_402,2.4019999999999997
E136_0_901,0.9009999999999999
E143_5_554,5.553999999999999
E136_12_158,12.158
E18_9_306,9.306000000000001
E2_11_408,11.408
E7_5_404,5.404
E120_2_252,2.252
E81_7_955,7.955
E16_9_757,9.757
E34_1_051,1.051
E143_4_503,4.503
E33_9_306,9.306000000000001
E54_5_554,5.553999999999999
E105_4_503,4.503
E93_1_801,1.801
E73_12_909,12.909
E54_12_759,12.759
E23_6_154,6.154
E54_4_503,4.503
E94_3_002,3.002
E121_4_503,4.503
E74_12_909,12.909
E82_12_308,12.308
E114_1_951,1.9509999999999998
E146_12_008,12.008
E12_9_456,9.456
E148_8_706,8.706
E3_0_3,0.3
E66_4_053,4.053
E120_12_608,12.607999999999999
E106_11_107,11.107000000000001
E129_3_002,3.002
E89_7_505,7.505
E11_5_854,5.854
E125_4_053,4.053
E137_11_558,11.558
E107_14_71,14.71
E137_4_503,4.503
E12_4_353,4.353
E142_8_105,8.105
E108_6_604,6.604
E106_11_558,11.558
E108_1_501,1.501
E121_2_552,2.552
E32_1_351,1.351
E137_13_659,13.659
E18_10_507,10.507
E64_0_15,0.15
E118_2_252,2.252
E69_5_554,5.553999999999999
E143_10_807,10.807
E87_10_207,10.207
E115_14_26,14.26
E111_2_101,2.101
E72_0_0,0.0
E5_13_509,13.509
E38_8_706,8.706
E84_12_909,12.909
E3_2_101,2.101
E110_10_657,10.657
E65_5_103,5.103
E123_7_055,7.055
E59_0_15,0.15
E29_1_501,1.501
E47_5_704,5.704
E40_3_002,3.002
E42_6_755,6.755
E54_3_602,3.602
E1_10_207,10.207
E110_10_357,10.357000000000001
E142_1_651,1.651
E40_2_101,2.101
E117_8_105,8.105
E64_8_105,8.105
E147_11_858,11.857999999999999
E26_7_355,7.355
E48_11_408,11.408
E103_1_951,1.9509999999999998
E124_13_509,13.509
E131_12_008,12.008
E31_0_901,0.9009999999999999
E91_2_702,2.702
E90_13_659,13.659
E124_12_759,12.759
E44_0_751,0.7509999999999999
E37_14_71,14.71
E20_12_158,12.158
E87_3_753,3.753
E14_7_805,7.805
E64_7_655,7.655
E55_4_503,4.503
E63_13_209,13.209000000000001
E11_4_503,4.503
E63_3_753,3.753
E33_1_651,1.651
E137_14_56,14.56
E31_14_86,14.86
E92_4_953,4.953
E144_0_45,0.45
E106_7_655,7.655
E128_0_0,0.0
E15_8_256,8.256
E19_3_753,3.753
E111_7_205,7.205
E73_14_26,14.26
E50_14_26,14.26
E44_2_252,2.252
E13_9_907,9.907
E77_3_753,3.753
E37_5_554,5.553999999999999
E129_1_651,1.651
E120_9_306,9.306000000000001
E68_0_45,0.45
E122_2_852,2.852
E52_6_454,6.454
E40_3_452,3.452
E23_13_359,13.359000000000002
E84_10_657,10.657
E87_3_903,3.903
E136_0_6,0.6
E120_14_26,14.26
E118_5_254,5.254
E120_11_708,11.708
E42_6_454,6.454
E17_11_858,11.857999999999999
E30_12_008,12.008
E29_10_807,10.807
E61_8_856,8.856
E84_12_308,12.308
E3_9_456,9.456
E147_4_203,4.203
E70_7_805,7.805
E87_4_803,4.803
E75_1_051,1.051
E24_12_158,12.158
E103_14_86,14.86
E90_11_107,11.107000000000001
E13_14_71,14.71
E11_13_209,13.209000000000001
E119_0_45,0.45
E70_10_057,10.057
E100_12_458,12.458
E35_6_755,6.755
E20_13_959,13.959000000000001
E35_10_957,10.957
E29_1_051,1.051
E44_4_653,4.6530000000000005
E97_13_359,13.359000000000002
E35_12_608,12.607999999999999
E27_3_452,3.452
E147_2_252,2.252
E143_10_657,10.657
E125_11_708,11.708
E6_10_957,10.957
E28_14_109,14.109000000000002
E36_0_15,0.15
E98_6_604,6.604
E143_3_452,3.452
E85_5_704,5.704
E136_4_053,4.053
E18_11_558,11.558
E32_2_702,2.702
E99_7_205,7.205
E110_12_608,12.607999999999999
E32_9_156,9.156
E56_10_507,10.507
E73_7_355,7.355
E23_4_503,4.503
E138_8_856,8.856
E139_5_704,5.704
E36_6_905,6.905
E11_12_458,12.458
E40_12_308,12.308
E147_2_702,2.702
E53_14_86,14.86
E14_10_957,10.957
E125_14_109,14.109000000000002
E92_7_055,7.055
E149_0_901,0.9009999999999999
E131_3_002,3.002
E122_9_006,9.006
E119_11_708,11.708
E90_7_955,7.955
E28_3_903,3.903
E87_6_755,6.755
E68_1_951,1.9509999999999998
E83_9_606,9.606
E19_4_503,4.503
E53_13_659,13.659
E19_0_751,0.7509999999999999
E91_5_704,5.704
E50_9_006,9.006
E48_3_302,3.302
E122_12_458,12.458
E12_14_56,14.56
E76_14_109,14.109000000000002
E89_13_959,13.959000000000001
E105_12_759,12.759
E76_0_6,0.6
E101_0_45,0.45
E143_6_604,6.604
E123_13_059,13.059000000000001
E89_8_105,8.105
E20_14_86,14.86
E146_7_355,7.355
E107_12_759,12.759
E9_1_351,1.351
E125_0_3,0.3
E17_13_059,13.059000000000001
E47_9_006,9.006
E143_11_258,11.258
E34_4_953,4.953
E10_2_852,2.852
E52_1_801,1.801
E44_1_951,1.9509999999999998
E145_6_154,6.154
E27_7_055,7.055
E81_7_205,7.205
E36_3_452,3.452
E119_4_353,4.353
E63_2_702,2.702
E21_1_201,1.2009999999999998
E106_4_203,4.203
E94_8_256,8.256
E94_1_501,1.501
E39_5_103,5.103
E28_3_302,3.302
E53_9_306,9.306000000000001
E75_4_203,4.203
E75_4_953,4.953
E70_3_002,3.002
E98_5_854,5.854
E112_14_86,14.86
E120_3_903,3.903
E79_12_458,12.458
E137_5_854,5.854
E74_9_006,9.006
E8_12_458,12.458
E108_3_152,3.1519999999999997
E40_0_0,0.0
E59_8_856,8.856
E64_10_957,10.957
E110_6_755,6.755
E63_0_0,0.0
E47_6_454,6.454
E91_7_355,7.355
E19_1_351,1.351
E47_14_71,14.71
E69_9_757,9.757
E30_11_708,11.708
E115_8_556,8.556000000000001
E26_5_254,5.254
E53_7_355,7.355
E97_8_856,8.856
E12_11_708,11.708
E132_4_953,4.953
E90_6_154,6.154
E124_0_6,0.6
E11_10_357,10.357000000000001
E106_6_304,6.303999999999999
E41_2_101,2.101
E146_10_057,10.057
E75_10_357,10.357000000000001
E125_13_209,13.209000000000001
E14_14_86,14.86
E87_14_71,14.71
E103_13_659,13.659
E126_4_053,4.053
E73_12_158,12.158
E126_7_955,7.955
E42_12_608,12.607999999999999
E29_1_651,1.651
E7_4_203,4.203
E70_13_209,13.209000000000001
E75_6_604,6.604
E40_7_805,7.805
E60_9_006,9.006
E14_7_655,7.655
E126_2_702,2.702
E33_6_004,6.004
E113_14_109,14.109000000000002
E92_11_258,11.258
E55_2_852,2.852
E62_2_402,2.4019999999999997
E133_9_456,9.456
E22_0_15,0.15
E136_13_659,13.659
E93_3_002,3.002
E61_5_554,5.553999999999999
E0_11_858,11.857999999999999
E67_0_3,0.3
E57_3_302,3.302
E29_10_357,10.357000000000001
E66_4_653,4.6530000000000005
E47_8_706,8.706
E90_10_057,10.057
E24_8_706,8.706
E73_0_45,0.45
E93_11_107,11.107000000000001
E20_5_404,5.404
E112_4_353,4.353
E21_14_71,14.71
E123_9_306,9.306000000000001
E85_0_0,0.0
E47_0_0,0.0
E65_10_357,10.357000000000001
E101_2_101,2.101
E81_2_702,2.702
E104_4_203,4.203
E70_7_955,7.955
E66_10_957,10.957
E86_10_357,10.357000000000001
E114_7_655,7.655
E106_13_209,13.209000000000001
E80_9_156,9.156
E88_1_351,1.351
E139_7_505,7.505
E1_2_702,2.702
E0_9_907,9.907
E86_5_404,5.404
E79_0_45,0.45
E19_3_452,3.452
E36_10_207,10.207
E8_11_258,11.258
E105_3_302,3.302
E145_11_858,11.857999999999999
E133_6_604,6.604
E81_10_807,10.807
E43_13_509,13.509
E78_12_608,12.607999999999999
E47_3_152,3.1519999999999997
E121_3_152,3.1519999999999997
E11_3_753,3.753
E61_12_759,12.759
E126_4_503,4.503
E76_5_704,5.704
E97_5_554,5.553999999999999
E126_14_56,14.56
E131_9_757,9.757
E48_6_454,6.454
E49_12_608,12.607999999999999
E106_7_505,7.505
E17_3_152,3.1519999999999997
E17_14_56,14.56
E61_8_406,8.406
E92_8_256,8.256
E127_11_858,11.857999999999999
E84_0_15,0.15
E81_1_351,1.351
E106_0_901,0.9009999999999999
E13_6_304,6.303999999999999
E137_7_355,7.355
E11_3_452,3.452
E116_7_955,7.955
E5_6_004,6.004
E107_13_659,13.659
E19_6_604,6.604
E95_3_602,3.602
E75_10_207,10.207
E103_4_053,4.053
E11_11_258,11.258
E12_2_402,2.4019999999999997
E76_1_651,1.651
E115_1_501,1.501
E24_1_801,1.801
E83_2_552,2.552
E121_4_353,4.353
E115_6_154,6.154
E23_13_509,13.509
E124_6_905,6.905
E83_7_055,7.055
E0_13_359,13.359000000000002
E4_0_901,0.9009999999999999
E145_0_0,0.0
E8_9_757,9.757
E127_12_158,12.158
E46_9_757,9.757
E29_5_704,5.704
E122_13_209,13.209000000000001
E116_4_953,4.953
E43_9_757,9.757
E79_11_107,11.107000000000001
E80_10_657,10.657
E33_8_706,8.706
E0_4_503,4.503
E73_6_454,6.454
E22_0_3,0.3
E144_4_503,4.503
E90_7_505,7.505
E9_13_359,13.359000000000002
E74_3_002,3.002
E136_2_852,2.852
E73_10_507,10.507
E108_6_154,6.154
E141_11_858,11.857999999999999
E11_10_507,10.507
E148_12_308,12.308
E137_10_657,10.657
E94_9_006,9.006
E144_9_306,9.306000000000001
E98_8_256,8.256
E77_13_659,13.659
E103_6_304,6.303999999999999
E21_9_156,9.156
E99_0_45,0.45
E14_6_304,6.303999999999999
E102_5_103,5.103
E53_14_26,14.26
E87_14_41,14.41
E142_11_858,11.857999999999999
E22_8_105,8.105
E87_11_107,11.107000000000001
E118_0_0,0.0
E99_14_26,14.26
E139_1_651,1.651
E132_1_501,1.501
E148_6_004,6.004
E18_3_903,3.903
E142_11_258,11.258
E48_12_458,12.458
E44_3_302,3.302
E48_12_008,12.008
E54_10_507,10.507
E50_10_957,10.957
E120_9_907,9.907
E52_11_258,11.258
E139_9_456,9.456
E149_9_456,9.456
E28_8_706,8.706
E70_13_659,13.659
E56_11_708,11.708
E135_4_803,4.803
E120_7_955,7.955
E43_14_109,14.109000000000002
E56_4_653,4.6530000000000005
E79_1_951,1.9509999999999998
E143_10_957,10.957
E13_13_209,13.209000000000001
E93_1_951,1.9509999999999998
E76_4_503,4.503
E126_10_957,10.957
E88_13_209,13.209000000000001
E49_12_158,12.158
E80_9_606,9.606
E144_10_357,10.357000000000001
E89_10_357,10.357000000000001
E72_6_905,6.905
E72_11_408,11.408
E126_5_554,5.553999999999999
E141_14_71,14.71
E84_6_905,6.905
E127_12_608,12.607999999999999
E29_13_659,13.659
E147_8_856,8.856
E48_12_909,12.909
E48_10_207,10.207
E44_6_154,6.154
E2_12_158,12.158
E43_8_556,8.556000000000001
E17_10_957,10.957
E19_13_509,13.509
E77_8_856,8.856
E81_9_757,9.757
E87_7_805,7.805
E54_4_803,4.803
E20_11_858,11.857999999999999
E128_5_103,5.103
E82_3_753,3.753
E74_0_6,0.6
E123_5_704,5.704
E30_6_154,6.154
E55_6_154,6.154
E88_4_353,4.353
E76_12_008,12.008
E90_5_404,5.404
E63_12_008,12.008
E26_1_801,1.801
E16_14_56,14.56
E148_6_604,6.604
E61_0_45,0.45
E114_6_154,6.154
E142_2_702,2.702
E36_6_304,6.303999999999999
E87_10_507,10.507
E21_6_454,6.454
E39_12_458,12.458
E84_9_006,9.006
E147_8_556,8.556000000000001
E93_7_355,7.355
E74_7_655,7.655
E26_3_002,3.002
E106_0_15,0.15
E130_1_951,1.9509999999999998
E64_11_258,11.258
E144_4_653,4.6530000000000005
E97_12_458,12.458
E134_5_254,5.254
E100_7_355,7.355
E114_1_201,1.2009999999999998
E24_4_653,4.6530000000000005
E116_14_86,14.86
E69_12_458,12.458
E123_3_903,3.903
E30_0_15,0.15
E38_9_456,9.456
E38_6_454,6.454
E26_0_901,0.9009999999999999
E127_10_507,10.507
E75_14_41,14.41
E51_13_959,13.959000000000001
E99_3_602,3.602
E41_1_351,1.351
E28_5_254,5.254
E123_6_755,6.755
E145_1_351,1.351
E148_6_905,6.905
E133_3_152,3.1519999999999997
E128_7_055,7.055
E75_1_651,1.651
E106_6_604,6.604
E106_10_957,10.957
E76_12_308,12.308
E80_6_905,6.905
E148_10_507,10.507
E90_3_152,3.1519999999999997
E67_10_957,10.957
E140_2_852,2.852
E142_3_302,3.302
E117_7_205,7.205
E82_0_3,0.3
E107_6_905,6.905
E78_11_107,11.107000000000001
E117_3_903,3.903
E74_12_608,12.607999999999999
E11_9_907,9.907
E90_5_554,5.553999999999999
E109_4_653,4.6530000000000005
E69_0_0,0.0
E103_4_353,4.353
E141_7_355,7.355
E57_5_854,5.854
E91_0_751,0.7509999999999999
E137_0_15,0.15
E126_0_901,0.9009999999999999
E133_13_509,13.509
E80_7_055,7.055
E45_10_807,10.807
E51_13_209,13.209000000000001
E113_7_355,7.355
E45_10_057,10.057
E14_5_254,5.254
E106_2_101,2.101
E33_3_152,3.1519999999999997
E15_7_355,7.355
E60_5_704,5.704
E87_13_059,13.059000000000001
E43_10_357,10.357000000000001
E105_14_109,14.109000000000002
E126_3_602,3.602
E79_11_708,11.708
E138_6_604,6.604
E90_11_708,11.708
E102_6_154,6.154
E60_11_708,11.708
E78_12_008,12.008
E87_9_907,9.907
E144_7_055,7.055
E63_0_6,0.6
E138_0_3,0.3
E6_5_554,5.553999999999999
E3_12_608,12.607999999999999
E141_12_008,12.008
E0_6_905,6.905
E70_5_404,5.404
E100_14_56,14.56
E75_13_059,13.059000000000001
E29_3_602,3.602
E114_0_6,0.6
E7_8_856,8.856
E131_9_606,9.606
E99_1_051,1.051
E5_3_152,3.1519999999999997
E33_2_402,2.4019999999999997
E31_4_653,4.6530000000000005
E8_2_252,2.252
E110_3_602,3.602
E144_8_556,8.556000000000001
E131_0_45,0.45
E135_12_608,12.607999999999999
E41_0_6,0.6
E56_5_404,5.404
E7_7_055,7.055
E58_6_905,6.905
E21_14_86,14.86
E109_7_355,7.355
E19_1_051,1.051
E103_12_308,12.308
E29_10_507,10.507
E112_12_458,12.458
E143_13_209,13.209000000000001
E36_11_558,11.558
E31_9_156,9.156
E92_12_759,12.759
E15_4_353,4.353
E104_11_708,11.708
E65_12_308,12.308
E88_0_901,0.9009999999999999
E104_9_006,9.006
E138_14_41,14.41
E7_5_254,5.254
E144_7_505,7.505
E104_11_558,11.558
E55_5_404,5.404
E148_4_953,4.953
E99_14_56,14.56
E60_9_907,9.907
E116_9_456,9.456
E132_5_404,5.404
E47_12_909,12.909
E138_9_006,9.006
E94_13_059,13.059000000000001
E144_6_004,6.004
E145_3_452,3.452
E133_7_655,7.655
E62_4_953,4.953
E48_5_554,5.553999999999999
E135_6_905,6.905
E96_12_909,12.909
E71_11_408,11.408
E122_3_903,3.903
E87_0_3,0.3
E88_9_306,9.306000000000001
E15_0_0,0.0
E123_0_3,0.3
E124_4_203,4.203
E86_0_6,0.6
E115_3_152,3.1519999999999997
E48_13_059,13.059000000000001
E54_8_105,8.105
E39_13_659,13.659
E31_12_308,12.308
E65_1_951,1.9509999999999998
E96_1_201,1.2009999999999998
E144_3_602,3.602
E9_13_509,13.509
E120_10_057,10.057
E73_3_753,3.753
E49_10_957,10.957
E10_3_903,3.903
E3_3_753,3.753
E33_7_355,7.355
E66_0_3,0.3
E103_1_201,1.2009999999999998
E8_1_801,1.801
E149_5_103,5.103
E93_8_856,8.856
E123_8_706,8.706
E99_5_103,5.103
E55_5_554,5.553999999999999
E8_10_357,10.357000000000001
E136_13_509,13.509
E14_0_901,0.9009999999999999
E59_4_653,4.6530000000000005
E133_9_907,9.907
E61_1_501,1.501
E16_5_704,5.704
E36_5_704,5.704
E27_5_404,5.404
E89_0_15,0.15
E106_7_355,7.355
E88_8_706,8.706
E109_4_053,4.053
E115_5_103,5.103
E22_5_554,5.553999999999999
E66_5_554,5.553999999999999
E139_13_359,13.359000000000002
E133_9_757,9.757
E139_10_807,10.807
E76_2_252,2.252
E81_10_957,10.957
E55_7_955,7.955
E12_12_308,12.308
E95_3_753,3.753
E127_2_252,2.252
E50_13_959,13.959000000000001
E81_8_256,8.256
E119_4_053,4.053
E117_5_854,5.854
E71_11_258,11.258
E106_2_252,2.252
E76_7_205,7.205
E76_2_402,2.4019999999999997
E108_5_704,5.704
E97_1_051,1.051
E31_7_655,7.655
E133_2_252,2.252
E33_7_655,7.655
E109_7_505,7.505
E143_14_86,14.86
E122_14_41,14.41
E11_11_708,11.708
E9_6_154,6.154
E135_14_86,14.86
E27_12_458,12.458
E39_11_558,11.558
E119_3_753,3.753
E4_6_905,6.905
E1_11_708,11.708
E5_10_657,10.657
E92_0_45,0.45
E84_3_452,3.452
E128_6_154,6.154
E18_4_353,4.353
E101_12_608,12.607999999999999
E59_3_152,3.1519999999999997
E8_11_558,11.558
E136_3_452,3.452
E121_7_055,7.055
E127_5_704,5.704
E75_10_657,10.657
E64_9_907,9.907
E25_8_105,8.105
E96_5_854,5.854
E97_5_404,5.404
E146_11_107,11.107000000000001
E137_1_201,1.2009999999999998
E47_0_901,0.9009999999999999
E21_11_708,11.708
E26_7_055,7.055
E110_4_653,4.6530000000000005
E10_0_3,0.3
E30_7_955,7.955
E107_8_406,8.406
E37_5_254,5.254
E50_1_201,1.2009999999999998
E118_8_856,8.856
E136_2_402,2.4019999999999997
E33_13_509,13.509
E90_6_304,6.303999999999999
E47_9_306,9.306000000000001
E130_8_406,8.406
E137_8_706,8.706
E3_2_852,2.852
E52_1_651,1.651
E109_6_604,6.604
E10_9_456,9.456
E48_9_006,9.006
E34_12_909,12.909
E1_14_56,14.56
E68_14_56,14.56
E30_1_351,1.351
E107_14_41,14.41
E48_10_657,10.657
E81_5_103,5.103
E90_1_651,1.651
E83_7_505,7.505
E13_13_659,13.659
E142_11_107,11.107000000000001
E1_10_807,10.807
E92_8_856,8.856
E140_6_454,6.454
E113_2_552,2.552
E58_6_004,6.004
E21_6_755,6.755
E129_13_359,13.359000000000002
E36_14_26,14.26
E24_0_0,0.0
E65_2_702,2.702
E77_3_452,3.452
E37_7_655,7.655
E91_7_055,7.055
E28_6_004,6.004
E125_6_154,6.154
E81_0_901,0.9009999999999999
E138_4_803,4.803
E30_5_854,5.854
E26_5_103,5.103
E116_9_907,9.907
E131_8_406,8.406
E71_12_158,12.158
E2_6_755,6.755
E31_0_45,0.45
E89_11_708,11.708
E43_7_805,7.805
E86_0_15,0.15
E35_9_456,9.456
E7_6_604,6.604
E5_0_751,0.7509999999999999
E60_10_357,10.357000000000001
E10_14_41,14.41
E12_8_556,8.556000000000001
E3_8_556,8.556000000000001
E142_9_907,9.907
E78_5_103,5.103
E34_7_505,7.505
E10_14_109,14.109000000000002
E101_13_509,13.509
E13_2_552,2.552
E49_8_256,8.256
E45_12_909,12.909
E124_7_205,7.205
E15_4_953,4.953
E146_0_45,0.45
E146_0_3,0.3
E42_6_905,6.905
E42_13_209,13.209000000000001
E20_8_105,8.105
E128_6_604,6.604
E115_8_406,8.406
E89_13_509,13.509
E13_10_657,10.657
E120_13_959,13.959000000000001
E80_7_205,7.205
E1_7_655,7.655
E57_13_959,13.959000000000001
E118_10_657,10.657
E121_11_708,11.708
E106_4_803,4.803
E1_7_055,7.055
E110_9_456,9.456
E20_12_008,12.008
E109_5_254,5.254
E48_13_209,13.209000000000001
E56_10_807,10.807
E94_0_751,0.7509999999999999
E110_5_254,5.254
E143_10_057,10.057
E99_13_359,13.359000000000002
E92_3_152,3.1519999999999997
E137_1_501,1.501
E2_8_256,8.256
E95_14_86,14.86
E97_7_055,7.055
E112_5_854,5.854
E9_3_452,3.452
E40_10_057,10.057
E42_7_355,7.355
E114_5_103,5.103
E72_9_456,9.456
E34_6_004,6.004
E147_12_909,12.909
E124_2_402,2.4019999999999997
E139_7_355,7.355
E9_5_103,5.103
E44_7_355,7.355
E41_3_002,3.002
E57_11_107,11.107000000000001
E123_14_86,14.86
E94_8_556,8.556000000000001
E93_2_402,2.4019999999999997
E112_14_41,14.41
E132_10_357,10.357000000000001
E62_11_107,11.107000000000001
E98_1_201,1.2009999999999998
E34_1_951,1.9509999999999998
E112_2_101,2.101
E55_5_854,5.854
E58_10_357,10.357000000000001
E65_4_353,4.353
E134_13_509,13.509
E134_6_004,6.004
E133_11_107,11.107000000000001
E2_4_503,4.503
E148_6_304,6.303999999999999
E69_12_608,12.607999999999999
E22_8_706,8.706
E96_4_203,4.203
E42_10_957,10.957
E140_3_753,3.753
E59_11_558,11.558
E136_13_959,13.959000000000001
E109_6_755,6.755
E6_10_057,10.057
E148_11_708,11.708
E42_11_408,11.408
E141_4_203,4.203
E22_13_959,13.959000000000001
E85_10_957,10.957
E112_10_657,10.657
E14_0_3,0.3
E77_6_604,6.604
E122_11_107,11.107000000000001
E49_9_907,9.907
E106_5_404,5.404
E95_0_0,0.0
E8_13_209,13.209000000000001
E65_2_402,2.4019999999999997
E118_11_558,11.558
E62_14_109,14.109000000000002
E143_6_304,6.303999999999999
E141_13_959,13.959000000000001
E87_1_201,1.2009999999999998
E25_10_657,10.657
E145_7_205,7.205
E104_10_957,10.957
E76_3_903,3.903
E123_2_101,2.101
E71_1_051,1.051
E20_0_751,0.7509999999999999
E8_1_951,1.9509999999999998
E93_10_207,10.207
E120_1_951,1.9509999999999998
E114_13_509,13.509
E4_2_402,2.4019999999999997
E145_13_359,13.359000000000002
E131_0_751,0.7509999999999999
E12_7_205,7.205
E40_9_156,9.156
E36_13_359,13.359000000000002
E83_14_56,14.56
E119_12_158,12.158
E109_10_357,10.357000000000001
E147_0_45,0.45
E91_1_051,1.051
E148_0_6,0.6
E52_5_854,5.854
E116_6_454,6.454
E128_1_801,1.801
E80_9_006,9.006
E63_6_004,6.004
E75_8_105,8.105
E8_7_955,7.955
E119_7_205,7.205
E41_2_852,2.852
E96_10_657,10.657
E79_3_602,3.602
E66_10_657,10.657
E0_14_71,14.71
E3_3_152,3.1519999999999997
E5_0_0,0.0
E47_2_101,2.101
E123_5_854,5.854
E84_3_152,3.1519999999999997
E127_11_408,11.408
E122_10_057,10.057
E141_13_659,13.659
E50_9_456,9.456
E136_1_201,1.2009999999999998
E129_0_3,0.3
E115_1_801,1.801
E11_4_053,4.053
E108_1_051,1.051
E132_5_254,5.254
E34_11_258,11.258
E45_5_103,5.103
E126_3_903,3.903
E21_3_753,3.753
E6_7_505,7.505
E130_1_501,1.501
E64_7_205,7.205
E149_12_008,12.008
E0_8_406,8.406
E88_0_15,0.15
E4_14_56,14.56
E39_7_505,7.505
E51_11_708,11.708
E66_5_854,5.854
E69_2_552,2.552
E86_8_556,8.556000000000001
E1_10_507,10.507
E56_13_959,13.959000000000001
E62_5_254,5.254
E25_10_057,10.057
E58_10_507,10.507
E74_6_304,6.303999999999999
E131_3_903,3.903
E12_5_554,5.553999999999999
E16_14_86,14.86
E19_7_205,7.205
E97_2_852,2.852
E133_2_852,2.852
E48_7_205,7.205
E127_4_953,4.953
E90_11_858,11.857999999999999
E95_4_953,4.953
E128_7_955,7.955
E15_9_006,9.006
E45_10_657,10.657
E28_1_501,1.501
E121_10_207,10.207
E0_0_901,0.9009999999999999
E132_14_41,14.41
E11_13_509,13.509
E13_5_254,5.254
E104_7_205,7.205
E132_1_951,1.9509999999999998
E37_2_252,2.252
E31_9_757,9.757
E58_1_651,1.651
E49_3_753,3.753
E73_6_154,6.154
E14_11_708,11.708
E64_0_45,0.45
E124_4_503,4.503
E75_9_907,9.907
E127_3_753,3.753
E141_10_807,10.807
E118_14_56,14.56
E118_7_355,7.355
E129_7_055,7.055
E55_13_659,13.659
E142_9_156,9.156
E102_0_45,0.45
E96_3_602,3.602
E89_6_604,6.604
E64_7_505,7.505
E75_8_706,8.706
E41_12_458,12.458
E96_9_006,9.006
E99_11_258,11.258
E12_5_254,5.254
E37_10_957,10.957
E137_6_004,6.004
E103_14_56,14.56
E122_12_759,12.759
E121_11_107,11.107000000000001
E116_4_503,4.503
E116_11_858,11.857999999999999
E56_6_304,6.303999999999999
E39_10_057,10.057
E33_11_107,11.107000000000001
E103_9_156,9.156
E107_12_909,12.909
E132_3_602,3.602
E4_4_053,4.053
E68_10_207,10.207
E24_14_86,14.86
E77_13_509,13.509
E109_1_351,1.351
E54_6_454,6.454
E27_10_357,10.357000000000001
E25_3_452,3.452
E3_9_156,9.156
E17_11_408,11.408
E92_3_753,3.753
E29_8_406,8.406
E60_10_507,10.507
E51_7_655,7.655
E115_0_751,0.7509999999999999
E96_1_051,1.051
E57_14_56,14.56
E47_10_957,10.957
E112_6_905,6.905
E59_2_402,2.4019999999999997
E63_4_653,4.6530000000000005
E57_12_308,12.308
E86_4_953,4.953
E5_12_158,12.158
E53_3_903,3.903
E67_7_055,7.055
E18_10_807,10.807
E84_10_957,10.957
E50_2_101,2.101
E145_10_507,10.507
E89_0_45,0.45
E39_0_901,0.9009999999999999
E98_3_002,3.002
E46_7_355,7.355
E144_4_953,4.953
E100_9_156,9.156
E145_11_408,11.408
E136_13_809,13.809000000000001
E35_12_158,12.158
E13_9_006,9.006
E41_11_107,11.107000000000001
E133_13_659,13.659
E146_7_955,7.955
E79_2_402,2.4019999999999997
E26_7_805,7.805
E70_9_907,9.907
E4_5_404,5.404
E56_12_158,12.158
E69_10_357,10.357000000000001
E52_13_359,13.359000000000002
E28_13_059,13.059000000000001
E90_8_856,8.856
E16_8_406,8.406
E18_13_209,13.209000000000001
E101_9_757,9.757
E115_3_753,3.753
E93_0_901,0.9009999999999999
E17_9_757,9.757
E41_4_653,4.6530000000000005
E36_10_957,10.957
E131_6_454,6.454
E2_9_006,9.006
E93_8_556,8.556000000000001
E53_12_759,12.759
E80_12_308,12.308
E108_5_103,5.103
E35_2_101,2.101
E138_7_805,7.805
E15_7_505,7.505
E140_2_702,2.702
E128_4_653,4.6530000000000005
E125_6_304,6.303999999999999
E71_6_454,6.454
E142_0_45,0.45
E74_12_759,12.759
E54_14_26,14.26
E70_12_158,12.158
E60_8_406,8.406
E77_4_053,4.053
E75_7_655,7.655
E125_2_101,2.101
E70_5_103,5.103
E22_4_803,4.803
E26_0_6,0.6
E20_10_207,10.207
E23_14_41,14.41
E44_0_3,0.3
E38_3_452,3.452
E114_6_905,6.905
E110_0_6,0.6
E55_7_505,7.505
E30_12_759,12.759
E53_3_152,3.1519999999999997
E69_8_706,8.706
E47_3_753,3.753
E25_1_201,1.2009999999999998
E70_12_008,12.008
E62_1_951,1.9509999999999998
E137_0_751,0.7509999999999999
E27_7_205,7.205
E59_6_755,6.755
E84_1_951,1.9509999999999998
E15_12_608,12.607999999999999
E126_10_057,10.057
E18_13_959,13.959000000000001
E3_7_655,7.655
E146_9_156,9.156
E100_10_057,10.057
E49_7_805,7.805
E134_13_059,13.059000000000001
E100_6_154,6.154
E32_12_759,12.759
E81_4_803,4.803
E119_3_152,3.1519999999999997
E23_12_759,12.759
E103_10_957,10.957
E108_2_101,2.101
E17_9_456,9.456
E57_3_002,3.002
E146_5_554,5.553999999999999
E45_5_404,5.404
E118_9_907,9.907
E124_2_852,2.852
E56_11_408,11.408
E136_7_655,7.655
E74_0_15,0.15
E80_14_41,14.41
E86_3_753,3.753
E104_12_458,12.458
E147_11_258,11.258
E130_6_304,6.303999999999999
E35_9_006,9.006
E21_8_105,8.105
E62_9_606,9.606
E19_5_404,5.404
E133_10_057,10.057
E133_4_653,4.6530000000000005
E91_6_755,6.755
E90_9_757,9.757
E121_5_103,5.103
E138_0_15,0.15
E58_8_406,8.406
E77_14_71,14.71
E141_4_353,4.353
E95_0_15,0.15
E3_10_207,10.207
E101_3_002,3.002
E51_14_109,14.109000000000002
E125_3_152,3.1519999999999997
E27_6_004,6.004
E12_3_002,3.002
E130_5_103,5.103
E30_6_905,6.905
E24_1_051,1.051
E126_13_209,13.209000000000001
E49_10_357,10.357000000000001
E57_7_055,7.055
E149_4_953,4.953
E58_4_653,4.6530000000000005
E83_4_503,4.503
E99_0_15,0.15
E127_3_002,3.002
E112_1_351,1.351
E24_9_606,9.606
E0_3_152,3.1519999999999997
E141_13_059,13.059000000000001
E23_6_604,6.604
E74_8_256,8.256
E38_9_006,9.006
E106_3_602,3.602
E2_1_201,1.2009999999999998
E73_7_955,7.955
E64_2_702,2.702
E136_4_503,4.503
E129_0_6,0.6
E102_4_203,4.203
E4_1_201,1.2009999999999998
E84_1_501,1.501
E45_6_154,6.154
E113_5_404,5.404
E45_13_809,13.809000000000001
E18_9_156,9.156
E89_7_655,7.655
E119_3_903,3.903
E55_9_456,9.456
E21_8_406,8.406
E64_14_71,14.71
E24_12_308,12.308
E48_14_71,14.71
E149_10_057,10.057
E140_3_002,3.002
E143_2_702,2.702
E60_2_252,2.252
E45_10_207,10.207
E116_10_057,10.057
E67_5_854,5.854
E18_2_252,2.252
E51_12_008,12.008
E46_10_807,10.807
E49_6_154,6.154
E32_5_103,5.103
E135_13_359,13.359000000000002
E30_1_201,1.2009999999999998
E29_10_057,10.057
E149_0_0,0.0
E117_6_905,6.905
E30_3_152,3.1519999999999997
E48_0_901,0.9009999999999999
E60_9_156,9.156
E111_8_706,8.706
E31_5_554,5.553999999999999
E144_3_002,3.002
E99_12_308,12.308
E89_9_456,9.456
E130_8_105,8.105
E74_7_355,7.355
E79_12_608,12.607999999999999
E64_11_408,11.408
E114_7_355,7.355
E115_14_86,14.86
E93_4_803,4.803
E137_3_903,3.903
E139_10_207,10.207
E108_14_109,14.109000000000002
E143_4_803,4.803
E119_13_809,13.809000000000001
E45_0_15,0.15
E0_2_101,2.101
E85_6_454,6.454
E32_8_406,8.406
E41_0_901,0.9009999999999999
E42_6_604,6.604
E106_13_359,13.359000000000002
E24_9_757,9.757
E132_10_957,10.957
E61_3_002,3.002
E11_4_803,4.803
E56_4_203,4.203
E19_6_454,6.454
E56_4_053,4.053
E91_13_059,13.059000000000001
E49_10_207,10.207
E144_8_105,8.105
E124_0_901,0.9009999999999999
E136_12_759,12.759
E73_8_406,8.406
E33_1_801,1.801
E138_3_002,3.002
E131_7_055,7.055
E116_9_606,9.606
E35_6_154,6.154
E95_4_503,4.503
E18_5_554,5.553999999999999
E17_6_154,6.154
E51_6_604,6.604
E21_13_659,13.659
E109_3_602,3.602
E36_12_909,12.909
E102_8_556,8.556000000000001
E129_3_302,3.302
E123_11_408,11.408
E130_9_006,9.006
E14_0_751,0.7509999999999999
E45_14_109,14.109000000000002
E77_6_304,6.303999999999999
E93_9_907,9.907
E18_1_351,1.351
E125_7_355,7.355
E122_7_355,7.355
E120_11_558,11.558
E61_12_608,12.607999999999999
E79_2_552,2.552
E46_4_653,4.6530000000000005
E38_3_302,3.302
E75_3_602,3.602
E140_7_355,7.355
E47_2_402,2.4019999999999997
E114_11_558,11.558
E18_1_051,1.051
E107_4_203,4.203
E23_6_454,6.454
E22_9_456,9.456
E17_9_306,9.306000000000001
E51_6_905,6.905
E140_14_71,14.71
E144_1_801,1.801
E107_4_353,4.353
E145_5_254,5.254
E93_13_509,13.509
E96_9_757,9.757
E107_6_154,6.154
E60_3_002,3.002
E5_5_254,5.254
E16_4_503,4.503
E131_8_256,8.256
E118_11_258,11.258
E52_13_509,13.509
E66_11_858,11.857999999999999
E16_13_059,13.059000000000001
E137_0_901,0.9009999999999999
E38_4_803,4.803
E27_14_109,14.109000000000002
E85_2_402,2.4019999999999997
E132_9_757,9.757
E104_11_858,11.857999999999999
E131_13_959,13.959000000000001
E77_2_402,2.4019999999999997
E132_9_006,9.006
E111_9_757,9.757
E145_6_004,6.004
E21_12_158,12.158
E101_14_109,14.109000000000002
E64_13_359,13.359000000000002
E23_7_955,7.955
E122_10_507,10.507
E35_2_402,2.4019999999999997
E44_13_059,13.059000000000001
E137_13_059,13.059000000000001
E140_3_602,3.602
E86_2_702,2.702
E129_9_907,9.907
E122_1_651,1.651
E122_13_509,13.509
E88_11_558,11.558
E71_2_552,2.552
E1_7_955,7.955
E27_3_002,3.002
E84_13_809,13.809000000000001
E44_0_6,0.6
E38_10_807,10.807
E52_14_56,14.56
E116_9_306,9.306000000000001
E137_0_0,0.0
E95_12_909,12.909
E6_3_002,3.002
E31_6_604,6.604
E70_5_854,5.854
E122_6_755,6.755
E47_6_154,6.154
E133_10_357,10.357000000000001
E22_4_953,4.953
E10_3_753,3.753
E84_5_854,5.854
E50_4_803,4.803
E21_0_3,0.3
E86_6_604,6.604
E8_8_256,8.256
E31_5_704,5.704
E121_14_86,14.86
E74_11_558,11.558
E14_1_801,1.801
E79_2_852,2.852
E90_1_201,1.2009999999999998
E149_8_706,8.706
E24_6_604,6.604
E105_6_004,6.004
E64_14_56,14.56
E33_14_26,14.26
E26_11_258,11.258
E43_0_45,0.45
E56_6_154,6.154
E101_9_306,9.306000000000001
E133_13_209,13.209000000000001
E31_8_406,8.406
E67_12_158,12.158
E93_0_751,0.7509999999999999
E32_8_105,8.105
E142_13_359,13.359000000000002
E37_1_201,1.2009999999999998
E77_5_854,5.854
E117_4_353,4.353
E12_13_209,13.209000000000001
E112_7_955,7.955
E90_14_71,14.71
E149_11_558,11.558
E99_11_408,11.408
E131_14_109,14.109000000000002
E109_14_86,14.86
E86_12_608,12.607999999999999
E48_1_051,1.051
E145_5_854,5.854
E134_0_45,0.45
E136_2_101,2.101
E82_8_105,8.105
E53_0_751,0.7509999999999999
E83_14_26,14.26
E123_2_702,2.702
E47_10_807,10.807
E55_3_302,3.302
E90_4_053,4.053
E119_5_704,5.704
E34_11_708,11.708
E95_13_359,13.359000000000002
E31_4_353,4.353
E65_6_905,6.905
E9_9_306,9.306000000000001
E101_6_905,6.905
E88_14_56,14.56
E3_7_505,7.505
E131_9_156,9.156
E4_5_854,5.854
E29_5_554,5.553999999999999
E71_7_355,7.355
E138_3_903,3.903
E138_3_152,3.1519999999999997
E104_8_706,8.706
E142_0_901,0.9009999999999999
E49_7_055,7.055
E53_5_103,5.103
E17_4_203,4.203
E25_8_556,8.556000000000001
E31_7_505,7.505
E140_9_006,9.006
E50_8_256,8.256
E53_10_657,10.657
E42_9_156,9.156
E14_8_556,8.556000000000001
E45_1_501,1.501
E2_4_653,4.6530000000000005
E69_9_156,9.156
E114_12_759,12.759
E101_12_308,12.308
E134_9_757,9.757
E16_12_308,12.308
E66_3_753,3.753
E109_5_554,5.553999999999999
E89_6_905,6.905
E135_13_509,13.509
E33_5_404,5.404
E8_5_404,5.404
E27_10_807,10.807
E104_4_053,4.053
E94_0_6,0.6
E83_12_759,12.759
E101_8_706,8.706
E146_0_15,0.15
E34_6_755,6.755
E127_12_458,12.458
E61_3_753,3.753
E44_1_051,1.051
E28_2_101,2.101
E117_2_252,2.252
E47_3_903,3.903
E21_9_606,9.606
E148_8_256,8.256
E89_5_704,5.704
E24_0_45,0.45
E76_10_507,10.507
E40_10_207,10.207
E10_1_051,1.051
E137_3_302,3.302
E10_13_659,13.659
E113_1_951,1.9509999999999998
E133_3_903,3.903
E25_14_41,14.41
E141_5_404,5.404
E146_14_41,14.41
E132_6_004,6.004
E2_7_505,7.505
E99_4_803,4.803
E5_3_452,3.452
E37_6_454,6.454
E1_10_357,10.357000000000001
E20_4_203,4.203
E87_0_751,0.7509999999999999
E49_11_708,11.708
E143_4_653,4.6530000000000005
E133_13_059,13.059000000000001
E65_8_706,8.706
E107_6_304,6.303999999999999
E0_5_404,5.404
E130_0_751,0.7509999999999999
E51_1_501,1.501
E121_14_109,14.109000000000002
E95_2_552,2.552
E10_12_158,12.158
E105_2_852,2.852
E146_10_957,10.957
E86_10_207,10.207
E104_12_008,12.008
E72_4_503,4.503
E132_3_302,3.302
E57_12_759,12.759
E134_13_959,13.959000000000001
E49_10_657,10.657
E108_4_053,4.053
E96_13_359,13.359000000000002
E112_2_702,2.702
E12_6_604,6.604
E125_7_205,7.205
E94_1_951,1.9509999999999998
E137_6_454,6.454
E52_5_103,5.103
E115_10_207,10.207
E116_10_807,10.807
E8_13_359,13.359000000000002
E135_12_759,12.759
E103_5_854,5.854
E113_5_254,5.254
E26_1_201,1.2009999999999998
E94_13_509,13.509
E64_3_152,3.1519999999999997
E3_11_408,11.408
E132_5_854,5.854
E58_12_759,12.759
E38_2_702,2.702
E95_6_154,6.154
E50_8_406,8.406
E40_9_606,9.606
E79_3_152,3.1519999999999997
E101_5_254,5.254
E3_14_56,14.56
E32_4_503,4.503
E115_12_909,12.909
E3_7_055,7.055
E44_7_055,7.055
E30_11_858,11.857999999999999
E127_7_955,7.955
E135_6_004,6.004
E111_5_404,5.404
E118_0_3,0.3
E17_12_158,12.158
E39_2_702,2.702
E82_11_558,11.558
E40_6_755,6.755
E42_6_304,6.303999999999999
E85_11_408,11.408
E82_6_004,6.004
E125_10_807,10.807
E147_1_051,1.051
E73_4_953,4.953
E66_0_15,0.15
E49_14_26,14.26
E38_9_757,9.757
E30_8_856,8.856
E109_13_059,13.059000000000001
E50_13_209,13.209000000000001
E58_11_558,11.558
E75_14_56,14.56
E73_4_053,4.053
E52_1_051,1.051
E64_9_006,9.006
E57_14_26,14.26
E37_0_45,0.45
E120_2_101,2.101
E122_6_604,6.604
E139_7_205,7.205
E42_12_909,12.909
E44_3_753,3.753
E62_13_959,13.959000000000001
E5_1_201,1.2009999999999998
E8_10_057,10.057
E133_13_809,13.809000000000001
E134_4_203,4.203
E80_1_351,1.351
E96_8_256,8.256
E21_4_803,4.803
E79_9_907,9.907
E58_2_101,2.101
E92_5_254,5.254
E97_0_901,0.9009999999999999
E97_8_406,8.406
E112_4_803,4.803
E65_13_059,13.059000000000001
E28_6_755,6.755
E112_1_951,1.9509999999999998
E101_12_008,12.008
E17_4_653,4.6530000000000005
E116_8_105,8.105
E55_5_254,5.254
E69_2_852,2.852
E118_10_807,10.807
E131_3_452,3.452
E40_6_454,6.454
E117_6_304,6.303999999999999
E23_2_101,2.101
E95_14_41,14.41
E21_6_004,6.004
E23_4_203,4.203
E1_0_3,0.3
E95_12_458,12.458
E3_2_252,2.252
E141_6_304,6.303999999999999
E96_9_156,9.156
E82_13_959,13.959000000000001
E75_9_306,9.306000000000001
E64_3_002,3.002
E140_12_909,12.909
E111_11_708,11.708
E26_7_205,7.205
E129_14_109,14.109000000000002
E35_5_854,5.854
E54_12_008,12.008
E86_9_606,9.606
E140_9_757,9.757
E141_9_156,9.156
E10_5_854,5.854
E50_0_6,0.6
E86_12_308,12.308
E52_1_501,1.501
E49_5_103,5.103
E40_5_554,5.553999999999999
E55_6_604,6.604
E123_9_757,9.757
E129_2_702,2.702
E1_1_951,1.9509999999999998
E34_3_903,3.903
E20_9_606,9.606
E91_3_302,3.302
E137_10_057,10.057
E84_14_26,14.26
E17_0_0,0.0
E138_4_653,4.6530000000000005
E62_3_903,3.903
E45_1_951,1.9509999999999998
E67_10_657,10.657
E44_11_258,11.258
E86_12_008,12.008
E87_9_156,9.156
E50_8_105,8.105
E52_10_207,10.207
E122_7_955,7.955
E97_3_002,3.002
E142_4_953,4.953
E27_4_953,4.953
E35_14_71,14.71
E149_11_107,11.107000000000001
E122_12_608,12.607999999999999
E17_4_503,4.503
E99_2_702,2.702
E64_0_901,0.9009999999999999
E25_4_953,4.953
E61_4_203,4.203
E113_3_903,3.903
E8_3_002,3.002
E34_5_103,5.103
E40_1_501,1.501
E25_9_907,9.907
E116_12_759,12.759
E16_9_456,9.456
E41_13_059,13.059000000000001
E128_4_203,4.203
E123_8_856,8.856
E147_10_957,10.957
E145_1_501,1.501
E72_1_501,1.501
E72_4_653,4.6530000000000005
E135_5_554,5.553999999999999
E136_6_905,6.905
E115_1_051,1.051
E11_1_951,1.9509999999999998
E37_6_755,6.755
E23_11_558,11.558
E123_4_053,4.053
E121_4_653,4.6530000000000005
E51_10_057,10.057
E79_13_359,13.359000000000002
E101_1_801,1.801
E107_3_903,3.903
E56_12_759,12.759
E2_6_604,6.604
E93_1_201,1.2009999999999998
E124_9_456,9.456
E96_14_109,14.109000000000002
E137_5_554,5.553999999999999
E120_3_753,3.753
E142_6_304,6.303999999999999
E142_2_402,2.4019999999999997
E28_2_402,2.4019999999999997
E70_13_959,13.959000000000001
E72_2_702,2.702
E138_13_209,13.209000000000001
E74_4_653,4.6530000000000005
E114_3_452,3.452
E139_0_45,0.45
E4_14_86,14.86
E58_0_0,0.0
E84_7_655,7.655
E3_5_254,5.254
E84_5_554,5.553999999999999
E82_10_057,10.057
E100_2_252,2.252
